2459310940	01	https://00.img.avito.st/image/1/1.gsZtxbawLi9bcqwiZZvWuXxlLC_dbCYl2w.3VCoPVGZ_YDC4zJ7opupCQwKaF4-ewKeN3YeixZeq4c
2459310940	02	https://00.img.avito.st/image/1/1.hg5rb7awKudd2Kjqay2GdnrPKOfbxiLt3Q.77s7uJSkFFgVUoWe3JkU_5eOTA1F5k3YQ_qvAbDGEfk
2459310940	03	https://00.img.avito.st/image/1/1.0119OLawf7RLj_25Vx-GImyYfbTNkXe-yw._167eFI_V94VsxVQCuozWt4yzHaDTM6yvzTameM7bTI
2459310940	04	https://00.img.avito.st/image/1/1.jByd1bawIPWrYqL4iauFY4x1IvUtfCj_Kw.L6ZLOklllmAmUHVhoJoV4Ec8vvo-hRnFsdoCInyw9Uo
2459310940	05	https://00.img.avito.st/image/1/1.OJL0VLawlHvC4xZ2iCx36OX0lntE_ZxxQg.-s664xU4MdUbnXr4hr-WLvmC8fqXqBtS4DhiELVUdcs
2459310940	06	https://00.img.avito.st/image/1/1.ljvOfrawOtL4ybjf7kjyQt_eONJ-1zLYeA.iLxnOl4rzHDIHU0e_XPPrCu5hfBgLRR4aYI6oZj5ZSg
2459310940	07	https://00.img.avito.st/image/1/1.mjaqrrawNt-cGbTSkvjzT7sONN8aBz7VHA.ItGeuqxeTdUb2dQb-1EpKwgm5yfcjM0GQShjP5TyPy4
2459310940	08	https://00.img.avito.st/image/1/1.b1DOBraww7n4sUG0nBtqL9-mwbl-r8uzeA.jbCHqQGMJHDvPtJzSB_oJokIAs75CXsLKZ_HbrTlQP4
2459310940	09	https://00.img.avito.st/image/1/1.8FzFfrawXLXzyd64qXHsJNTeXrV111S_cw.JRUxrJcCLQXPH7MH3YlYxzESn60LpEPZ8RJVj5kI988
2459310940	10	https://00.img.avito.st/image/1/1.5QZPZbawSe950sviCVL7eV7FS-__zEHl-Q.VHS4X_L6zkebcz2NarePKJzj6QiszdSpspBnq-dJCkA
4122584754	01	https://00.img.avito.st/image/1/1.4ja5PrawTt-PiczS8Q2CT6ieTN8Jl0bVDw.boRe-KSbY8Bclvj6hmesQhT0DOKr8FM8_PIvXJXidBo
4122584754	02	https://00.img.avito.st/image/1/1.y16cGLawZ7eqr-W6hhvmII24ZbcssW-9Kg.uoDF8AnzMZ4U4PHgydG6FLplUQ8L5TZJpFJASlG1uBs
4122584754	03	https://00.img.avito.st/image/1/1.e3APX7aw15k56FWUdRpjCB7_1Zm_9t-TuQ.2T9ZFstOtz_cED0GV_jxKjowv831NSuMG4hK4ZV_Hco
4122584754	04	https://00.img.avito.st/image/1/1.d_ilvraw2xGTCVkcx9NcxP4f2REVF9MbEw.0Nv41RYhh-03fWC8GuJ0qLT5M6She_4_4DSQtaqbYbo
4122584754	05	https://00.img.avito.st/image/1/1.kb7ybrawPVfE2b9a3BCjg6nPP1dCxzVdRA.6x7FTlK4Qya0bRKNSjaw8ajRhpWwfXr4dzGA5jxuHss
4122584754	06	https://00.img.avito.st/image/1/1.4SsvZ7awTcIZ0M_PYXyPF3TGT8KfzkXImQ.T1We_KZPM4jPJ5oiDRPLiH0dr7PF2_ppWBeD6L5Xa7E
4122584754	07	https://00.img.avito.st/image/1/1.MJdUwbawnH5idh5zONkYqw9gnn7kaJR04g.FXX6oYYPGoBwl5VkMe579dUkROK_uBdoBw-9g7t4JVo
4122584754	08	https://00.img.avito.st/image/1/1.MCUBzLawnMw3ex7BbfAuWhBsnsyxZZTGtw.8olbaGYKGcnak-iWesQdHDMnWAKWaVXQc64pYwxPeH8
4122584754	09	https://00.img.avito.st/image/1/1.Hl0sfrawsrQayTC5HEJNIj3esLSc17q-mg.OV3Sh7dONyHXN_0I_32kIXb3rdkuRvErRhXqIyyWUR0
4122584754	10	https://00.img.avito.st/image/1/1.TQhATraw4eF2-WPsVmNJd1Hu4-Hw5-nr9g.cfjtJnhf7KzmRRAYU_77nAR2Rxo4BeSCgLxpuwHjNbg
7994445798	01	https://00.img.avito.st/image/1/1.mjdCnrawNt50KbTTesSHT1M-NN7yNz7U9A.v8wVg92rYLnuIQyn89xwjpKdc82k5rOuoOAaQ1cZd0U
7994445798	02	https://00.img.avito.st/image/1/1.BQUxNbawqewHgivhNyllfCCVq-yBnKHmhw.Z-PIx2ej_qHKagrJY7yv7fjeHt3aIuGAhURpCgJSPmU
7994445798	03	https://00.img.avito.st/image/1/1.FxINPbawu_s7ijn2LxkLahydufu9lLPxuw.kYbxHqhr8xs-D40yGvk_vqIPEuZFbrr7qtjPoDwL3-M
7994445798	04	https://00.img.avito.st/image/1/1.P1DPELawk7n5pxG0vSA-L96wkbl_uZuzeQ.WGsisjIm4F_s3rhBv-JlHFeopZ47-lR6msZCumm7OoA
7994445798	05	https://00.img.avito.st/image/1/1.XJyPwLaw8HW5d3J4u_VJ5J5g8nU_afh_OQ.KHRTunP9IMAzVOmzbI0E2hkXBHa7ssqjpZFw2TQCPPI
7994445798	06	https://00.img.avito.st/image/1/1.5J1sFLawSHRao8p5KHe24n20SnTcvUB-2g.UP7VoakRlzAI0ESsfxVCrUBuc5qZ_EeFm3zx7Zxe_BA
7994445798	07	https://00.img.avito.st/image/1/1.NKhl1LawmEFTYxpMAdBU0XR0mkHVfZBL0w.lGe3-T_MiLMWj4Akmy-mbQwCpfgyOqvp3tol-tMUJoo
7994445798	08	https://00.img.avito.st/image/1/1.YLdB2rawzF53bU5TDcMszVB6zl7xc8RU9w.SuFOKo4ml2rQl3QbV5rUzoBKg4Vu-1tGbqpGrv6SRpc
7994445798	09	https://00.img.avito.st/image/1/1.IYVR8LawjWxnRw9hH7wz_UBQj2zhWYVm5w.l71mxRJEhs4QgbwDBmOt8iBGPA9a2CcxIKJxFK19AKw
7994445798	10	https://00.img.avito.st/image/1/1.fZ1bTbaw0XRt-lN5LSB04krt03Tr5Nl-7Q.d4ksZHbkAphBnZ0a2nJl53jvmTL60D9GkTaVV2Ufk-E
2523110821	01	https://00.img.avito.st/image/1/1.GP4BzLawtBc3ezYaPcAdgRBsthexZbwdtw.f_KC7qgJTSwNMnnPSfWV4cNI4gKCniXGdJ4RXZMHgAQ
2523110821	02	https://00.img.avito.st/image/1/1.-2_NFLawV4b7o9WLt0_9ENy0VYZ9vV-Mew.67wwcDR5sb3aX4_ucXREtrSnvHxvbL_WNyRSD38TEac
2523110821	03	https://00.img.avito.st/image/1/1.sjWYjrawHtyuOZzR8NDCT4kuHNwoJxbWLg.AKTN6Bb30ehOnWRxRTXh5IvUU1QbVfT1o1CE15vK9r0
2523110821	04	https://00.img.avito.st/image/1/1.TW9YTbaw4YZu-mOLTmwuFknt44bo5OmM7g.IAbi2NaJAeBarKQJEmMd77p8iM5IXQC-P9_aZLVMPYQ
2523110821	05	https://00.img.avito.st/image/1/1.ZGF11LawyIhDY0qFMcEWG2R0yojFfcCCww.QhjHALJdusx_tjIOPpvv9OMa-7RuZS_5SnB4doiMmAs
2523110821	06	https://00.img.avito.st/image/1/1.s1G9GLawH7iLr5211zrWKKy4HbgNsReyCw.g6ssP6DbAjhT6hf-dYNMrJJC_E0b52umNchZlt5vSR4
2523110821	07	https://00.img.avito.st/image/1/1.S2mtFLaw54Cbo2WNtwFMFry05YAdve-KGw.b5hzwBtXSpznXkdvwyCsMN6luU4u5sBicumZnW2wncI
2523110821	08	https://00.img.avito.st/image/1/1.-iRbeLawVs1tz9TAI1f6W0rYVM3r0V7H7Q.hOGryWqBHiF26Be4DCEEBa042sV0peUPVcRJE3UpXMk
2523110821	09	https://00.img.avito.st/image/1/1.xBy11bawaPWDYur4sYLNY6R1avUFfGD_Aw.03-cUF12_EOgdVur_gGagTqgPv6evHeRISqCsNGr9r0
2523110821	10	https://00.img.avito.st/image/1/1.9AzAeLawWOX2z9ropEukc9HYWuVw0VDvdg.9uKrQKSJyM4Wo1T5Ot60m53hQVICISDMx6xQqyxkxFY
2267031395	01	https://00.img.avito.st/image/1/1.TDE11baw4NgDYmLVIYAeTiR14tiFfOjSgw.xE87fONQzuCJp9jYHATchnwJw9ufj64ds4n-WksXL7E
2267031395	02	https://00.img.avito.st/image/1/1.YarYfbawzUPuyk9OliBi1cndz0No1MVJbg.8PoaTC5hSKtqbl7uuM-JawyKrapGDEYKjNrrtCVuOWQ
2267031395	03	https://00.img.avito.st/image/1/1.DDDB7rawoNn3WSLU1eJwSdBOotlxR6jTdw.W6v7OoLjQcBQB3dNuyoIsftdPC3JHNqvfvR-6sKL1Sw
2267031395	04	https://00.img.avito.st/image/1/1.jf0ATLawIRQ2-6MZFkL8hxHsIxSw5Sketg.y4W2a9q28sT9yOjecsd0-qTMxZkbFWIsOBMzRHQoQx8
2267031395	05	https://00.img.avito.st/image/1/1.1QUwvbaweewGCvvhFua0fCEde-yAFHHmhg.ckGgCGdZhPLQ_NlwR62d87JuQMrZt7Stq9pRcIJ-Ajk
2267031395	06	https://00.img.avito.st/image/1/1.f1QNPbaw0707ilGwfxRiLByd0b29lNu3uw.K4iUNBbuJ2gD_zIca6sKtw_sInHrQns9JLV6lmZNr6I
2267031395	07	https://00.img.avito.st/image/1/1.ZZVoTbawyXxe-ktxLnR87Xnty3zY5MF23g.MoMvhAnrykJ-A56PDeC7aWlHGVUOPQUj34Q6a5ecgbM
2267031395	08	https://00.img.avito.st/image/1/1.yJgxFLawZHEHo-Z8LTvf4CC0ZnGBvWx7hw.ac0mnwSuYJnSPQQII7I8pgPO4pgf7YMpP34eSRCUwrU
2267031395	09	https://00.img.avito.st/image/1/1.eJzP2Law1HX5b1Z4s7kw5t541nV_cdx_eQ.rYOxplWDBGkRkiZun9sFmr4eWG_lRAAu7r9-dpZeKNM
2619703046	01	https://00.img.avito.st/image/1/1.irirfbawJlGdyqRcs2_EwrrdJFEb1C5bHQ.OAHlFI05WKiuImUTxPgPgsceq_6QKBzeYeOWH-cAoHo
2619703046	02	https://00.img.avito.st/image/1/1.xety4bawaQJEVusPdNaiyylAawLCSGEIxA.dAn8Z1wbPsILCNkTSTaPXMe8ehOPMRlvALOURCWnNss
2619703046	03	https://00.img.avito.st/image/1/1.8mM1XLawXooD69yHXWvqRG79XIqF9VaAgw.mjhq-F9mcSNKwgdjwf9pK8pC4_ghgyxAH7SweMrUPsg
2619703046	04	https://00.img.avito.st/image/1/1.MBZUrLawnP9iGx7yOKQoMQ8Nnv_kBZT14g.s--CeyKll9Wc7KF9dgjlS_gCii_TAGkE_v2c0xRIXts
2619703046	05	https://00.img.avito.st/image/1/1.yInhQbawZGDX9uZt_WrltbrgZmBR6GxqVw.8ZbZ2a2scRa9hKk2TlcNFxMlNMf_sdCQxWyZ5ncxXXo
2619703046	06	https://00.img.avito.st/image/1/1.AmhNm7awroF7LCyMRYMYTxY6rIH9MqaL-w.WzCEvdd2dhdWGbWSTb-OkK7oyyRfuB_w-9cvpuipNK0
2619703046	07	https://00.img.avito.st/image/1/1.c16cOLaw37eqj1269j1eII2Y3bcskde9Kg.KM21mjVRN3mqD4OJkFmJIuRTw1IqC1wAlzbqLABzI5w
2619703046	08	https://00.img.avito.st/image/1/1.BJz11LawqHXDYyp48fRl5eR0qnVFfaB_Qw.nc31fr3VJXhS0MiYmdKdG2U90anE5mTjp3NDn2szZbI
2619703046	09	https://00.img.avito.st/image/1/1.NE-51bawmKaPYhqr3Y0bMah1mqYJfJCsDw.rkAGiagOTrlfRrvvZj108Sqtf49BKn3LVTetX_3ORJU
2619703046	10	https://00.img.avito.st/image/1/1.M1vNFLawn7L7ox2_p0w4JNy0nbJ9vZe4ew.zGEvnqHgEUhr3EF2ZbdqpZ6yJ_UeAOmqvddQh-rEgD0
3963031876	01	https://00.img.avito.st/image/1/1.-C6B17awVMe3YNbK_dCHV5B3VscxflzNNw.fQupfYN_XvXTrI5XjMDFuiX8ei2-Jq5Kf8DaxgMTKxg
3963031876	02	https://00.img.avito.st/image/1/1.cJMDFLaw3Ho1o153bxkB6RK03nqzvdRwtQ.cJYgAAhUxBaJ6Uqalwe3VwNL75iNxJLE0OJ3dMS217Y
3963031876	03	https://00.img.avito.st/image/1/1.1J0TcLaweHQlx_p5N3f44wLQenSj2XB-pQ.mTCJOIVl0R2WnTil0RC_x4RL6deGWdFH99O6e5tl_vM
3963031876	04	https://00.img.avito.st/image/1/1.HRIQTrawsfsm-TP2JkoDbQHus_ug57nxpg.QIPwQ39QfJJLEyV1TWkP3UCs4k-DEtz9p99RJXwLIT4
3963031876	05	https://00.img.avito.st/image/1/1.51AWKLawS7kgn8m0VGuCKQeISbmmgUOzoA.Kt-KLw2bQhuZPjCOdVqUwY6XNlbpj2F1jfKxEoeoLO4
3963031876	06	https://00.img.avito.st/image/1/1.E5AKFbawv3k8oj10IA1Z6hu1vXm6vLdzvA.5KHWdR9RsDaFhZ33rGxGn6ofNE91w1YvYjac3bODFkU
3963031876	07	https://00.img.avito.st/image/1/1.HkLFfrawsqvzyTCm9WYyPNTesKt117qhcw.rJUwo0wx1ovnQcN3qRI8_4RsexLt5qInFNJxTJDhZ_c
3963031876	08	https://00.img.avito.st/image/1/1.D_INaLawoxs73yEWHwxEiBzIoRu9wasRuw.N25EM3ZJXWn9n0peu4oOuUHRz9ETGda15Adi2aa5h1Y
3963031876	09	https://00.img.avito.st/image/1/1.ejZqW7aw1t9c7FTSEjphTnv71N_a8t7V3A.ICaNu0l2Ce0HFn3AhrLMKg4KLSBo7OyuW3P-BAUvVVw
3963031876	10	https://00.img.avito.st/image/1/1.oqwbfbawDkUtyoxIU0Pm1grdDEWr1AZPrQ.EF_N_bLA4U-MT4YEuI4IHolR1QqRnJpmoqfuPwna2ZQ
2459761835	01	https://00.img.avito.st/image/1/1.GujLfrawtgH9yTQM83Z8kdretAF7174LfQ.r-PDZ2bWQ9PYxbutYkssV5neBkeVBrt9wKhbLDaWkzo
2459761835	02	https://00.img.avito.st/image/1/1.XJwjdLaw8HUVw3J4F3UQ5jLU8nWT3fh_lQ.bowFXqA2ibQOANjQzlvOEZunSXFcKqI6gdtq6xa6Uwc
2459761835	03	https://00.img.avito.st/image/1/1.S8CtFraw5ymboWUktyNmvry25Skdv-8jGw.g8cLxD3lTZRXKXY3pjlQ1E_0V17HkGb_t8SBZEBXjtA
2459761835	04	https://00.img.avito.st/image/1/1.MsubfbawniKtyhwv8yFFsYrdnCIr1JYoLQ.LCEY_qXoBBY1CQHdTHCuSxuyCi4FNGfB6H3qHZbQVp8
2459761835	05	https://00.img.avito.st/image/1/1.RlHXqraw6rjhHWi115dsZfEK6LhnA-KyYQ.up6Yg-pMaU5j0DrcjTUysGWucnFvPDhF0uXF1RvGtjM
2459761835	06	https://00.img.avito.st/image/1/1.c1G-uLaw37iID1211O0WKK8Y3bgOEdeyCA.E2-0duxoqoraMx_M7h9O-EfI_EwEdOFJGjMb2SGvdYw
2459761835	07	https://00.img.avito.st/image/1/1.Q9qyFbaw7zOEom0-uAQJ_Om07TMCvOc5BA.4P8LV9lVqsd3uFQxsMJtXMFI14lmCpp_JQUMyV8aJco
2459761835	08	https://00.img.avito.st/image/1/1.sJ_HFLawHHbxo557q1rZ5ta0HnZ3vRR8cQ.J6-gvuM9xSIIJpyaxWgL1hxRI0z5KSFEJ2r6IG2QIBs
2459761835	09	https://00.img.avito.st/image/1/1.ooeLeLawDm69z4xjwyLz-JrYDG470QZkPQ.5oibYYWwSeBTsr5z6ieta2l5qnwI91EpW5VRfnSam5U
2459761835	10	https://00.img.avito.st/image/1/1.41HWGLawT7jgr821nFucKMe4TbhmsUeyYA.nRkieupo-2iDSAjMIKibA6C8ai8RIQzfx1BFiOgX8Zc
4186830490	01	https://00.img.avito.st/image/1/1.zJzx1LawYHXHY-J45fel5eB0YnVBfWh_Rw.3na3Rca1zKVh6I2sqrkfRpeJshTYf0qr3Mz44OtfnP0
4186830490	02	https://00.img.avito.st/image/1/1.2QVeh7awdexoMPfhYPS8fE8nd-zuLn3m6A.gXsZuSXWxyFEjLvB5990dyK-Qr3e0nvY7FAn8GqlOJM
4186830490	03	https://00.img.avito.st/image/1/1.hidrHrawKs5dqajDa3iPWHq-KM7btyLE3Q.QSu8n4QqYfMmpM4YbmCP9tgQHHkET-3lOd7_joznR_o
4186830490	04	https://00.img.avito.st/image/1/1.UPHBzLaw_Bj3e34V7b1UjtBs_hhxZfQSdw.yPBJFZXu3L_n58fYLWVs5FK4cRdDd1yayyMKSPVBUIs
4186830490	05	https://00.img.avito.st/image/1/1.enZtabaw1p9b3lSSFRh4CXzJ1J_dwN6V2w.alR69kktgmvdmCt-EqFmQexWEKloSuAw-ZHw4yKe6jw
4186830490	06	https://00.img.avito.st/image/1/1.cjB6rraw3tlMGVzUEvtzT2sO3NnKB9bTzA.yBpadrFT3CAiH4TrzD0hJOg2aQDUdgs6jBy1fkkt6k8
4186830490	07	https://00.img.avito.st/image/1/1.EoZtb7awvm9b2DxiRSMT-XzPvG_dxrZl2w.FF-dGWMNK_fTSuuRPwL4QU47q4BfXUiPfDyendKnSIo
4186830490	08	https://00.img.avito.st/image/1/1.NgktfrawmuAbyRjtTUZFczzemOCd15Lqmw.MqHAi3dQ91RoCoS7nx1Wv13SYhr2dlp1Q_1C3E43xfE
4186830490	09	https://00.img.avito.st/image/1/1.uYVRfrawFWxnyZdhL0Cj_UDeF2zh1x1m5w.cbtt6oYVxa6n5vS6W3LTlcGwnpCSZ9OEk237t_7y10U
4219486880	01	https://00.img.avito.st/image/1/1.y1wg-LawZ7UWT-W4OufJIzFYZbWQUW-_lg.k-ITs3CzcfamdJbacCgYmmKq9I2Lt-yR1KlSSjIB_Hs
4219486880	02	https://00.img.avito.st/image/1/1.-ywNGrawV8U7rdXIdzntVBy6VcW9s1_Puw.KxCApYtk9bsQ3URZKrBkF-bACwhh9qB9ULgrSNSyD9M
4219486880	03	https://00.img.avito.st/image/1/1.UYfYeLaw_W7uz39j9k0A-MnY_25o0fVkbg.JAHG7lZw8vjuXE8zUFlMpivvri9i1pRT6gvf3bnDcxA
4219486880	04	https://00.img.avito.st/image/1/1.e_ABTbaw1xk3-lUUe1hnjxDt1Rmx5N8Ttw.nQSxX4kb0OBx7xcPzczLCU_n_SIS8lgBz1t-Ti9FG88
4219486880	05	https://00.img.avito.st/image/1/1.nJ1BqLawMHR3H7J5dfaV4lAIMnTxATh-9w.5giwQhLUl0Qs-FSQY4y2_BtQL_tZjViQPAs-7uUn4-I
4219486880	06	https://00.img.avito.st/image/1/1.-rR7fbawVl1NytRQA1qyzmrdVF3L1F5XzQ.93B6w7ProWSGxWEjFfwtk_cGBV_ZEm4PwRW16jC53Ok
4219486880	07	https://00.img.avito.st/image/1/1.mJgpVLawNHEf47Z8FX6M4Dj0NnGZ_Tx7nw.ZRKTzFRz0Q9SxpYnNRbCQYMnquMzVBQKFFLAVH38_kA
4219486880	08	https://00.img.avito.st/image/1/1.wwLNGrawb-v7re3mx2Heety6bet9s2fhew.34YeK2k9FbqVQzkouj29RosKnGCce3OTG_JoBWh3qqA
4219486880	09	https://00.img.avito.st/image/1/1.KNQB17awhD03YAYwXftIrRB3hj2xfow3tw.p779pBtKyoKz2HgTc5dT9yIXo4JDMHLHnDTlkwf3-Fs
3130855833	01	https://00.img.avito.st/image/1/1.T02xGLaw46SHr2Gpo0EwNKC44aQBseuuBw.WL9mnOMfLQaGa0UbJf_hA0Yz-BiY9pYviahagY5d6H0
3130855833	02	https://00.img.avito.st/image/1/1.BJyPOLawqHW5jyp4i3QQ5J6YqnU_kaB_OQ.T___xMhvJ03e3s7TAMGHanW3mKifNvnCEjW0Iojoi7w
3130855833	03	https://00.img.avito.st/image/1/1.hc1YJLawKSRuk6spXmLltEmEKyTojSEu7g.u4IAR9idgQC2e8yP1LGBJPZgwBl80qi6wMmopIofqV4
3130855833	04	https://00.img.avito.st/image/1/1.X1B-1raw87lIYXG0TOsZKm928bnOf_uzyA.LqoTpvLZuTYyPIAdp4FtFkXFEMORemf60oXBXjLQczQ
3130855833	05	https://00.img.avito.st/image/1/1.CzAAcLawp9k2xyXUGlxYTxHQpdmw2a_Ttg.rilbYYyDMnhYsz0rMYWNuI-dnB7B_Pd2AueUGkaET0c
3130855833	06	https://00.img.avito.st/image/1/1._3ebGLawU56tr9GT6RfoD4q4UZ4rsVuULQ.5VUqg_g3kXkwMbvU1W1KEKKhmawAFWPlAy8tvuXvaTg
3130855833	07	https://00.img.avito.st/image/1/1.NBdd1bawmP5rYhrzOekqaEx1mv7tfJD06w.PIrRa25aDbwC-TTyr2MdVpNdWUdKKWnzIYv3UaR8wUo
3130855833	08	https://00.img.avito.st/image/1/1.k-nHkrawPwDxJb0N7Yi01ZwzPQB3OzcKcQ.Y-cq6LCidCfYmDYBVD3fWZ-g-hgB_FM3uLfHiLYav5U
3130855833	09	https://00.img.avito.st/image/1/1.j_shsLawIxIXB6EfM8qqx3oRIRKRGSsYlw.Ez21uHrGJV5sGbMKJ7WglUsK72A7EVuub2z5FgJ_VKc
3130855833	10	https://00.img.avito.st/image/1/1.Rm9rRraw6oZd8WiLawMNFXrm6Ibb7-KM3Q.jH9V--OWnn_II-_5xUYZxvpo3sDYvxfV7m-Cg8F2vf0
2203348182	01	https://00.img.avito.st/image/1/1.gBzbMbawLPXthq7410vVY8qRLvVrmCT_bQ.zEkljI2-NkdSW9GJtPk0zDLahH0jrdoGg1CnYrprU3A
2203348182	02	https://00.img.avito.st/image/1/1.DGjABrawoIH2sSKM1FIgFtGmooFwr6iLdg.OY6vi6Dqj7EKXSMlp-HvSsF8yKhSbZuUxFZRnkPD8Ys
2203348182	03	https://00.img.avito.st/image/1/1.ve1bFrawEQRtoZMJLUDvkkq2EwTrvxkO7Q.I_Voig6vWgbl2jFnV4NXA_Hk7_e_7HyoFMelkxqNGEg
2203348182	04	https://00.img.avito.st/image/1/1.2BzCY7awdPX01Pb4_jinZdPDdvVyynz_dA.n65kOLQvCpiqWnK_7z1VRp-JTRutVv5VhzAoRZFZjvE
2203348182	05	https://00.img.avito.st/image/1/1.-hcLf7awVv49yNTzcwTjbxrfVP671l70vQ.ALbOHqlUEfz04knnY1d2JRdAxR10TuJf18Hxk9y4NTI
2203348182	06	https://00.img.avito.st/image/1/1.njZ4prawMt9OEbDSSOSJTmkGMN_IDzrVzg.ppj_jChQsIDOgSHPwxtec9akyCKOYCjx1Tj3pJ926Rk
2203348182	07	https://00.img.avito.st/image/1/1.5J1s2LawSHRab8p5KPe34n14SnTccUB-2g.3RD-GJp6A76U--_ycsDZGPmmXq_1Ax3BsLfJvQWky8U
2203348182	08	https://00.img.avito.st/image/1/1.tJwg4LawGHUWV5p4RPb_5jFAGnWQSRB_lg.l6yfW_D4_WU0H9l7rXLmjRO49WBV3LYkC1Lp2_Bl6l4
2203348182	09	https://00.img.avito.st/image/1/1.z1AWALawY7kgt-G0BBOqKQegYbmmqWuzoA.w_0yDIbNp9m8w5Jfkd19EZDZPw3VnbB0yhEg8Z5zrng
2203348182	10	https://00.img.avito.st/image/1/1.BjYJiLawqt8_PyjSCfAYSRgoqN-5IaLVvw.B3OHxRoWXed6LfeD_Lb5prcuWy9JzD-8V60S2vd81gc
2235206481	01	https://00.img.avito.st/image/1/1.aJgsFLawxHEao0Z8cGl84D20xnGcvcx7mg.fNETYiXci3DPAX7KiHQQp5gv7fegpG96jOcccOpibCw
2235206481	02	https://00.img.avito.st/image/1/1.2iZrqrawds9dHfTCU425X3oKdM_bA37F3Q.JrxyFp3bdhJtzsj-m38ML6Hjeiz9rFkOBZBGo2521VQ
2235206481	03	https://00.img.avito.st/image/1/1.61ABMrawR7k3hcW0W1HoLxCSRbmxm0-ztw.iwuMiujWiMCoPRZ_LGs22Sfk8rQXt_hQHyRm6mRDHJg
2235206481	04	https://00.img.avito.st/image/1/1.gQVewLawLexod6_hUIrgfE9gL-zuaSXm6A.XrX3JS0e_kLZKx3-TN3IYtPWsMVUBV064oIGYBfFWZM
2235206481	05	https://00.img.avito.st/image/1/1.x5ORGLawa3qnr-l3kwPA7IC4aXohsWNwJw.TSdPaCK8OdarVZXMGlT9LQIUSX7ZLqbxRfv8qksJ2VI
2235206481	06	https://00.img.avito.st/image/1/1.liXsfrawOszaybjBzECDXf3eOMxc1zLGWg.NsKARuNrIvOfZG2hOaar1v2dTm47EKnfrrndEEMgneI
2235206481	07	https://00.img.avito.st/image/1/1.iH4BzrawJJc3eaaaHcDdARBuJpexZyydtw.y3eL0Dc7CVNl2gJqHwOlG0h_3ro87-sNKsfGZfvHJmo
2235206481	08	https://00.img.avito.st/image/1/1.EQVRpbawvexnEj_hf8UGfUAFv-zhDLXm5w.eY74InxLBRymdV6FTfW60Z4XmXvXQu6aqUoemB2Fs04
2235206481	09	https://00.img.avito.st/image/1/1.1QXLXbaweez96vvh7XbPfdr9e-x79HHmfQ.fveXa44Np8S1kBL_zthWN7UGs_uNsGijpNShBnhwjUg
2235206481	10	https://00.img.avito.st/image/1/1.kddYeLawPT5uz78zdkrFqEnYPz7o0TU07g.i3CLgRpcN6MJexywhDDZ7ShdgFl5aCe9O1Y28r1ZdW4
4379056040	01	https://00.img.avito.st/image/1/1.9S1YO7awWcRujNvJPgyKVEmbW8ToklHO7g.zqDvUj5BhVrICv4UkkdWfEYWpFvwqaO1ric-m15FAoc
4379056040	02	https://00.img.avito.st/image/1/1.U3kNFLaw_5A7o32dJxVQBhy0_ZC9vfeauw.S6DtQJjoGEwaoXi24QpQB5MPaMiwl2If0P1e-LzA88c
4379056040	03	https://00.img.avito.st/image/1/1.Rc1b77aw6SRtWGspXapus0pP6yTrRuEu7Q.3VW_eVfISTiq672Mw9CK9ix6lslf_LELmld-MuhX11k
4379056040	04	https://00.img.avito.st/image/1/1._yCBGLawU8m3r9HE8yO0WpC4UckxsVvDNw.4LT6F5Ek67EziE7Wz5HGBvZaTFOmVtweZfHfgnyzktU
4379056040	05	https://00.img.avito.st/image/1/1.BjZUf7awqt9iyCjSVFt3TEXfqN_k1qLV4g.-ddzh6i4CLp1GR3oZoFtOEadqujqWdmyQAoMOUE5N9U
4379056040	06	https://00.img.avito.st/image/1/1.vNzAULawEDX255I4tDK9o9HwEjVw-Rg_dg.XaoEaKo3FSbz6Csqb_xfxab1nFdnAkjFPS9ECk3SGMM
4379056040	07	https://00.img.avito.st/image/1/1.V3dzGLaw-55Fr3mTUUVDD2K4-Z7DsfOUxQ.F7iC3sJOycEDTX-_ax4ikxlhMhxKugzQp_DpsOSkYZI
4379056040	08	https://00.img.avito.st/image/1/1.V0zNGLaw-6X7r3mo7zktNdy4-aV9sfOvew.JFgBm0t5QeGSnf9S5-JnmzbRhrh4GvpUXrMCs6g09hQ
2619754498	01	https://00.img.avito.st/image/1/1.wombeLawbmCtz-xtkyeU9orYbGAr0WZqLQ.1TWNIT1yzfOCiUvhJEuo3LHB01y9pb9KSzp0LwfOOOo
2619754498	02	https://00.img.avito.st/image/1/1.hlxrRrawKrVd8ai4a0zMJnrmKLXb7yK_3Q.Eai-qSf12yg3gM1HWxPXtqXwdiH4DU-I9VS9B5oTKPg
2619754498	03	https://00.img.avito.st/image/1/1.wOzBzLawbAX3e-4Ize_Hk9BsbgVxZWQPdw.QlnveONSyv9UNYZvgZ6Ur1Ru3632mNJfXcPhuZ0HO9o
2619754498	04	https://00.img.avito.st/image/1/1.IFzFQbawjLXz9g64iT07JNThjrV16IS_cw.oM6om2NsI_yOneN6QwLB9L9pp2D_cCq-y1DJcGI_zyo
2619754498	05	https://00.img.avito.st/image/1/1.hu5rFbawKgddoqgKa1fRkXq1KAfbvCIN3Q.e58ge06hu3DYIvUg9TNoL49vUSes1Zk0H9pLNEL0lKE
2619754498	06	https://00.img.avito.st/image/1/1.WjEkrraw9tgSGXTVHPt0TzUO9NiUB_7Skg.Z-N1nsa3bQFMHUwwc7mEXtzM9zXnY_wq0wjOHnaPWf8
2619754498	07	https://00.img.avito.st/image/1/1.r1DkXLawA7nS64G0tnaDLvX8AblU9QuzUg.QhQbtsgEcCon06X5Sp-uddqPvS1UsN0AVsvKWWqk6ps
2235040887	01	https://00.img.avito.st/image/1/1.HT8K77awsdY8WDPbPOcuAlFOs9a6RrncvA.5IpZOfk0Jui8nTiSfer_-uLoozM7ivnGnPdJ9cngNLg
2235040887	02	https://00.img.avito.st/image/1/1.xlfXfrawar7hyeiz1y3CKMbeaL5n12K0YQ.VVKzXuMsHWtmPkTiwtJQq-Q-ekouj_uu8tXGPz20G0M
2235040887	03	https://00.img.avito.st/image/1/1.mjatHrawNt-bqbTSlSTwT7y-NN8dtz7VGw.NCOmM98xOVFq-LUAOEZlqTZnzMloKx0bAF3PsclyXtI
2235040887	04	https://00.img.avito.st/image/1/1.3kQ_D7awcq0JuPCgD2TcemSucK2PpnqniQ._23sFnrCc-rsqeV0sZQhvJH9fDGai6h2OncK1kyHFjU
2235040887	05	https://00.img.avito.st/image/1/1.kFyBzrawPLW3eb64rejBI5BuPrUxZzS_Nw.YGpnOenW_Qr7TYt47Nomjkr_5tmnXb4pLGew-AOcCgU
2235040887	06	https://00.img.avito.st/image/1/1.gYVRXrawLWxn6a9hX2CZ_UD-L2zh9yVm5w.q0-bvMe3YAd09oGtG0agWcmayEx9krXzlIHLGjfPZ4E
2235040887	07	https://00.img.avito.st/image/1/1.3a1bErawcURtpfNJbWWL0kqyc0Tru3lO7Q.W5y4W5xZHT_kgHwJvb9a5Mg-W2bNVQPwaWON8qTV0-k
2235040887	08	https://00.img.avito.st/image/1/1.o6jNH7awD0H7qI1MhyXU0ty_DUF9tgdLew._kU7dFO7_BZgaUPwTQZOSk-X0WK5TZk_PiL1Wq-Q66E
2235040887	09	https://00.img.avito.st/image/1/1.b1DbhLaww7ntM0G0iZ08L8okwblrLcuzbQ.aTpg_3K0Oh6xWfjeWLMButkUPAOyEehlEUHuu_mDBaE
2235040887	10	https://00.img.avito.st/image/1/1.-iyOObawVsW4jtTI9iL-EtWYVMU-kF7POA.IQM7_MC7hP_3d5McVvbH2PZcSBiukPT73lrky6NhPp4
7994761956	01	https://00.img.avito.st/image/1/1.Lg58frawgudKyQDqLAJndG3egOfM14rtyg.3EFJacfYBHXSaYk8t84bMHo6QsJyldcRMW5RK-Y4T30
7994761956	02	https://00.img.avito.st/image/1/1._E5d1bawUKdrYtKqKerQMEx1UqftfFit6w.qUkT2TGLREqaLMYXzfWSn-4pOolv5fjLnEoKyib4-eA
7994761956	03	https://00.img.avito.st/image/1/1.FyQN8Lawu807RznAL7g_WhxQuc29WbPHuw.KWHjX7ZoIgMT4jRhD07llD3-wFxwKOr1C3wEgnVDvUg
7994761956	04	https://00.img.avito.st/image/1/1.IgZsO7awju9ajAziJFcJeH2bjO_ckobl2g.C7LoyvPIiE_YMyR2G_-IxQ3oDm77Gv-WL-H7KtuTI9o
7994761956	05	https://00.img.avito.st/image/1/1.h9gN8LawKzE7R6k8D8KsphxQKTG9WSM7uw.YNXTLvAQlD4U6DI4rVdbVGf7WGTpA2vkidd454sylMc
7994761956	06	https://00.img.avito.st/image/1/1.gQVe4rawLexoVa_hULjifE9CL-zuSyXm6A.Muhc_6ZhTxGOitKeuBpqFZHm9XT78VmSGB96lb7jwOQ
7994761956	07	https://00.img.avito.st/image/1/1.IuZqXLawjg9c6wwCIkg6nnv8jA_a9YYF3A.-2s8E_hrSeIdiugoCbz57dAvlVzhNHxVZEsIpajAoRk
7994761956	08	https://00.img.avito.st/image/1/1.4Jg5VLawTHEP4858dX_24Cj0TnGJ_UR7jw.hbyaR4pUaTO8HxXTimgODvwUvdBbxQPSZPQjNb2iha4
2267501765	01	https://00.img.avito.st/image/1/1.U1qtH7aw_7ObqH2-h2oYILy__bMdtve5Gw.iBF0jn5Iq4tKfvsi_z0GtuIfcms-jYpcYWnx4tYFdNo
2267501765	02	https://00.img.avito.st/image/1/1.bjZ5o7awwt9PFEDSKfZxTmgDwN_JCsrVzw.jwU_Z5NzIFEs3k2QSDlJKM8f0U6R7uv3nY6fGSmwV5Y
2267501765	03	https://00.img.avito.st/image/1/1.kcFYfbawPShuyr8ldn-UvkndPyjo1DUi7g.0FbSyveFGneeTEoqOhWiPl3qQut7NG7oEO_mI-r3qf0
2267501765	04	https://00.img.avito.st/image/1/1.AQy8TbawreWK-i_osk0WdK3tr-UM5KXvCg.hM3IsY8YDThwRVxL2MlhNiqIaH8jGoapusi2ze8Jpqs
2267501765	05	https://00.img.avito.st/image/1/1.6QVH3LawRexxa8fhGfeZf1Z8R-z3dU3m8Q.jllpNvYY85BypAuk9P2E7f53wg3t4KcDmSnjNMnKzW4
2267501765	06	https://00.img.avito.st/image/1/1._H6t1LawUJebY9Ka2ZuxBLx0UpcdfVidGw.QiKAHvuiSrt0WDitHpAWqUohRD-VLPC7W94VQu_IwzY
2267501765	07	https://00.img.avito.st/image/1/1.LDF91bawgNhLYgLVKcl-Tmx1gtjNfIjSyw.E9xzDZ2XUs_vAmci2GiUqpnV9bz-7h-7M1DtWU_LCjg
2267501765	08	https://00.img.avito.st/image/1/1.XJz0lLaw8HXCI3J4wPU_5eU08nVEPfh_Qg.D1EtjPPbbc7S7gzSm3GXHQnC6HhNkuY-xtM7rR2IEKw
2267501765	09	https://00.img.avito.st/image/1/1.KDHB0LawhNj3ZwbVnaA0SdBwhthxeYzSdw.dq0t0pS_SkG76M5Al8_dJhbjYr_0omod1v_mmkETS-g
2267501765	10	https://00.img.avito.st/image/1/1.ExAAe7awv_k2zD30KjNCbxHbvfmw0rfztg.Tu1TL-X67sj8y4Mn20DC0x_daW8W_OKK1pfByS1AJ80
4570800630	01	https://00.img.avito.st/image/1/1.CQVoXLawpexe6yfhdnQBenn8p-zY9a3m3g.zQc2_R0Ny2_7FtxSlEQe41wwdckrKumJfGXZ2E2rHg0
4570800630	02	https://00.img.avito.st/image/1/1.Hy7jGLaws8fVrzHK0WRtVPK4scdTsbvNVQ.F1QY6KDG1y-0rOuyKe0x_HrkvvkdeK0q6VNyTEMd1jA
4570800630	03	https://00.img.avito.st/image/1/1.PQSi7bawke2UWhPg1J1OfrNNk-0SRJnnFA.srvb4EXDzJnmCa52sqHyneRKJsDbWcsHhcmqvFw_WUI
4570800630	04	https://00.img.avito.st/image/1/1.x3V3GLawa5xBr-mRdU_bDWa4aZzHsWOWwQ.wJjcKw515sOz_LzAZuuTbaVS2UJQJQiQZRKBsFYTbH8
4570800630	05	https://00.img.avito.st/image/1/1.xmV4KrawaoxOneiBeEXXWSOLaIzIg2KGzg.Yx9qt5b9mKzbAJk_tQypR45DridUL6xMZ_k-A_TJbMs
4570800630	06	https://00.img.avito.st/image/1/1.-dDYfbawVTnuytc0pnL9r8ndVzlo1F0zbg.LfT_1JbjDVokKQDhWWiCsGJ13NFcOVADRSnC3TgQP4U
4570800630	07	https://00.img.avito.st/image/1/1.S9Mnkraw5zoRJWU3Pddi73wz5TqXO-8wkQ.3AukqSsPsYxkt71lZ6TVxYxynKabJbccZYeBcc0pdwA
4570800630	08	https://00.img.avito.st/image/1/1.mQy5zbawNeWPerfoh-OOdKhtN-UJZD3vDw.VHpQH1Tz1u0y0GWWrj8fCz0jNV9EnybYD4jCztxT6jM
4570800630	09	https://00.img.avito.st/image/1/1.J0QNPLawi607iwmgTzQ-PBycia29lYOnuw.GlRci_2oX7InlefgXf12Yyqir0A9mCaiXzupt0kuqGw
4570800630	10	https://00.img.avito.st/image/1/1.HViQTrawsbGm-TO8pgpJJ4Hus7Eg57m7Jg.l5mi2jXwh5a1iihbYm_7ziAuL__jj6SGmxnKypUx6R0
3642889724	01	https://00.img.avito.st/image/1/1.cJgtFLaw3HEbo158QXlk4Dy03nGdvdR7mw.NaqbxE93B9vRGjmzL4VmlC5t1Opuy0IvDzpRNFvbHJE
3642889724	02	https://00.img.avito.st/image/1/1.NGLR1LawmIvnYxqGteRBGMB0mothfZCBZw.uZ9UsOklx3cpAlYW1JeiJ0mlecjWc3gpWqqqnNgbEbg
3642889724	03	https://00.img.avito.st/image/1/1.ZBkR1bawyPAnYkr9VaRmZgB1yvChfMD6pw.m__-PAPwYzxJJsLu1jNifOZZKzgN7TZYpGxCbp9d0uQ
3642889724	04	https://00.img.avito.st/image/1/1.yQPyTbawZerE-ufn7D6qeuPtZ-pC5G3gRA.EFdext-rUkl-inlNO3DYriwIJtO7FB_oXM5KX8-4M5M
3642889724	05	https://00.img.avito.st/image/1/1.qRlDTbawBfB1-of9HTfhY1LtB_Dz5A369Q._NdxfWtXWNBZVzCGoleb6L_un_MKkgHnulwRZKuCc58
3642889724	06	https://00.img.avito.st/image/1/1.GKKB2rawtEu3bTZGvZ5W2JB6tksxc7xBNw.K_telpMOj1FFFDah8P9qpBa21Jp6pzdJbC7cpq-d0wY
3642889724	07	https://00.img.avito.st/image/1/1.IxAKC7awj_k8vA30QENuahurjfm6oofzvA.ZLA9KH1nRofl5PMnOFSprbTdRaUfm_AHKfE4fa5-7hE
3642889724	08	https://00.img.avito.st/image/1/1.x5XrGLawa3zdr-lx6XfZ6vq4aXxbsWN2XQ.DTw_pYuI4tFgeSO5lcuej1PtIhrph5eWlszmxhQcskE
3642889724	09	https://00.img.avito.st/image/1/1.1QShLbawee2Xmvvghz6lfrCNe-0RhHHnFw.wQw8hWpRLSg9nHav-IUTsevOtQk2mmJrmzitlU9zH-8
3642889724	10	https://00.img.avito.st/image/1/1.r1DOsrawA7n4BYG0nMSoL98SAbl-GwuzeA.zQeyBkIGerc3taBwsSjUfjVaCggJTZ8BjzP3LA9rTNo
3355477848	01	https://00.img.avito.st/image/1/1.iIkB2rawJGA3baZtHaTD8xB6JmCxcyxqtw.R9itysuruisbr29bwf0fpNfXRnagRb-Mh3HOzXVCpsA
3355477848	02	https://00.img.avito.st/image/1/1.YQzYS7awzeXu_E_oliYIdcnrz-Vo4sXvbg.YP92CSiklp4OVLFrhG3I-U5woz9XOqqBGHRGGGhbaNs
3355477848	03	https://00.img.avito.st/image/1/1.yTD_zbawZdnJeufU4dKaT-5tZ9lPZG3TSQ.-2lsFohpQvwlfQmjVMg5C_5AfPFOw1_AH21CfyBqlFg
3355477848	04	https://00.img.avito.st/image/1/1.9p9rc7awWnZdxNh7C3SS5nrTWHbb2lJ83Q.SULv6o551sI3Y-XodEX5S5fkqmGM_GQYDw6qF3CRPe4
3355477848	05	https://00.img.avito.st/image/1/1.ajBHPrawxtlxiUTUHw91T1aexNn3l87T8Q.rTZb0Jp0jFOI3xwomxrHC78F_YMaKawGNDgzTIz1rck
3355477848	06	https://00.img.avito.st/image/1/1.BQSdTbawqe2r-ivgm21Jfoztq-0t5KHnKw.aUI3b0AZj3wz_bVCEQgdlYxJ1or70vhxkLCMtoWer8Y
3355477848	07	https://00.img.avito.st/image/1/1.-9ANGbawVzk7rtU0dzqSqRy5VTm9sF8zuw.YskdxEYFlbnH4tVZ6uYf7Ej6bmxZ8FAF1jN2Sk0_xpo
4251080479	01	https://00.img.avito.st/image/1/1.ljjWfrawOtHgybjc9ijqQcfeONFm1zLbYA.kAZixqCaztGTXtgInCoW87fwRQzVxtzVqVhzJj3TBmg
4251080479	02	https://00.img.avito.st/image/1/1.IpZtdrawjn9bwQxyJX4v6XzWjH_d34Z12w.MD5Ef5A4sP1FeKjv6hMSl6aO0ogcKAtFW3bDSnqm50w
4251080479	03	https://00.img.avito.st/image/1/1.KTVYd7awhdxuwAfRBlcDS0nXh9zo3o3W7g.F-1Zvx9RRC8f-v0Xj9qixcwputrMwVu9hwMuBPWW5No
4251080479	04	https://00.img.avito.st/image/1/1.3DzBmrawcNX3LfLY9ZnIRNA6ctVxM3jfdw.YyQAxqDp4r5wWQj5ldHavQcW2LZII60ypcUXEzq0VCE
4251080479	05	https://00.img.avito.st/image/1/1.yjDfrrawZtnpGeTUx7mZT84OZNlvB27TaQ.w7WPe-s_PPhs7RSsC3KLCAxsbdpC5W6WeeWEYC7EZKg
4251080479	06	https://00.img.avito.st/image/1/1.FxwNOrawu_U7jTn4LwIXZByaufW9k7P_uw.Nz_GVf-GPFvTbO8SkxqdfCP3XCKCZiiy079k090nVfA
4251080479	07	https://00.img.avito.st/image/1/1.01Hd-Lawf7jrT_2198euKMxYfbhtUXeyaw.Xwl-dICcB-DJs-KuYpXYtjopMlfNkNXpPf-nQQ5a8RY
4251080479	08	https://00.img.avito.st/image/1/1.yTDfzbawZdnpeufUwdKYT85tZ9lvZG3TaQ.wPL-6tZMRhFudreCrP4iJ1M_UQMPqJIDrNtB-ZkYJ4w
4251080479	09	https://00.img.avito.st/image/1/1.PJ1tjLawkHRbOxJ5GfRt4nwsknTdJZh-2w.nD3xddY7Fkk21svno88AlhygEpHjuhyIKLcxKXiyYSw
7801954525	01	https://00.img.avito.st/image/1/1.kniLebawPpG9zryco2O8BprZPJE70DabPQ.hZTZ159jQzI0lrjaAFxJOvRda_7NH4CwQJHVVrcgs9w
7801954525	02	https://00.img.avito.st/image/1/1.wMeBzLawbC63e-4jjdvCuJBsbi4xZWQkNw.oJ2c_GGPwtLlQZ0kz-FHZQsbZzFRqCZq4ppPfO-xyhI
7801954525	03	https://00.img.avito.st/image/1/1.fYVb7raw0WxtWVNhLY9X-0pO02zrR9lm7Q.LUUQ6MDR1eYIZdhYllqdQFNTfsIsMCkdbyDNUCTNWJA
7801954525	04	https://00.img.avito.st/image/1/1.6iZrlrawRs9dIcTCM7GXX3o2RM_bP07F3Q.-9D3y7eWyuQ_jwE9KL7edM_UimjWKf5SmFtSeJP66Nw
7801954525	05	https://00.img.avito.st/image/1/1.1jZ497awet9OQPjSWPDDTmlXeN_IXnLVzg.MLuKV7kjq3BxzIl4dU8JC0YLZooMGF4k8SiW_impujg
7801954525	06	https://00.img.avito.st/image/1/1.gzABI7awL9k3lK3UC22ETxCDLdmxiifTtw.aa9tXI3HFsFcghx7OCpn_dFsV9dDUGiDMb8sMW5cPm8
7801954525	07	https://00.img.avito.st/image/1/1.MfZYfbawnR9uyh8SNkU3iUndnx_o1JUV7g.ezltAJF0BHJXKxVqdwEPz-yxt7BOUvAKvlILrar8zd0
7801954525	08	https://00.img.avito.st/image/1/1.GadYS7awtU5u_DdDZnt63knrt07o4r1E7g.T0M94eK1Qdb6kjFPIHIO0vv1i-XAcnFeMBecnaJLTEM
7801954525	09	https://00.img.avito.st/image/1/1.rQUsvbawAewaCoPheufQfD0dA-ycFAnmmg.0Yd8N_pl7FbNYqfRspBZmkBvyaaTa4wusbLAnnfJk-8
7801954525	10	https://00.img.avito.st/image/1/1.51DbOrawS7ntjcm0mV22L8qaSblrk0OzbQ.o6BheFVGf0jbXh_DREts54aSXuZCuKtCgCqiYmiY1jk
4027232639	01	https://00.img.avito.st/image/1/1.YPFBzLawzBh3e04VDbVkjlBszhjxZcQS9w.M1etvaJsFdVnYDTN6wosoYM97TCjGE-rPYuNaTrDPQw
4027232639	02	https://00.img.avito.st/image/1/1.LGGZ1LawgIivYwKFzaxfG4h0gogpfYiCLw.XHePOo4qgd6qLHCuzyGN8zkwAUF6kVp20GaKQthNoas
4027232639	03	https://00.img.avito.st/image/1/1.A1G6WLawr7iM7y21sBBnKKv4rbgK8aeyDA.ZY82eXPbmvgN9pmaMIMI6C6-Qs3P1rxOH-LAgE_0Q4w
4027232639	04	https://00.img.avito.st/image/1/1.sJ9nVLawHHZR4557Cx7N5nb0HnbX_RR80Q.a8VhunA8IMHVZPC675AvwkjLTLsuEB2A-K_VdctlSm4
4027232639	05	https://00.img.avito.st/image/1/1.J8qloLawiyOTFwku57RM9v4BiSMVCYMpEw.9rR0epmlCqOYgoNlpkDVZOTtapEs0TS8eLFLbFndHQE
4027232639	06	https://00.img.avito.st/image/1/1.ReVbRLaw6Qxt82sBXRVFmkrk6wzr7eEG7Q.YuFbcnnMTQ7jYUDueBI77y6yU-ygEItDgKI7Cswjmdw
4027232639	07	https://00.img.avito.st/image/1/1.Q3ABM7aw75k3hG2UC3ZADxCT7ZmxmueTtw.LmHUGOSYH5um4DlQAyIzQsdLvpfb33IuZSuOYYEbUB8
4027232639	08	https://00.img.avito.st/image/1/1.THyV1Law4JWjY2KYgaEFBoR04pUlfeifIw.fzRP4jNGEaXVBNj1114evbOu_4644JaEl5mBY9n-71U
4027232639	09	https://00.img.avito.st/image/1/1.51AWhLawS7kgM8m0VJ-AKQckSbmmLUOzoA.WMA7ZRUtytXjkTPUTKwkERBnOfnkvPurMCWQYz8zPFE
7898558534	01	https://00.img.avito.st/image/1/1.PjZ5yLawkt9PfxDSCbAiTmhokN_JYZrVzw.l4QYpqgRHYoF7uTYNyFIPnpci2sMc4TBMPjPd2P4dtA
7898558534	02	https://00.img.avito.st/image/1/1.y11omLawZ7ReL-W5coubInk4ZbTYMW--3g.uq8uZzGxaI1rPy9U48k7yt9K_f_7NEKsrEAWxiGIAlA
7898558534	03	https://00.img.avito.st/image/1/1.PjYLdbawkt89whDSe3k3SRrVkN-73JrVvQ.HG_EMNL5J0B2yI_leh2VSbRgkisiE7n6Vlscqqx6Syc
7898558534	04	https://00.img.avito.st/image/1/1.LKoR1LawgEMnYwJORaRI0wB0gkOhfYhJpw.J1KiXzom_eHFMN0mZ5CrJR5gng8d8SgYL1rpz3jtS-Q
7706542886	01	https://00.img.avito.st/image/1/1.vj1rFbawEtRdopDZGxvvQnq1ENTbvBre3Q.joJeFDt9HiBPnNDhT7rrJTfPNIqsRKCrlF4UVsieWHE
7706542886	02	https://00.img.avito.st/image/1/1.sQOOzbawHeq4ep_n4NvVep9tH-o-ZBXgOA._nstfo3Fu61cPSKrym5FlFnwbmMXru6bkVCqrzP8KKI
7706542886	03	https://00.img.avito.st/image/1/1.zjZUQLawYt9i9-DSRBu-TEXgYN_k6WrV4g.HftaWzv2AOH3vwzFa_OMLP2yFPYiv-Ne7DXtty8qKtE
7706542886	04	https://00.img.avito.st/image/1/1.piXqfrawCszcyYjBqlizXfveCMxa1wLGXA.L4NSGzttrN3Q73Iy2a2mDZTTZbJiDp5mWR-Kw0xixUg
7706542886	05	https://00.img.avito.st/image/1/1.X1Db3Law87nta3G06fUNL8p88blrdfuzbQ.5UJ6xMu1xNyQLUjJz2p_C4krqusPivMNHqFoAL__ht8
7706542886	06	https://00.img.avito.st/image/1/1.i8qtFrawJyOboaUut2CktLy2JSMdvy8pGw.QMHEVnCs2Q7wpu6h9D1wPJ59P99FNdIH7Kr1rn3QtpQ
7706542886	07	https://00.img.avito.st/image/1/1.iXvYSrawJZLu_aefxhz3AsnqJ5Jo4y2Ybg.18EOq2EuDSsL3TKqxqwQ5y4vFeClMsnh1jjFJbzVeoo
7706542886	08	https://00.img.avito.st/image/1/1.YdfYS7awzT7u_E8zln4Frsnrzz5o4sU0bg.GcoTSgPPgQnLnDcYUf2D_Y_WYiBFFENN5bpphU0lKSk
2010944054	01	https://00.img.avito.st/image/1/1.BQXF9bawqezzQivhw4kRfdRVq-x1XKHmcw.dd2OMisTkDdVM6SOs_nGq-H9d66QLKsUlHbU4AI60Ko
2010944054	02	https://00.img.avito.st/image/1/1.XjZ4GLaw8t9Or3DSSCFMTmm48N_IsfrVzg.6bnAg44qdsFhGovdxJezioNcw58lCLTaOU9W8XgZGEA
2010944054	03	https://00.img.avito.st/image/1/1.XJ0RLLaw8HQnm3J5JXV04wCM8nShhfh-pw.fZEkxC2xaFwjoizUq6ocN38IpwPk16-XFKlmBy_yYDE
2010944054	04	https://00.img.avito.st/image/1/1.QJzZl7aw7HXvIG541YZB48g37nVpPuR_bw.BJtYVifgfLJBhAP8EZItuM2WJahZBCHMqM7AQbOfUM4
2010944054	05	https://00.img.avito.st/image/1/1.ARk_zbawrfAJei_9MdFOYy5tr_CPZKX6iQ.WMR_Kgp5LXCkfBWOBGSKQQlvRlvbgH5i-WEdG9ocj8g
2331799287	01	https://00.img.avito.st/image/1/1.ZNRt1LawyD1bY0owKdl8rHx0yj3dfcA32w.SZ4sHdsIsRI9X7npNkde3cXoMX2gMZrNqww383ryp4E
2331799287	02	https://00.img.avito.st/image/1/1.gBzPpbawLPX5Eq74w5_HZt4FLvV_DCT_eQ.ilBgfnS-tQGL2LOq1xngVyvC-UTtDAJW4erLCYqr2jI
2331799287	03	https://00.img.avito.st/image/1/1.NBoB1bawmPM3Yhr-ZbUwZRB1mvOxfJD5tw.1luklI7EdQ0AB-PId-bHpzcSQtIXrjA2Ki7RP5hclbA
2331799287	04	https://00.img.avito.st/image/1/1.tJ1sRLawGHRa85p5CHbm4n3kGnTc7RB-2g.bbPIk8H5OHHlG5mSHpMbXNurTdOC2KsouANoPkSwwlI
2331799287	05	https://00.img.avito.st/image/1/1.LIDohbawgGneMgJkvI0dvbMkgmlYLIhjXg.7BNMyyszyqD2PC0scjWpHB-V270TtlHECE3QMxnYxEE
2331799287	06	https://00.img.avito.st/image/1/1.xaZwTrawaU9G-etCdnnv2GHua0_A52FFxg.RjkoYBAW9KF_fa4mFiqMZQJVbQuAz-co6r0eUGA9mEs
2331799287	07	https://00.img.avito.st/image/1/1.RqlrH7aw6kBdqGhNa0JD1nq_6EDbtuJK3Q.xput7Pm0M9-26TkhTcfDOwLQDmQsO6nMvdYsAN2m9vY
2331799287	08	https://00.img.avito.st/image/1/1.-o5beLawVmdtz9RqI1ev8UrYVGfr0V5t7Q.pORpNPg2XPdlgnLMvnRMEAs7hdhVHl5sPWlXBhICCPo
2331799287	09	https://00.img.avito.st/image/1/1.TXdQTbaw4Z5m-mOTRmg2DkHt457g5OmU5g.OZg7be1JWt8wznSzstniu0YLvB6d1GM_FUUrsqGYISQ
2331799287	10	https://00.img.avito.st/image/1/1.O11mWLawl7RQ7xW5HBBoInf4lbTW8Z--0A.cLVdPkQmg5vMuux8V5I5QoC3YfvdoPWIGVknnOXLy-s
4506652249	01	https://00.img.avito.st/image/1/1.9wQNzrawW-07edngb8WnexxuWe29Z1Pnuw.pD3EOQHxljMwVP4clZaJpo22KuxJPTD-J32W8mSMM94
4506652249	02	https://00.img.avito.st/image/1/1.4RlETbawTfBy-s_9Cg6pY1XtT_D05EX68g.Wn03VfZDI3FJQQZy4-CSbw_QjlhPCBr6BmxY36GdMQI
4506652249	03	https://00.img.avito.st/image/1/1.Def0qLawoQ7CHyMD4vhhx68Jow5EAakEQg.GGSw-QmDg9as14MDsWoVrZku_8EJodG5N2yIjGjaV8M
4506652249	04	https://00.img.avito.st/image/1/1.r1AquLawA7kcD4G0eNq4KDsYAbmaEQuznA.O95dufkGLwRKUjBr5qnpovG0fowZpiUuXjPwF1umPrw
4506652249	05	https://00.img.avito.st/image/1/1.qJMQlLawBHomI4Z3TKLb6QE0BnqgPQxwpg.Gin9RCWjMkKQ0xK6zrVEpLdLhEqNZXTNuy6BRxXKqtU
4506652249	06	https://00.img.avito.st/image/1/1.RtVrcLaw6jxdx2gxa104rHrQ6Dzb2eI23Q.PUkfIR9Dp98iYQPf7LDBDyZSNG2CriRDtcUk0fvxXC8
4506652249	07	https://00.img.avito.st/image/1/1.InZsM7awjp9ahAySJEMNCH2TjJ_cmoaV2g.XTVJv2ZraqoH10hpilW_f6BPaDWzkYMJBioY6jH9ADs
4506652249	08	https://00.img.avito.st/image/1/1.l0oRGLawO6Mnr7muMwL2MwC4OaOhsTOppw.-eh9YUYtq3b6DibQhkV8EcdmnBYzW-cqFnDSFTXVApM
4506652249	09	https://00.img.avito.st/image/1/1.W1cEOLaw974yj3WzPj0QLRWY9b60kf-0sg.p53FKIgSIlEawauh1HwSJfiG0pEE9ldTKCYNdWrPfXc
4506652249	10	https://00.img.avito.st/image/1/1.b1AXmLaww7khL0G0RbkMKQY4wbmnMcuzoQ.UEJNyyKoLWEB2Le6MbzK4JoNfi5ez_lPTi2G9pBQ4mY
3738628747	01	https://00.img.avito.st/image/1/1.4QP4zbawTerOes_ntuqCeultT-pIZEXgTg.u6beAvzbPa_GmkMSiB5whF1aaE5gh7mUgdIVyTbbwJA
3738628747	02	https://00.img.avito.st/image/1/1.VaaoTraw-U-e-XtCjhd_2Lnu-08Y5_FFHg.BG5zY-uT49gnBhHoMl4e6qQ-BNou7274oA8QcEUyyC8
3738628747	03	https://00.img.avito.st/image/1/1.nQUyRbawMewE8rPhBGP-fCPlM-yC7DnmhA.SSe73_BQtiwbNZz_-OLcpMvM_-c_VkNVqOswA4zOTIo
3738628747	04	https://00.img.avito.st/image/1/1.7h9rCrawQvZdvcD7Ow3GYXqqQPbbo0r83Q.TarASWwqMoKbE1I75HiALgMfY_BUzMVMXEGU9WIirok
3738628747	05	https://00.img.avito.st/image/1/1.Nf1wTLawmRRG-xsZFnhEh2HsmxTA5ZEexg.Fy60YddaWO1P7sck175fbFlL7vhBcDzgpOaPA33jV3A
3738628747	06	https://00.img.avito.st/image/1/1.ZE951bawyKZPYkqrPcxKMWh1yqbJfMCszw.PBBQu_u-9vE0LGcfy5g3J0Hn5rfGVRBpUDfJYMMDSB0
3738628747	07	https://00.img.avito.st/image/1/1.wDVBzLawbNx3e-7RTffcSlBsbtzxZWTW9w.Mour-Ianmnn3XH4a5qGeDwflhgqyHHSdAbvKp4XxYDE
3738628747	08	https://00.img.avito.st/image/1/1.b1Aperaww7kfzUG0ex93KDjawbmZ08uznw.PoPvKXEqNB7XM_s_tgpYh10pfPQBGANHaV-VyygAJnc
3738628747	09	https://00.img.avito.st/image/1/1.uQVRmLawFexnL5fhL5KtfUA4F-zhMR3m5w.V6DLoxLjGZkuUFOekpYa2-ualGPzPep2jlWkURtzVVg
3738628747	10	https://00.img.avito.st/image/1/1.NlTAfrawmr32yRiwoHIqK9HemL1w15K3dg.tTdX47J39ld3WhC__uyRMgY0f2nk82N3HmqKhJPaW0E
7898711992	01	https://00.img.avito.st/image/1/1.HBv11bawsPLDYjL_wcEbZOR1svJFfLj4Qw.u-dMo65H-JbwBblotKxTS4NlT9M5WMwhLWYPXlG_vIQ
7898711992	02	https://00.img.avito.st/image/1/1.lQWwTrawOeyG-bvhlhiceqHuO-wA5zHmBg.Ss0wP0jjNLZqTMvOm9RA3Bk2HHuo6N3gfNyxrfJrPxY
7898711992	03	https://00.img.avito.st/image/1/1.sJLbVLawHHvt4552t1766Mr0Hntr_RRxbQ.tWeCcSTxZwBCGxFAkq2FefMAenKtWpUcBDz4HcZla0Q
7898711992	04	https://00.img.avito.st/image/1/1.AIH0VLawrGjC4y5l-Cwv_-X0rmhE_aRiQg.Qf2VSWN8ttfKg9h53eEYMlIKN_4b2SNsxO1yYFuaSwY
7898711992	05	https://00.img.avito.st/image/1/1.f6gNA7aw00E7tFFMf1IZ0Ryj0UG9qttLuw.1ptcAaKTrq_DQfQZRkVi0fgJrdODjj2VKsieQ-oJBQ0
7898711992	06	https://00.img.avito.st/image/1/1.c1fquLaw377cD12zgO0DLfsY3b5aEde0XA.m4myeD2VOmBx1BxwoueOOo4OLanJGHDSmTUMzZAeJhw
7898711992	07	https://00.img.avito.st/image/1/1.DZVZt7awoXxvACNxT99-70gXo3zpHql27w.lBcsMeOIAjPP5V3StWM6Vg9WVRk0LbAW8N0djVq6W5s
7898711992	08	https://00.img.avito.st/image/1/1.Q_AK_7aw7xk8SG0UAKozihtf7Rm6VucTvA.aculXv6M6VUeuT4FmCuXFEjONHQaiZMH0rZNC0tkyXY
7898711992	09	https://00.img.avito.st/image/1/1.92IN2LawW4s7b9mGb5_-HRx4WYu9cVOBuw.iTWXSznwHGHn4ZAbU8udNmBnGmFsdlCaEvMJy2kn8f8
7898711992	10	https://00.img.avito.st/image/1/1.5QYBDbawSe83usviRw61eRCtS--xpEHltw.dkz04WKA5eXeBtfpfxcxtJTokMZUTAkGMUdv_f-8Y7Q
2267359521	01	https://00.img.avito.st/image/1/1.fPzBm7aw0BX3LFIYtdprhNA70hVxMtgfdw.EC4AQ4kmmuSM76KOhm3IKQaWJmZJtlb_KglZ3KUGJYk
2267359521	02	https://00.img.avito.st/image/1/1.JvtrbLawihJd2wgfK3g5g3rMiBLbxYIY3Q.CdmrDoli2d03GrmKGOtV0y1VYkdALoOFOMyuF0vGc-o
2267359521	03	https://00.img.avito.st/image/1/1.D_QNP7awox07iCEQH1cYjByfoR29lqsXuw.F0CBUJ7YIMrEGAgamprqkTeEkA8omkCI7O11qfw0YtA
2267359521	04	https://00.img.avito.st/image/1/1.V03nGLaw-6TRr3mpxW0pNPa4-aRXsfOuUQ.nnVcYncYGhb3LiIYgEDccsFlvkf7VMeQIaB7RlP8ZIM
2267359521	05	https://00.img.avito.st/image/1/1.J8wNP7awiyU7iAkoTycwtByfiSW9loMvuw.qw8n-3HTI6tNS8G122a2Bg95EDBGlmh0ZM8LQo4XlMA
2267359521	06	https://00.img.avito.st/image/1/1.38oNP7awcyM7iPEuPyjIshyfcSO9lnspuw.pTU2mtzTzmE60bp66Wbo33pHJPq1lYbpwlQPFKyp1OU
2267359521	07	https://00.img.avito.st/image/1/1.7HjAX7awQJH26MKclBjyB9H_QpFw9kibdg.hfk5okQ5iGwtImDR09brvWn9JtUOOgZ9W3rG75pXMTc
2267359521	08	https://00.img.avito.st/image/1/1.aIYvlLawxG8ZI0Zic9E8-T40xm-fPcxlmQ.fGN86LuGobI4lpgrS2cE2ViHA_t4-8PcM7QzqiODAUo
2267359521	09	https://00.img.avito.st/image/1/1.EhZqVrawvv9c4TzyQn4Pbnv2vP_a_7b13A.bkh_xKoVs8quXS5XlDz59UARYJxEhvJxBY3Wd48QbOE
2171297064	01	https://00.img.avito.st/image/1/1.KrkbfbawhlAtygRdQwFkwwrdhFCr1I5arQ.mA1_Ohm_MR9eblL0FhmYRI3DaqlU3vzRaDn9lx7JdjE
2171297064	02	https://00.img.avito.st/image/1/1.2YVooLawdWxeF_dhVu_e-nkAd2zYCX1m3g.qoPRfosf5jsSWbdAhV0ExuS8Lrl5R_rlThRDN_5JcRw
2171297064	03	https://00.img.avito.st/image/1/1.sRk6zbawHfAMep_9VPv-YyttH_CKZBX6jA.88QFFbUFUyVQQz9IWMZ4SxU8flihIIeDTI71xIOUumc
2171297064	04	https://00.img.avito.st/image/1/1.6NzFX7awRDXz6MY4mUjwpNT_RjV19kw_cw.gEOe9qCRWNefPTrvZW6pxzycZ0dQnoIjd8x4kq9ljTM
2171297064	05	https://00.img.avito.st/image/1/1.py7_GLawC8fJr4nKvV7VVO64CcdPsQPNSQ.72tjT6rhvoRbG5AEjy7O8FYjUf3twsAbsgnmsrhfC2M
2171297064	06	https://00.img.avito.st/image/1/1.5JyOGLawSHW4r8p4ynfy5J-4SnU-sUB_OA.L7-LhabQaPZGC66u-2CPpPukO_NHexYYzc5afup9dyc
2171297064	07	https://00.img.avito.st/image/1/1.BQU2xbawqewAcivhMKFifCdlq-yGbKHmgA.QaLstJecm4XoGyTKFjj8u4B3lfIoYdxU_khUAXKGV1w
2523440479	01	https://00.img.avito.st/image/1/1.Za5i77awyUdUWEtKJNJHkjlOy0fSRsFN1A.F8V_IjBCSm9P3qAUD4bWOlAfY7dDwhxVuI4_x_uhEdo
2523440479	02	https://00.img.avito.st/image/1/1.T7i_GLaw41GJr2FcrV1kxq644VEPsetbCQ.fuwXHp2OwlP0Hk8ifnaay66kB7QYIZb2wUfjAHvDBAw
2523440479	03	https://00.img.avito.st/image/1/1.6YVo2rawRWxebcdhNsXp-nl6R2zYc01m3g.bwe74i2owYYr_-GpGUsYLMOiQoKJSmUI25YsESy7aLI
2523440479	04	https://00.img.avito.st/image/1/1.UkQzybaw_q0FfnygG_xiClNo_K2DYPanhQ.GFChLXXiiI5695y6ni6PPDJXW9XCb9aQprr6tybYlFo
2523440479	05	https://00.img.avito.st/image/1/1.GmPzyrawtorFfTSHy445LpNrtIpDY76ARQ.YCcuqGg5tIlpvuqqDT2Iy6kDBmsMDkk-hn234de7bTg
2523440479	06	https://00.img.avito.st/image/1/1.UFEUxbaw_Lgicn61OLhgbE9k_rikbPSyog.1S4yb3UlJjTztureZLEki09Evvy_0-v0QUBg-xlKPgM
2523440479	07	https://00.img.avito.st/image/1/1.V8CeDraw-ymouXkkvAscjf6v-Skup_MjKA.tS7_fEAMXuAay1jy9QjBo-hYK2G1WGeRsFtiVvpbMgc
2523440479	08	https://00.img.avito.st/image/1/1.qPJlAbawBBtTtoYWOW_10D6gBhvVqAwR0w.yQUugQ5A8vzjZO0v7PFtgjWL3d3cb6Ty7srmyPv8f2U
2523440479	09	https://00.img.avito.st/image/1/1.JT1Y0rawidRuZQvZHu4zRUlyi9Toe4He7g.qS3WmMrd7ZGVMDVU3SbpxdHgPAbkkB4OihZfH9egRxQ
2523440479	10	https://00.img.avito.st/image/1/1.cJ97FLaw3HZNo157FxkO5mq03nbLvdR8zQ.ya5DoVuuGL12NMKO3Oby0RYnvWgESgcGlUPaPQZ59kg
2971623453	01	https://00.img.avito.st/image/1/1.oVnYSrawDbDu_Y-9lgzdIMnqD7Bo4wW6bg.duSqhtOFi4ft2eVomkXUukRGLTmwZk83wrh3d6fNjRk
2971623453	02	https://00.img.avito.st/image/1/1.01f9eLawf77Lz_2z11emLezYfb5N0Xe0Sw.2kuI_dYJ3_KK__FEt7Bq8qOV-ZG3ovsDM8aTfLuUias
2971623453	03	https://00.img.avito.st/image/1/1.U3BNFLaw_5l7o32UZz1SD1y0_Zn9vfeT-w.JleH7iADo2SPtXCI5fWfUrXrRAe6jWMVSTpLV51GZWw
2971623453	04	https://00.img.avito.st/image/1/1.EYVH1LawvWxxYz9habhh_1Z0v2z3fbVm8Q.gqPh0UPpnlql2Q_wQfW2soUfJTzGZ6Ukpf3j_cguYGM
2971623453	05	https://00.img.avito.st/image/1/1.NZsYTbawmXIu-ht_fk0i4wntm3Ko5JF4rg.VUec_8JfQuirB0L7mo0GqkookPuZ09GXOw0vi6ydSCM
2971623453	06	https://00.img.avito.st/image/1/1.y11vuLawZ7RZD-W5dc-aIn4YZbTfEW--2Q.KYCesPMvay3gjBxdPUc4bqMrNdTEJhyFw65VEkW-QTw
2971623453	07	https://00.img.avito.st/image/1/1.RvBrHLaw6hldq2gUayVZj3q86BnbteIT3Q.Js_m8vMbBXN-XglkGkufsHJ0qjLZ40826o9pvdG644U
2971623453	08	https://00.img.avito.st/image/1/1.P1AqRrawk7kc8RG0WForKDvmkbma75uznA.pkm6Njjix2qV9ZKhapo5A-YG3Rklcs1oXUJ-W6VQrVw
2971623453	09	https://00.img.avito.st/image/1/1.bQUs_bawwewaSkPheoQQfD1dw-ycVMnmmg.Q5d8DBTJTxyyRrvBW17dTg4AaxIGB-oqSsjysTRvjwA
2971623453	10	https://00.img.avito.st/image/1/1.CBzCZbawpPX00ib43l13ZdPFpvVyzKz_dA.5KvisKbD-HJR4K_k5OI6y38B0yqrEMyvBjmukp-l9_U
4283525198	01	https://00.img.avito.st/image/1/1.uzAMx7awF9k6cJXUdonFSR1nFdm8bh_Tug.LYYlGg2lBekbrBNxp4TbXq7gShzbpXEsk60hh7LEFxM
4283525198	02	https://00.img.avito.st/image/1/1.KDzBzLawhNX3ewbYnew1Q9BshtVxZYzfdw.YUEwwCIHkwgp8PCCHO8fLrujB1VhdSuHC_GBN87QHb0
4283525198	03	https://00.img.avito.st/image/1/1.eFzOCbaw1LX4vla4snQKJt-p1rV-oNy_eA.B4UHmv_DgM4WPyMZnOh1x9weotpS-xk80uAx30WyXNY
4283525198	04	https://00.img.avito.st/image/1/1.nJzxPLawMHXHi7J4xXb05eCcMnVBlTh_Rw.8HZjX7_y5UeEcsV61A9XB_5YFHA3kWXd8fgc3Ci8Qd4
4283525198	05	https://00.img.avito.st/image/1/1.F6al-rawu0-TTTlCh7YVmP5buU8VU7NFEw.F7ITwymGAFgxBST4H9_gYEzDqqvr2CJ5A8OwKolFh3s
4283525198	06	https://00.img.avito.st/image/1/1.huhrcLawKgFdx6gMayr5kXrQKAHb2SIL3Q.K_qigYcPQ1f2ltFO20GpM9atGvK1OCJn4qtpOnay2rw
4283525198	07	https://00.img.avito.st/image/1/1._W-ITbawUYa--tOL_gaeFpntU4Y45FmMPg.jFJbBVoVnuDDK7wyHnjV7bVHfMrxitz5-8kXc96A56E
4283525198	08	https://00.img.avito.st/image/1/1.LW-gTbawgYaW-gOL9hFOFrHtg4YQ5ImMFg.tZAfNglNH-JeuGDWQS9tJqjMzvGxWgwSxcYsV-4D4s0
4283525198	09	https://00.img.avito.st/image/1/1.3ohrRrawcmFd8fBsWx2S8nrmcGHb73pr3Q.WU21CjC30aCXLDDRtC0Mh3eL8pWzgLa43_6N1a1mpWo
4283525198	10	https://00.img.avito.st/image/1/1.KMsB17awhCI3YAYvXYtLshB3hiKxfowotw.vCMPrnWqbl7lcTGLlPBlOKW2muf0TJGhLo68aCyA4w4
7898435340	01	https://00.img.avito.st/image/1/1.4Jg8lLawTHEKI858cOP24C00TnGMPUR7ig.gbSMLtmUgOIvAd6l-JIA1DBvMzbX-AUDcSv5OpcjCuw
7898435340	02	https://00.img.avito.st/image/1/1.4JMn1LawTHoRY853a5eV6TZ0TnqXfURwkQ.ivB--pQH_6SEEmFch8ydCEN2KNK56sC-lvqRLlU_J-Y
7898435340	03	https://00.img.avito.st/image/1/1.X1DOfLaw87n4y3G0_BVbL9_c8bl-1fuzeA.HoQ5W3Hjbufbw48HvhycWrxVlTHy9OtLmA87hQzlUn4
7898435340	04	https://00.img.avito.st/image/1/1.0ja4brawft-O2fzSkAmyT6nOfN8Ix3bVDg.J3b2dkhZif-Lma1g2a6c3gX_Fi3QdQAvcWFz77k8ptY
7898435340	05	https://00.img.avito.st/image/1/1.T4dDGLaw4251r2FjUSUb-FK44W7zsetk9Q.lHWikcTHEnr-H0qSLTJKRrgkxibYyeFbXSAYguX5Mhg
7898435340	06	https://00.img.avito.st/image/1/1.81AKBbawX7k8st20YAa9KhulXbm6rFezvA.aOWbuVzmAoB42EPEIUbRsp5eGxtw3EziGXxyTrXWdY0
7898435340	07	https://00.img.avito.st/image/1/1._iQGfrawUs0wydDAdmnkXBfeUM2211rHsA.u8ABpKfq6RLsQl0KuUJeq0XKF7RM4N_3c4AKXAiDBfU
7898435340	08	https://00.img.avito.st/image/1/1.6YVEZ7awRWxy0MdhGhCi_1XHR2z0zk1m8g.boVSJiw-ZvnjDv2wIMMcm8SAlQ3pqkMkTqdbwEMiWME
7898435340	09	https://00.img.avito.st/image/1/1.YrBrfbawzlldykxUI1woynrdzFnb1MZT3Q.LBsTwEoTcU1_Fhes-ufC8qAygcfkMjlSaJvyJpCppWk
7898435340	10	https://00.img.avito.st/image/1/1.KDXB0LawhNz3ZwbRneA0TdBwhtxxeYzWdw.lD6aacVhk0ERPjdseM7TTnjSOhbdH3wjEP7QMUE3jFg
3803097717	01	https://00.img.avito.st/image/1/1.l0zpGLawO6Xfr7moy3LtNfi4OaVZsTOvXw.5TzSTT5FkBMRxMEEliM5lc-TWBK8IMQlMv6GmZLEogo
3803097717	02	https://00.img.avito.st/image/1/1.AJLUlLawrHviIy522OBL6MU0rntkPaRxYg.QW6liVtlWB0ZbxKrRpzjA8g9L9z0p4xuEBd4ubbOcMo
3803097717	03	https://00.img.avito.st/image/1/1.xcrgTLawaSPW--su5jODsPHsayNQ5WEpVg.wDY_1zcr_yqLtWH4bD_lr96ccM1qJ1YIfOBExeB6w1U
3803097717	04	https://00.img.avito.st/image/1/1.9MTBM7awWC33hNogpUizvtCTWi1xmlAndw.n9h84StzTTKZG0CCwQ-5wa3bYlCSlVi2rvXGsndPzMU
3803097717	05	https://00.img.avito.st/image/1/1.GtJ7frawtjtNyTQ2Q1phq2retDvL174xzQ.q2RoDR7U-ytdGiy1j-6Vdpd8wq4ha8vHMW23pplklOE
3803097717	06	https://00.img.avito.st/image/1/1.d1DkdLaw27nSw1m0hg1bLvXU2blU3dOzUg.5bBdzhW8IS5WaHIxiOCYB_3TvgwqLoBCKwZB7TJAMYs
3803097717	07	https://00.img.avito.st/image/1/1.5QYBnbawSe83KsviR9a1eRA9S--xNEHltw.CUK9H0e7qYVAM5iL0BrAlulAZ7JiFt2b0wfWCrnC-yc
3803097717	08	https://00.img.avito.st/image/1/1.OJhjVLawlHFV4xZ8H1wl4HL0lnHT_Zx71Q.907nnY0YMxCt5P2p49hkMoAy67R-PYe3vIWdfmHsnlY
3803097717	09	https://00.img.avito.st/image/1/1.c1cbWLaw374t712zcTE_LQr43b6r8de0rQ.YNHModtMErSZM8KxCyqoK2X_lUbkITowIjVH-ruAzKY
7386040208	01	https://00.img.avito.st/image/1/1.E7AMn7awv1k6KD1UJsN7yR0_vVm8NrdTug.ig13zVzaxM_0ObxdGTsx-BPMTnMEfcOzaMgRKtjnCbM
7386040208	02	https://00.img.avito.st/image/1/1.Z3dDGLawy551r0mTASVzD1K4yZ7zscOU9Q.BwfZwx6n7OrguUK6oExOm9EbLdxNEJHNdRoXxKymGC8
7386040208	03	https://00.img.avito.st/image/1/1.QQVQg7aw7exmNG_hXtJEfUEj7-zgKuXm5g.8e1RFaAJLgIq2aeoqH62FHfYdcij7rz3A1Fh7-Exzdo
7386040208	04	https://00.img.avito.st/image/1/1.gxAMlLawL_k6I630Br7paR00Lfm8PSfzug.htaI4KwKtfOSDlywFuGoQBemCcZJHTZ4tVWW7G9UDdM
7386040208	05	https://00.img.avito.st/image/1/1.n1DO-LawM7n4T7G0_JqZL99YMbl-UTuzeA.A-hK-Gp4BhynKDNBQF6R2xSfKuYtvu3u2V7zB4o3p_o
7386040208	06	https://00.img.avito.st/image/1/1.R8gNZraw6yE70WksD3c0shzG6SG9z-Mruw.UTUBoJco2IdIajkTdwpaV0nXBtQg2JkmLnSyHitq3bo
7386040208	07	https://00.img.avito.st/image/1/1.if1YS7awJRRu_KcZRinvhEnrJxTo4i0e7g.iNETjWR8fFqp2zj1-izC3ASc1hqNHqGqntkgccf0NsM
7386040208	08	https://00.img.avito.st/image/1/1.LWbgTbawgY_W-gOCtjFHH_Htg49Q5ImFVg.lU7GjPdv1OSndr0hTwZ8MAM07E9fOAB80mjpDeRRNx4
7386040208	09	https://00.img.avito.st/image/1/1.JsJrFbawiitdoggmK2VwvXq1iCvbvIIh3Q.NasE2hwi2-AwG6O9FO8UrBAM_rQDw4J8bgA5tBlSzfY
7386040208	10	https://00.img.avito.st/image/1/1.8JzOMrawXHX4hd54onGF5t-SXnV-m1R_eA.-wTSKp16aN_gB7TEAUd7lXp_lWJzq1rQG9VDfYAS000
7834780485	01	https://00.img.avito.st/image/1/1.kwDNGrawP-n7rb3k5yCOeNy6Pel9szfjew.ozfscgzcPMfb57aZy4vPiZFeliQLsHecCpq_keBuiBA
7834780485	02	https://00.img.avito.st/image/1/1.LQtwTrawgeJG-QPvJnoqdGHug-LA54noxg.jwGUn312sAlqNNVH5vfD_5HYx2bVxPGkdDjPkI79zec
7834780485	03	https://00.img.avito.st/image/1/1.gzAMvbawL9k6Cq3UBrPjSR0dLdm8FCfTug.5xHlWnKc_rN6XT8xoMGgFALML6ONAlzzQicyPl9Nsjw
7834780485	04	https://00.img.avito.st/image/1/1.8QVH-bawXexxTt_hKfqDf1ZZX-z3UFXm8Q.BnRBbwENJTNCS2JAG_IvRLcUf6qhRxOdvddHff0yP14
7834780485	05	https://00.img.avito.st/image/1/1.V00lGLaw-6QTr3mpB2kqNDS4-aSVsfOukw.iYwAT5STv5pdg7vLRW-NUf-vluMq3LUkrzN-BmOVKrU
7834780485	06	https://00.img.avito.st/image/1/1.bQSgnbawwe2WKkPg9tQcfrE9w-0QNMnnFg.zUxSCJaBMJMfzewbS4Gz_wQ6uxXA-bnKnxUoSGGkBOw
7834780485	07	https://00.img.avito.st/image/1/1.XQXRjbaw8eznOnPh58xdfcAt8-xhJPnmZw.RRMhIxSQQTvSVpNYyNdiESOXO-TNG7dYpc4sOHmIxMI
7834780485	08	https://00.img.avito.st/image/1/1.v7YNP7awE187iJFSf1GpzhyfEV-9lhtVuw.bS1ZPnLnLSlr7D-0tcAFNriSNZD-94jsdG7KFdzG86w
7834780485	09	https://00.img.avito.st/image/1/1.c1xS2Law37Vkb124OIFtI0N43bXicde_5A.BTLml9YO6WZ0Ngb3NBZGoEb9sXBDwdFdIAnBldu7dVo
7961993469	01	https://00.img.avito.st/image/1/1.Z0zNGLawy6X7r0mojzkdNdy4yaV9scOvew.F4vgM9UO90PeS7X9AIE0Fj6PWs-SGEKwi3rCMe6s4bk
7961993469	02	https://00.img.avito.st/image/1/1.1jZ5-7awet9PTPjSWczLTmhbeN_JUnLVzw.P919cD_A3NiynrSTi9Yr8MtwN3esXETOEBOOqGLH43Y
7961993469	03	https://00.img.avito.st/image/1/1.WjdKvraw9t58CXTTcu9DT1se9N76F_7U_A.blXWgOA3bYSjuUZxMytPLW9UHvrZSAiaA6YHy_67bOA
7961993469	04	https://00.img.avito.st/image/1/1.C7ABTbawp1k3-iVUG1EXzxDtpVmx5K9Ttw.UteANpvpvykHlmlOCz8azWD7CY9a1v6WFD5lQpSjVkA
7961993469	05	https://00.img.avito.st/image/1/1.xE351bawaKTPYuqp_c7vM-h1aqRJfGCuTw.CmK7SpY_ECbXv3r4iYGidBNvgwo7e8Ynf36enGPjsNY
7961993469	06	https://00.img.avito.st/image/1/1.E1AKDrawv7k8uT20IG5fKhuuvbm6p7ezvA.MK0M5xEdVe9G4m5ZfV60en0oIkL5BHrGXrV4R1bIAFI
7961993469	07	https://00.img.avito.st/image/1/1.DaVZjrawoUxvOSNBT_5H30guo0zpJ6lG7w.e7A6vocA4yAFn9zfwwGBQwe4GiJ7O97_l835lONAU1M
7961993469	08	https://00.img.avito.st/image/1/1.6JzCbbawRHX02sZ4nl6W5dPNRnVyxEx_dA.xe6rmv6rmzSWPPjR1w3qwKqV2Aw7vMJlYGVPHx4wtmk
7961993469	09	https://00.img.avito.st/image/1/1.bjYKXbawwt886kDSWnBuSRv9wN-69MrVvA.XiOjlVHKzu8litU57Ew9ckdU-Xzo_KOH697fn-tEwpA
1979249012	01	https://00.img.avito.st/image/1/1.sTX_TbawHdzJ-p_RkVeySu7tH9xP5BXWSQ.idVOv0KMLfYHOZ1RpZs0LlJK_CQbrCUvJ5hTcUbaot8
1979249012	02	https://00.img.avito.st/image/1/1.cIYvFLaw3G8Zo15iQ1kk-T603m-fvdRlmQ.PxeDKvo_3j4UUNM-ihwye6oArF9BEiwm5VQ5k32ZGrM
3003002399	01	https://00.img.avito.st/image/1/1.V3QFGLaw-50zr3mQJylODBS4-Z21sfOXsw.f_W-mI0HhPhv20NMsc7k1wHEj8nbFLY7N2oVCR9WKkc
3003002399	02	https://00.img.avito.st/image/1/1.fZf6d7aw0X7MwFNzjB5OqqHW035K3tl0TA.AUU_YT9YPFyI5FnP2dEkORNRAE0YrJhssCywXtBX4Qs
3003002399	03	https://00.img.avito.st/image/1/1.FIjAU7awuGH25Dps5GcT99HzumFw-rBrdg.P4DB_qj7PZIqTqfEyRDGB5AKhz0zDcBi-pysUbiBVXc
3003002399	04	https://00.img.avito.st/image/1/1.o3Bnr7awD5lRGI2ULYHiUjwODZnXBgeT0Q.prCSuMW5P94fit0LVid9stXfWnXlt8w44IQUHCuHKb8
3003002399	05	https://00.img.avito.st/image/1/1.BJyLHLawqHW9qyp4j3QY5Jq8qnU7taB_PQ.EmPNXdPEb4yIZ5-MdWFZme6-QfbGfXe33VxUA9IVmYA
3003002399	06	https://00.img.avito.st/image/1/1.CMnUjLawpCDiOyYtyKgq9Y8tpiBkJawqYg.MA-YoTjr6E1HdCkucc89pf2KtVWkBXD2tLpL52TgB0U
3003002399	07	https://00.img.avito.st/image/1/1.wPgUyLawbBEif-4cGKfFxk9pbhGkYWQbog.JEss388zwVLa6PtJJPdF-_1N2qUuw0xORUECqI16oqo
3003002399	08	https://00.img.avito.st/image/1/1.hpBrCrawKnldvah0azCq7nqqKHnboyJz3Q.PlD4TRfxW7n79oWg1GtmSaeD-VdEKzO7F0B3DyHL-ds
3003002399	09	https://00.img.avito.st/image/1/1.oadYS7awDU5u_I9DFnnC3knrD07o4gVE7g.FgZZBzQuMWazkR587tXQbTuH0FSSwECTSlKdCXx7XC8
2203796346	01	https://00.img.avito.st/image/1/1.iiA7eLawJskNz6TEI06IXyrYJMmL0S7DjQ.mjnS5raG-79Im9KGJrqTMQ-VnHXHVUVVjKUnH96IwVM
2203796346	02	https://00.img.avito.st/image/1/1.6lM0YrawRroC1cS3bFntdW_DRLqEy06wgg.upnh9sSF4jWGIn9Ji6CTZ5AR0JFdPQjWVoNZbP4K9q0
2203796346	03	https://00.img.avito.st/image/1/1.hslrbbawKiBd2qgtazOQsXrNKCDbxCIq3Q.S-LbXikWFPCATkuy8p79RKSEE-TLQ1KhAqQg3maErfs
2203796346	04	https://00.img.avito.st/image/1/1.mJhy1LawNHFEY7Z8TsaH4GN0NnHCfTx7xA.ZCmcc7vAwbwQIwgqoz3goV4KLdgghc1zfT3AwMVNAzQ
2618917399	01	https://00.img.avito.st/image/1/1.tJ0S4LawGHQkV5p5dvab4wNAGnSiSRB-pA.5GK0K3zZPqIj9GTUQ86w2Ev03IPgYtdxJyVbR7TNSNM
2618917399	02	https://00.img.avito.st/image/1/1.PQZWxbawke9gchPiIKE6eUdlk-_mbJnl4A.dVfZBzszPVDDG7STeNVzfaa0H5XnKSdQj_O5BMAy74I
2618917399	03	https://00.img.avito.st/image/1/1.4TClzbawTdmTes_U64K3T7RtT9kVZEXTEw.1853_yj2WpRw10v-tu-kgN_-U7GK40w-D2fkZIbQ0G8
2618917399	04	https://00.img.avito.st/image/1/1.8lZtfbawXr9bytyyBQb6KXzdXL_d1Fa12w.-AjnT50x6jhmanAiqZ0y6cQrBNQ6C9Lru7cQSOTECjY
2618917399	05	https://00.img.avito.st/image/1/1.A1cw2Lawr74Gby2zOsBFLSF4rb6Acae0hg.CGsiOJ697zX5T1WYWGk8mauQMf2RVH5A53504J5FfV0
2618917399	06	https://00.img.avito.st/image/1/1.HHyF1LawsJWzYzKYsbBVBpR0spU1fbifMw.lSL7iw6DkPfpNB6R2GI3qF9SHKD86nzbsWw0MKshUM8
2618917399	07	https://00.img.avito.st/image/1/1.x4bRGLawa2_nr-li0wOV-cC4aW9hsWNlZw.JDjSfd_n6pQNkRBPPO8qKq77jOeuVdY7QEouRI7ciQw
2618917399	08	https://00.img.avito.st/image/1/1.kBKB0LawPPu3Z772rZaIapBwPvsxeTTxNw.WIiQDrd-gXvYonz6fow6vakmYBWiwCstJcio3uNwK4I
2618917399	09	https://00.img.avito.st/image/1/1.hFTAVLawKL3246qwxD6MK9H0Kr1w_SC3dg.dbXUMkie3tlkg258UMx4jELS1fOV-OaTBLqzuKCinE0
2618917399	10	https://00.img.avito.st/image/1/1.usZoibawFi9ePpQiENfIvHkpFC_YIB4l3g.uyAcJWJM8UbTT_NzMMqQL_Ilu5NE8P_GfBNlRVUd_ns
7930400463	01	https://00.img.avito.st/image/1/1.vSVbQ7awEcxt9JPBLXG6WkrjE8zr6hnG7Q.EI12Osxb7VaODX_dMElKf-492LgtcBuzhFcSBNruEbw
7930400463	02	https://00.img.avito.st/image/1/1.IuZrmLawjg9dLwwCI4xYn3o4jA_bMYYF3Q.hR1jUTXxaaTxY9djSZ7en6Qt60z6qsRi-wsoDTWcsN8
7930400463	03	https://00.img.avito.st/image/1/1.-XpYUbawVZNu5teeJgq3AEnxV5Po-F2Z7g.1QKIn81_J1JhG3J52M7tIo0aORVyMAEKAMALA5E0lk4
7930400463	04	https://00.img.avito.st/image/1/1.mTW5TbawNdyP-rfRh2eeSqjtN9wJ5D3WDw.-igJWi8akq2NSsDw0wh6rD1E_SSrV8JZEiYRcj_Wks8
7930400463	05	https://00.img.avito.st/image/1/1.Uhybf7aw_vWtyHz4s2JOZIrf_PUr1vb_LQ.qm01rPCeAMi1_3nF4OOD5v1M2skB5oST70LyudfLeTE
7930400463	06	https://00.img.avito.st/image/1/1.79INBbawQzs7ssE2XyKQqxylQTu9rEsxuw.j5JZwUYRj-7X3pD8LTVPYm7OajT0-ShIdSp1h71GwhE
7930400463	07	https://00.img.avito.st/image/1/1.w4FtGbawb2hbru1lZxa--Hy5bWjdsGdi2w.m9YD-yxWeQCD1dfhuVkEF_XIzpzbWFItZ6jQ4pYGOGE
7930400463	08	https://00.img.avito.st/image/1/1.ooTreLawDm3dz4xgo3ry-_rYDG1b0QZnXQ.xvnXLy5TbGE5CzG-MrsssyuvgtEcF9GEq5mEfw3KY5c
7930400463	09	https://00.img.avito.st/image/1/1.Mggbf7awnuEtyBzsc0MkcArfnOGr1pbrrQ.qlV7sOS8XBPJ49hze0OCcnwzJ2CU6BcAptX4RXMuuec
7930400463	10	https://00.img.avito.st/image/1/1.m1Gr-LawN7idT7W1kYb7KLpYNbgbUT-yHQ.5pLeL-NrMr_39gPVfVc9Wyr1qmjTJe1OVZKgIMcoMtc
7322568232	01	https://00.img.avito.st/image/1/1.q16bWLawB7et74W6wTKHIIr4Bbcr8Q-9LQ.etMxfhefWE91kSe-NAcLYI0Vqt3fvdaoQobTFidjlas
7322568232	02	https://00.img.avito.st/image/1/1.lcLITLawOSv--7sm7ibbuNnsOyt45TEhfg.a0Bg7Mr8ZRssNdIxvTN9H7WY8Vh9ZoSY1Ee4r_ADBXE
7322568232	03	https://00.img.avito.st/image/1/1.CrZsNLawpl9agyRSdDQmyH2UpF_cna5V2g.S6AsReE3WgNWINTQBkPXA6AElaI_1BqSmdNw9BbbsrY
7322568232	04	https://00.img.avito.st/image/1/1.NGGh1LawmIiXYxqFxZRHG7B0mogRfZCCFw.iKpFv5itDPMWdG9bS1O4gJna6GvkF6RsH6HDWbVPyBc
7322568232	05	https://00.img.avito.st/image/1/1.ukZo97awFq9eQJSiEIn3PHlXFK_YXh6l3g.XBsF6z9fEilOKxpLM09V2NSF6uVbDcWTThsC6amqYpQ
7322568232	06	https://00.img.avito.st/image/1/1.8mZrlrawXo9dIdyCA6GPH3o2XI_bP1aF3Q.B1cw8mnfyP77sHNPy-TfCSI5ynZfIh2lMiAqyckTOnw
2586852716	01	https://00.img.avito.st/image/1/1.mQwJzbawNeU_erfoN-OFdBhtN-W5ZD3vvw.CmJY_u8ATrvHuwGZEUXOQkxnfZ8puq0wkRnhp9FTQzs
2586852716	02	https://00.img.avito.st/image/1/1.cjB1Hraw3tlDqVzUHSd0T2S-3NnFt9bTww.SpghceGxuRlzKxTk-zzVmIrGHWJ-lTsqhNjr4LAYW6w
2586852716	03	https://00.img.avito.st/image/1/1.jnHYKrawIpjunaCVyES6TIOLIJhogyqSbg.kS4TdBWFS5oRW0ZTLUUN-G0HTql7S78lcdtPZkO1Wqw
2586852716	04	https://00.img.avito.st/image/1/1.411lOLawT7RTj825Lx-wInSYTbTVkUe-0w.NIhcAkew26r2SCkT-puiPCRunUwD389nW1yTFAa-uh4
2586852716	05	https://00.img.avito.st/image/1/1.JQVbQLawiext9wvhHWAhekrgi-zr6YHm7Q.3ZCMnrluPb_o8GODqaIUPJgXWtMzfqof3uFEFTrp9KA
2586852716	06	https://00.img.avito.st/image/1/1.EsZqbrawvi9c2TwiQnITvnvOvC_ax7Yl3A.P41OqGL-yhUE001rpgE8Us72Ba7zzumdI39UgM66NLY
2586852716	07	https://00.img.avito.st/image/1/1.OIglQbawlGET9hZsWSkttH7glmGV6Jxrkw.XhDx4A2KujeR2vFAsJ98Oks17khElYwXEmiHKYRAICk
2586852716	08	https://00.img.avito.st/image/1/1.Tlf6fraw4r7MyWCz6htLKOve4L5K1-q0TA.Ib1Yb-xEeTlPlO7v7ANdl8Gquu4BVWF8pjDuu41l7pA
2586852716	09	https://00.img.avito.st/image/1/1.mRrITbawNfP--rf-9m_pYNntN_N45D35fg.xrBfMwLltgY9MdERjSwX5xAX5rqVOGCNTQCgCDTYe08
2586852716	10	https://00.img.avito.st/image/1/1.S3MtGraw55obrWWXN19KCzy65Zqds--Qmw.rE_1UHRugI1Z8ORCwKgG6i8zSCftbRYGoGEi-3DzltI
1978929694	01	https://00.img.avito.st/image/1/1.gBzCh7awLPX0MK74zp3jZdMnLvVyLiT_dA.GN1qzFyEzRa_S9SIL6H64HaiK8l8nfq3oiYnPGPF6AU
1978929694	02	https://00.img.avito.st/image/1/1.whXbf7awbvztyOzx0zDabcrfbPxr1mb2bQ.l8DhwTmNzxCbyIT0rtBaqf21uXQHAu5BKMUxvAdrNQI
1978929694	03	https://00.img.avito.st/image/1/1.tjYJ0bawGt8_ZpjSac-qSRhxGN-5eBLVvw.Vzd_3aQAGlHW7Mv9SWV36vUxpxvEk6GmRNtUCMBnDHI
1978929694	04	https://00.img.avito.st/image/1/1.emZtVLaw1o9b41SCFWFmGXz01I_d_d6F2w.o8fGWKralIWK5hVL6CwV-eGfwixz37x7jgPzRDL8E8U
1978929694	05	https://00.img.avito.st/image/1/1.7PjABrawQBH2scIclEHBhtGmQhFwr0gbdg.lZYvemjKn89yQoBV2t_OISTHT0zpgxLrIWK5q7-cysg
1978929694	06	https://00.img.avito.st/image/1/1.jjj1frawItHDyaDc5STzQeTeINFF1yrbQw.EHTJzG4XWWRI0LDhxjyCFRMjcYT2CoAz7orXtyG9t1U
1978929694	07	https://00.img.avito.st/image/1/1.FSVY3bawucxuajvBfu0MXUl9u8zodLHG7g.5ur9KG5P81aDlbNVYbQ0phB3BpOt_hTsu39dNWWNYb4
1978929694	08	https://00.img.avito.st/image/1/1.s11t-LawH7RbT525B8biInxYHbTdURe-2w.gJYq4d0hv64t7p1ylO9euLV6vkMh0NlXfJ0NmWBdTJo
1978929694	09	https://00.img.avito.st/image/1/1.HjiIfrawstG-yTDcuFJgQZnesNE417rbPg.XKmzP-47Q8nKpEDJPrRupeSsl9IQzHPSIHLYxWdhpKg
1978929694	10	https://00.img.avito.st/image/1/1.mjdFzrawNt5zebTTfcCET1RuNN71Zz7U8w.VxQ5eKiSoE0jpJQ-6xeR6WkmR3xbrQLYqrOqlMpX3Uo
2587577571	01	https://00.img.avito.st/image/1/1.6kZtVbawRq9b4sSiNSr2OXz1RK_d_E6l2w.PJOhxhhtBYRYU_fH34WZP3GQIeyjxZfO3e8dwlnLqWk
2587577571	02	https://00.img.avito.st/image/1/1.Moh7eLawnmFNzxxsE1xk92rYnGHL0ZZrzQ.hLd05COHH_6TIsM4N6WnkE7m0BMdStuIR4IAsFGWLzg
2587577571	03	https://00.img.avito.st/image/1/1.o1bNH7awD7_7qI2yh2XrLNy_Db99tge1ew.ntd7EELbuR6URibsX1wLjxEYYmBnQPAHNnliqp4q5h8
2587577571	04	https://00.img.avito.st/image/1/1.NnA6KrawmpkMnRiUWk4NTWGLmJmKg5KTjA.KTf6UySc2NoBucH0pqvunp5MK_fSik3MeH8NG2QhSGg
2587577571	05	https://00.img.avito.st/image/1/1.RzgN27aw69E7bGncD6pDRxx76dG9cuPbuw.RZj6NPqsmokLdYhmYHnj1IrSrRiGeSQ0jHc8TiB6bo8
2587577571	06	https://00.img.avito.st/image/1/1.YLTB2rawzF33bU5QjfssztB6zl1xc8RXdw.atFVAGRtDqSm3r632xzcNj_KWKDjDfCnYM1-tDcrnLI
2587577571	07	https://00.img.avito.st/image/1/1.BjZTx7awqt9lcCjSU4NKTEJnqN_jbqLV5Q.yjCnwWx1vPm0mxscy8VxZCjsEhNxBZvULEyIx64T3yg
2587577571	08	https://00.img.avito.st/image/1/1.EFzZ1LawvLXvYz649fgZI8h0vrVpfbS_bw.Sp4MN91fxt-nFf6XhYnT4zUGTKAKej-_4CDzrw_gtNA
2491246379	01	https://00.img.avito.st/image/1/1.7UVY1rawQaxuYcOhDtX_PUl2Q6zof0mm7g.QCCsW5Fi9sLmXqHoBL28klBRgHOmczKy9GE98AhsliE
2491246379	02	https://00.img.avito.st/image/1/1.5jYJybawSt8_fsjSSbb6SRhpSN-5YELVvw.Its9pA4n8lJL1lJtvTKjIuSdWE1rT1kpOMQNv-NUGOI
2491246379	03	https://00.img.avito.st/image/1/1.PadtD7awkU5buBNDGw8Bmjauk07dpplE2w.64tEr7XfPcCLKsuy6pYYo09khZ-woG4Mxxp_ecnPOIY
2491246379	04	https://00.img.avito.st/image/1/1.V3UNGLaw-5w7r3mRLzlKDRy4-Zy9sfOWuw.RdPeZGBM8Fm0T3tx3Q1u8hpDtiae5t2e--BD1J_QJOI
2491246379	05	https://00.img.avito.st/image/1/1.sRlyzbawHfBEep_9HLv6Y2NtH_DCZBX6xA.7ESFGhH2mFATMgdybHgZWbRBMpVnviXfS7_ZMWTXwCU
2491246379	06	https://00.img.avito.st/image/1/1.6NzCrbawRDX0GsY4npqOpdMNRjVyBEw_dA.ouzcNJp1rH35cwckO64Sz5vGINqX6n1rcrEgWHRhNaw
2491246379	07	https://00.img.avito.st/image/1/1.nJzxJLawMHXHk7J4xXb05eCEMnVBjTh_Rw.0RAy1Bghe2jOjdb2N3eWhtRwE8mIsamlG7qifbuxJGU
2491246379	08	https://00.img.avito.st/image/1/1.GRFYUbawtfhu5jf1ZlFRa0nxt_jo-L3y7g.isKdKZqeDmGnG4_Kmz9RH7GLkTBSk6M2nBOy0mb1_9w
2491246379	09	https://00.img.avito.st/image/1/1.zjZ41rawYt9OYeDSaNXaTml2YN_If2rVzg.3kbOLJoS3JgzalvDpzFHdirO4DXQeQyXDWm3px-MC6g
2491246379	10	https://00.img.avito.st/image/1/1.W11tOLaw97Rbj3W5Vx0KInyY9bTdkf--2w.xokdmL4uMmZ7kQALHyw-UBmFuIDzgsfWKivznxi6xiw
2011817880	01	https://00.img.avito.st/image/1/1.cQyuzbaw3eWYel_owNhndL9t3-UeZNXvGA.sRc7T1ybRXqiDozkmqOHndgTJorCAiAbNgpjlDlrOE4
2011817880	02	https://00.img.avito.st/image/1/1.LQVATrawgex2-QPhFmIkelHug-zw54nm9g.Jmn_ZWU9E0ymWyiqce4Ddvqm4C1UCtFZ8TERjv0qCUc
2011817880	03	https://00.img.avito.st/image/1/1.GYZYS7awtW9u_DdiZnN4_0nrt2_o4r1l7g.Ac5rycqaioee07XK10MslWP2OnR5AINyzrisviXiUjw
2011817880	04	https://00.img.avito.st/image/1/1.01fl-Lawf77TT_2zz8egLfRYfb5VUXe0Uw.KIIcFfPNNPbgW7UJUtYBCGcKECl330XOJUaTM6Dj_ms
2011817880	05	https://00.img.avito.st/image/1/1.iLnUs7awJFDiBKZdyMHlmY8SJlBkGixaYg.dYNPnZ_jt-VJ9yVyWMYOUjbTgqyoNQoOXbLo9eKxAJ8
2011817880	06	https://00.img.avito.st/image/1/1.KEcBzrawhK43eQajXdJ6OBBuhq6xZ4yktw.yyokPUq1Bvw30PPo0mxiwFNj-r6z63x5GRcvTGfZ5sA
2011817880	07	https://00.img.avito.st/image/1/1.hx4NA7awK_c7tKn6Dz3jZxyjKfe9qiP9uw.qJGRkOvLvNl_5LvcJd72E87k0D1Kr-L5LkJvQ4sXot4
2011817880	08	https://00.img.avito.st/image/1/1.cJgslLaw3HEaI158QOFk4D003nGcPdR7mg.lGiDjE14faKzPBu6g_oi9EiYr96uyGJhdFvA2qv2HNs
2011817880	09	https://00.img.avito.st/image/1/1.Tgnzfraw4uDFyWDt4z87c-Le4OBD1-rqRQ.YJmJ-YWGKgz5_2-wVpdTSCvXtfh3r0fNXqMzZqiGFRk
2011817880	10	https://00.img.avito.st/image/1/1.BQSeRbawqe2o8ivgmGFKfo_lq-0u7KHnKA.ry4S2PvCl5faMHezcIAQIntppgzPvpbwmRh-5loDluc
8026006413	01	https://00.img.avito.st/image/1/1.giZo4LawLs9eV6zCYMbEXHlALM_YSSbF3g.e2pK8qhLHprAFkxlHmm9M-X-miU8emJgwMjSbt9yYTo
8026006413	02	https://00.img.avito.st/image/1/1.UOHBzLaw_Aj3e34F7b1WntBs_ghxZfQCdw.KrHhLcg-qcNh5NrOIV4DmvIcC5jvgjzdqMzRcU1_1Vo
8026006413	03	https://00.img.avito.st/image/1/1.JOzAB7awiAX2sAoIhFcLktGnigVwroAPdg.-xw08uF68gG5nTqUEuJdQBuXzfTeUBcjVAx_2lbODNk
8026006413	04	https://00.img.avito.st/image/1/1.aISs1LawxG2aY0Zg8KVs-710xm0cfcxnGg.IWyK1DKYA_Hqlvye-4ed33LfPR87Ubht_25yToTCI7U
8026006413	05	https://00.img.avito.st/image/1/1.IYVEMLawjWxyhw9hCnxv_1WQj2z0mYVm8g.UfpQ7qPtYo9Ue9y0VTN9BLbrI8K2VBwlAtzf4zXShXs
8026006413	06	https://00.img.avito.st/image/1/1.u1APbLawF7k525W0dU6vKB7MFbm_xR-zuQ.wSxh5p7F8hTCx3dexCrpWY0UFsmy3Fw-5hbyXTjxBvk
8026006413	07	https://00.img.avito.st/image/1/1.VGKR1Law-IunY3qGtaUhGIB0-oshffCBJw.eo7tDcarhvunpgqX6WTUQ3OJaNWAoK-T9Ot8t2oqzSg
8026006413	08	https://00.img.avito.st/image/1/1.A1cImLawr74-Ly2zAohLLRk4rb64Mae0vg.uRBLXrkIZVZvdTTb6RwtoLpCAuQi5oyMrpLvA1-uZ6w
8026006413	09	https://00.img.avito.st/image/1/1.1QZS3bawee9kavvidLbWeUN9e-_idHHl5A.N9M4P6NBpgqaXJZ0t2XkihgHx_M9N7H44P6osAisUpw
3002907173	01	https://00.img.avito.st/image/1/1._NjZ1LawUDHvY9I8re_9oMh0UjFpfVg7bw.QX60AoALqidOS0DvjNR_KPQ-4rVL-6vDxuZ7gmVsUO0
3002907173	02	https://00.img.avito.st/image/1/1.IQViWLawjexU7w_hLFAJe3P4j-zS8YXm1A.UDRgny2rC8EEVo5EnnT1smrKv23PhV49Coxu7GFClsw
3002907173	03	https://00.img.avito.st/image/1/1.SMSBzLaw5C23e2YgnelKu5Bs5i0xZewnNw.2BPWIRJxhe4Bdg9scKGfc02mFxy-yvkdP3SlbHjDdgg
3002907173	04	https://00.img.avito.st/image/1/1.vbVb6LawEVxtX5NRLZKRy0pIE1zrQRlW7Q.3wLGPlXfAYNuJg2eOE0YzUYEiFUN-H6WuDGgY_uzpcc
3002907173	05	https://00.img.avito.st/image/1/1.UikreLaw_sAdz3zNAwlUVjrY_MCb0fbKnQ.mEzBOuYYy8Yzwz5Xii7cxIH9tJXeqgYEOxwJtd3vTpw
3002907173	06	https://00.img.avito.st/image/1/1.SikreLaw5sAdz2TNMwlMVjrY5MCb0e7KnQ.Cd9HX5TPwdiCTjaeIaOKzCLwIHB8OLwLz37c4uWjGww
3002907173	07	https://00.img.avito.st/image/1/1.X1B8wLaw87lKd3G0TtERKm1g8bnMafuzyg.w8cke3oTpPgS2XuuW0EEytDNzQoGSn01-33u6bVqWMw
3002907173	08	https://00.img.avito.st/image/1/1.tM2zBbawGCSFspop13fY8eikGiQDrBAuBQ.G3moKVneavDyCH7W5TbxSB3T9fuktai3HDqYzOZRl7w
3002907173	09	https://00.img.avito.st/image/1/1.AQPbTbawrert-i_n1XVgesrtr-pr5KXgbQ.W39VuqsK1lzI-arYgUEJ1WocWl-b2-UxPhjL-zv8Z5k
3002907173	10	https://00.img.avito.st/image/1/1.cjB1_raw3tlDSVzUHf90T2Re3NnFV9bTww.ApHVN_VD2Ov7fFePM99Isg-oqesqr17aeL_4ImZ_dTo
7962548077	01	https://00.img.avito.st/image/1/1.hVVY27awKbxubKuxXtGaLUl7K7zociG27g.Kz50QMP3pzbk4PUXeHC-hR9oi55N9dTxyrW4Mwj8U1Y
7962548077	02	https://00.img.avito.st/image/1/1.cIY7FLaw3G8No15iVxkm-Sq03m-LvdRljQ.rAnvTvfDS0g_vFArVLIaIxootw6R09MxJsKevq2JcOU
7962548077	03	https://00.img.avito.st/image/1/1.Y9ntFrawzzDboU09pwtIp_y2zTBdv8c6Ww.ef4K1m6daxpxK2LUO8atZVS-k-N--ih9R1cwdbewyxw
7962548077	04	https://00.img.avito.st/image/1/1.hOzBKbawKAX3nqoIxXv3ltCJKgVxgCAPdw.Tg8Bevop7mwPTh5rpM7gzcerYRBZshHVSz_FX9aWaAA
7962548077	05	https://00.img.avito.st/image/1/1.fwAN8baw0-k7RlHkf_BTfhxR0em9WNvjuw.-JWvQq1a43V8IA_PG9w51up-YYh2541XdqxfqQ-3P9k
7962548077	06	https://00.img.avito.st/image/1/1.XJz1nLaw8HXDK3J4wfU95eQ88nVFNfh_Qw.-qn8VK9cMtlPrc0EkY7YKoFjzjtAtXehZ31c9AX1td0
7962548077	07	https://00.img.avito.st/image/1/1.HQ2gTrawseSW-TPplhIccrHus-QQ57nuFg._hEhmwPD5LfohrSQrxOOHNzXC__Ef_Xpi12oH4JFF3g
2971011803	01	https://00.img.avito.st/image/1/1.PQSi3bawke2UahPg1LVOfrN9k-0SdJnnFA.OYuxPxsEJOTgp3p4hIo-chIiRWDFIqNM8ymFrnE9rWA
2971011803	02	https://00.img.avito.st/image/1/1.djYf2Law2t8pb1jSf-FaSA542N-vcdLVqQ.pQqw8WTOocGQUyk1OCbR48toorMmcXez2TfiO0lUm4Y
2971011803	03	https://00.img.avito.st/image/1/1.I3AMo7awj5k6FA2URudECR0DjZm8CoeTug.aGQXkNh7X7-m0Fs8BRKDp1vRrvtzpIFK30NsnuLX9aw
2971011803	04	https://00.img.avito.st/image/1/1.Omlmu7awloBQDBSNHus1Tz0alIDWEp6K0A.vVGxwLxsgJDsVDLxa8rinGKMdPqDLUyBbT0_1Dwvqvk
2971011803	05	https://00.img.avito.st/image/1/1.UEyB27aw_KW3bH6orf4jNpB7_qUxcvSvNw.TDDUkXJf-K5p62h2Ou8OJyiibnnaneufufNJP4oYPeM
2971011803	06	https://00.img.avito.st/image/1/1.5Jz27LawSHXAW8p4sveD5edMSnVGRUB_QA.v9ggcTUklUj-V28vQRipDlK5U3B3wF0MQD1Eo33zj9w
2971011803	07	https://00.img.avito.st/image/1/1.Z5KjGLawy3uVr0l24WVk7bK4yXsTscNxFQ.vcFnlhJab_L8dnEGW-NKbx7j8uW-XSwWB42NCrDhkpE
2971011803	08	https://00.img.avito.st/image/1/1.F9gNPLawuzE7izk8LwwMoBycuTG9lbM7uw.62Esc0NRBvBINE3K_0Y8ruilywDwkfxzEZjLbS7DwAw
2971011803	09	https://00.img.avito.st/image/1/1.M0PNH7awn6r7qB2np0d-Ody_nap9tpegew.AUzbw0HbBxNolCBRt1Bx4mJBq15aLsBRKQ5UkFz38LE
2971011803	10	https://00.img.avito.st/image/1/1.vXVYJbawEZxukpORLj_cDEmFE5zojBmW7g.7MkrOe1oodMSG9VGze3GGitQU8lDkCZ3qlwSsOfgmjE
7706480118	01	https://00.img.avito.st/image/1/1.OISO1LawlG24YxZg8oQ4-590lm0-fZxnOA.8BmkSvVqwh_GWk_O0UvXQ0xMmjTOU_dngUGewzDs1Hg
7706480118	02	https://00.img.avito.st/image/1/1.PjZT97awkt9lQBDSI_NzTEJXkN_jXprV5Q.6Bn3GIUL_A-sUR_D_LrdBhUWmMxw6oijsmCdrAhVcMM
7706480118	03	https://00.img.avito.st/image/1/1.Y41tGbawz2Rbrk1pJxQd9Hy5zWTdsMdu2w.cl3ePTHaXqdYBejRNDCj6xSup0wl6RsjhsQblRd2E_4
7706480118	04	https://00.img.avito.st/image/1/1.RqhrcLaw6kFdx2hMayk70XrQ6EHb2eJL3Q.aR3MPypjfGsc4aPbjFSW_3NQ32DQKL_5nnHOZy4teRI
7706480118	05	https://00.img.avito.st/image/1/1.TkKFfraw4quzyWCmlWdgPJTe4Ks11-qhMw.jockBanH_Os-137pFYl4z3k5bAQwTyT9jryGZmu6zo4
7706480118	06	https://00.img.avito.st/image/1/1.DV1bWLawobRt7yO5TVQRIkr4o7Tr8am-7Q.oRBl-4zwv54dsdBeHb0B7EfpkfvUCkSwUPszVr8tOww
7706480118	07	https://00.img.avito.st/image/1/1.EFzFObawvLXzjj646UUEJNSZvrV1kLS_cw.rAHIcFdQC5lM5rJJ54I9SZttbP01qZmw0jZheSsK-SA
7706480118	08	https://00.img.avito.st/image/1/1.DKDBNbawoEn3giJE1SlH2tCVoklxnKhDdw.u1H6Z0iPMYYnMlaPX956eq01qlP4VBUqNTeu6vVVlgY
7706480118	09	https://00.img.avito.st/image/1/1.izaNFbawJ9-7oqXSl2fbSZy1Jd89vC_VOw.g_7y-Jsm31oOVIKOGIgfhtA99SrDcRG6HMJQA32hJOU
7706480118	10	https://00.img.avito.st/image/1/1.A9pr8rawrzNdRS0-YY4T5jBTrTPbW6c53Q.xynI6UfP8hXWda5fMatqFSOXhCpwR59L3YB6mljS3f4
1883600570	01	https://00.img.avito.st/image/1/1.j4bJGLawI2__r6Fi2zLd-di4IW95sStlfw.VHfwGptTueYhCtdAXfy7ek7pmGbGyo_ZhXPpWW0EgEg
1883600570	02	https://00.img.avito.st/image/1/1.7V1Y2rawQbRubcO5DtXzJUl6Q7Toc0m-7g.yqeRuro6ERIr6CwLcePvspgtuFEOcchIbZqm652VU0c
1883600570	03	https://00.img.avito.st/image/1/1.Jyambbawi8-Q2gnC5CF7BP3Mic8WxIPFEA.pt_PQ9eDq4bWc0eNaZdxd2bx3vTBslLr24LOdlJvjZ4
1883600570	04	https://00.img.avito.st/image/1/1.RLmWULaw6FCg52pdklVFns3x6lAm-eBaIA.8NnZ8yIrYDc9IMTwmoQpJK8AlNijnJVb3JtpqolayFk
1883600570	05	https://00.img.avito.st/image/1/1.YAHUrLawzOjiG07lmN16Jo8NzuhkBcTiYg.XrfuXNPu0PaKjrZSNfwxdf1dzB9ve0hs5_nnlB6VlZ8
1883600570	06	https://00.img.avito.st/image/1/1.Si_7eLaw5sbNz2TL4z1PUOrY5MZL0e7MTQ.sHR1NTR8b-_LUKmK1Y1_sESybCOCqq8PsjTfBu9laRE
7770770969	01	https://00.img.avito.st/image/1/1.uYVEQrawFWxy9ZdhOhzw_1XiF2z06x1m8g.8C-up9bZ4q1PPEUzEHTT5cf4mSn7BYjh2S1NtJ8VKvI
7770770969	02	https://00.img.avito.st/image/1/1.CJzFVbawpHXz4iZ42WUR5NT1pnV1_Kx_cw.KFWmo0ntLTZcS7oCE0dKz6pNzGADHh1kYJgirlMKepo
7770770969	03	https://00.img.avito.st/image/1/1.u7APTbawF1k5-pVUdVOnyB7tFVm_5B9TuQ.FGW79fhXa9l6bEzCu6lhiQaMe9u4H0_KWxybExiTxxI
7770770969	04	https://00.img.avito.st/image/1/1.9Q1YO7awWeRujNvpPhyKdEmbW-ToklHu7g.EruT3hkGuk-98CEirtXX4g9h-7WA-6VF9HZjx4JOHWs
7770770969	05	https://00.img.avito.st/image/1/1.WQwNzbaw9eU7enfoM8BFdBxt9-W9ZP3vuw.c-h4BZGxGxqRbTCRDcd2j_R11NaEOVBzapzPImKaHg8
7770770969	06	https://00.img.avito.st/image/1/1.IQVRc7awjexnxA_hHyM7fUDTj-zh2oXm5w.cvajyH5An8wjaCDEmI_tuiIxBtNfJYfEHnU0_1GN82U
7770770969	07	https://00.img.avito.st/image/1/1.X1DO6Law87n4X3G0_KlZL99I8bl-QfuzeA.xLBEwM-2dNiIPfpyLhmlzD2fdMoNDF5NsjCDRmoiM7U
7770770969	08	https://00.img.avito.st/image/1/1.OIHTlLawlGjlIxZlr5AT_8I0lmhjPZxiZQ.7w0pwFO8m2WYYWFaIXLaqAUwOCaOSp3uBLiSrvp5594
7770770969	09	https://00.img.avito.st/image/1/1.erZo4baw1l9eVlRSEKA8zHlB1F_YSN5V3g.S1AYM8R-5x7lOForPLRSobVW3fRRnr1q1BJ25bUVJaM
7770770969	10	https://00.img.avito.st/image/1/1.QNzOFbaw7DX4om44wiAxpt-17jV-vOQ_eA.IbQ_6jwpfoDD3cywJX4Q6fyG1wt749zmUwyoisVXpUw
2011586167	01	https://00.img.avito.st/image/1/1.jE8J1bawIKY_YqKrHb-iMRh1Iqa5fCisvw.B6HyINz553nJqxk7VTGbiymL3e9PeENPeH3AxWz5N_0
2011586167	02	https://00.img.avito.st/image/1/1.kGIB0LawPIs3Z76GLZ6GGhBwPouxeTSBtw.dJLn-bUFJQ_oCOjqqoGocWQxKCCeYjmG_lFQosxl9pU
2011586167	03	https://00.img.avito.st/image/1/1.Z7nFGLawy1Dzr0ldhylJx9S4yVB1scNacw.R1iDNeMpZ4tMRoQ_e8igI_D4mvTbIhvKwWL_Vk9Riv0
2011586167	04	https://00.img.avito.st/image/1/1.xcdITLawaS5---sjTmeOvVnsay745WEk_g.WdXzE0e25Df9zpJV1I_-SwA1XHhrPgBT3sQRPA2W7XE
2011586167	05	https://00.img.avito.st/image/1/1.JBjBnbawiPH3Kgr8hbk-YNA9ivFxNID7dw.9dq1Rm32Z70xS_o_5Il3FQFneKCjFaKiSNPHtvbFEKM
2011586167	06	https://00.img.avito.st/image/1/1.51AQGrawS7kmrcm0Uj2aKQG6Sbmgs0Ozpg.LC5-shrrqlPsJKcDai143qf24zBbLWZhhLGwDouGCyo
2011586167	07	https://00.img.avito.st/image/1/1.5MomvbawSCMQCsouYvaj6H0cSiOWFEApkA.jS_jR-WSnxhgrMcB-jPZ9Wk9LtzwkdUtBVdvMclde2E
2011586167	08	https://00.img.avito.st/image/1/1.W11hGLaw97RXr3W5WzkJInC49bTRsf--1w.VO3Ay273_cUYf3tjfEK9gldrHd6hzcfLus2E3IF3gCk
4251518428	01	https://00.img.avito.st/image/1/1.PJyIQLawkHW-9xJ4_HQm5JngknU46Zh_Pg.bYygptKQOuMPYB9gtxQpzbcsmlo7Z74QmWAC_SkD7_A
4251518428	02	https://00.img.avito.st/image/1/1.9kxrFbawWqVdotioC16kM3q1WKXbvFKv3Q.1pwvBSAz8KBDMmOJ3jtCRifv8R5cgTwZ62TT90-4Z6s
4251518428	03	https://00.img.avito.st/image/1/1.sSs-57awHcIIUJ_PUPHeF2VGH8KOThXIiA._VrwhyBXrEXjtfUhgOQnfrP7S1qtHbG2G11Hw9n3xWE
4251518428	04	https://00.img.avito.st/image/1/1.FlNrc7awurpdxDi3S0d0KnrTuLrb2rKw3Q.2pKGQHpz-FxiJPikALasdgzfwjjC9AenxytNRXkko64
4251518428	05	https://00.img.avito.st/image/1/1.wCRB17awbM13YO7ATfy-XVB3bs3xfmTH9w.-pYpxath41O4G8SqtWUVw1v7bsdLYzYJ87B94Hck-KM
4251518428	06	https://00.img.avito.st/image/1/1.DTVbRbawodxt8iPRTX0MSkrlo9zr7KnW7Q.YxwJJRwiUqIaplH5Ie8u7t-evyxG96OGsfKTSCygqQM
4251518428	07	https://00.img.avito.st/image/1/1.EnZrr7awvp9dGDySQ99zD3oPvJ_bBraV3Q.E2YpAgypFyjKFLJ66syzDqZhO0WCyfhq2qJLMlmuEtU
4251518428	08	https://00.img.avito.st/image/1/1.9ImQyLawWGCmf9pt9P_FtMtpWmAgYVBqJg.fqBcqKtzwECszqbeUlccdzD8j_HKh9xA33B2hAen7Mk
4251518428	09	https://00.img.avito.st/image/1/1.LMxghbawgCVWMgIoNIUE8DskgiXQLIgv1g.s4rT8i5wimuSCeE9tNaI7ebrO-Izwfzqf4OYl4EnT1g
4251518428	10	https://00.img.avito.st/image/1/1.Z0sFGLawy6Izr0mvRykCMhS4yaK1scOosw.WeokI4PFU3rCA3Q1pEZTSk6HxKKV66k9wcDBioTNoCk
7674439078	01	https://00.img.avito.st/image/1/1.yjaz_rawZt-FSeTSq_2vT6JeZN8DV27VBQ.xHnYNdq75ryJwDfooefHsHo0ygvmyZOVl776mxSpIZk
7674439078	02	https://00.img.avito.st/image/1/1.nJyOhLawMHW4M7J4uvaL5J8kMnU-LTh_OA.1izmctox8FKNA5udUEgmwd1AiAV4riMJp85_DtHYjuU
7674439078	03	https://00.img.avito.st/image/1/1.nJwgkLawMHUWJ7J4FPbX5jEwMnWQOTh_lg.9PHZlzM4jKT_C6WB0LxpxbjKNlC_T0s4AWbESxIM1zk
7674439078	04	https://00.img.avito.st/image/1/1.2NzCj7awdDX0OPY4_pi6pdMvdjVyJnw_dA.-4W6cheAJrHGm-3waxcIQEN-RnDJW1eqtHcqMe2JnWQ
7674439078	05	https://00.img.avito.st/image/1/1.v24NA7awE4c7tJGKf13aFxyjEYe9qhuNuw.mizlvJuGsiDkAgPeXxCJwiBVKUQui-IX0whAPZS-MFY
7674439078	06	https://00.img.avito.st/image/1/1.dQZRzbaw2e9nelviN6x1eUBt2-_hZNHl5w.X5tS-zml_oalmO_C04hxe4f6_i_pPIJLderZSXtm0DI
7674439078	07	https://00.img.avito.st/image/1/1.D3AN2bawo5k7biGUH7kCDxx5oZm9cKuTuw._m30ZLF2F5X-b1u8oGpg0MEqSMM8ZJ3uRVs5-KSYbp4
7674439078	08	https://00.img.avito.st/image/1/1.PJyOLLawkHW4mxJ4-nQq5J-MknU-hZh_OA.Vk33ovqAgTPtGny6E0ehbJmIUkC-iHQzIsEdcqBd8fE
7674439078	09	https://00.img.avito.st/image/1/1.0ja6frawft-MyfzSkh2zT6vefN8K13bVDA.Vp_6wRSvoBhTY8rjPz1jrHclZ9sZ5wGCknVaYOxwsFA
7674439078	10	https://00.img.avito.st/image/1/1.Jd1YO7awiTRujAs5HndapEmbizTokoE-7g.QrbZU2nbHSt0QDeFIsaxoBgylJf7sdEdv7IJGaRAiYw
2235137383	01	https://00.img.avito.st/image/1/1.0jXhnrawftzXKfzRyYWeT_A-fNxRN3bWVw.gR1yVRI8ZfpkCfX7mxMuULi1sNPdsehPSoW9zGIiOB8
2235137383	02	https://00.img.avito.st/image/1/1.BjZ5SLawqt9P_yjSeTAeTmjoqN_J4aLVzw.eej9pJDWkkn4k0kGAWGW0DBuHgJ9BiuSS-KigSgDmsg
2235137383	03	https://00.img.avito.st/image/1/1.QIm5bbaw7GCP2m5ttVxeruLM7mAJxORqDw.yhDmt6QBkrAsqs04gqpJ0b3A7jLu6ddFmElwsPlEeaY
2235137383	04	https://00.img.avito.st/image/1/1.BjYfybawqt8pfijSH7UqSA5pqN-vYKLVqQ.M04Bn1sQk1VUWWmC-XXtV2i7hZjA1mfAu1IXJToktMs
2235137383	05	https://00.img.avito.st/image/1/1.nQU2tbawMewAArPhAOv6fCcVM-yGHDnmgA.-oHp-GwKJ0cRfQfC88GSH8XgEpPA4bP3gpyPR79xl5k
2235137383	06	https://00.img.avito.st/image/1/1.UDoB0Law_NM3Z37eLZ1NQhBw_tOxefTZtw.r5Srk-ol6dBiNhp36JEK92hYAuIi0ij602rmIBa3kFQ
2235137383	07	https://00.img.avito.st/image/1/1.BJ1s9LawqHRaQyp5aPRX4n1UqnTcXaB-2g.9G1BGtbVfhSjzVkCLa9CE3SV8KPby2_6xHRfk8ct37I
2235137383	08	https://00.img.avito.st/image/1/1.11DZerawe7nvzfm0-x2PL8jaeblp03Ozbw.Nw96BIMIWRby1z_6SWebyrgaXHYJxuV_OwfBUNZlneA
2235137383	09	https://00.img.avito.st/image/1/1.PjYA-rawkt82TRDScMprSRFakN-wU5rVtg.crS8NjE0ErDZ08AlXn6wV0FJeZMjbDX3KQf4f1wA1l0
2235137383	10	https://00.img.avito.st/image/1/1.yTXozbawZdzeeufR9urLSvltZ9xYZG3WXg.qffC-0FpY7nLZZgkyqoJA6Z-cJz9PL_Cx_1EqFwG6BQ
8219592778	01	https://00.img.avito.st/image/1/1.vqxsX7awEkVa6JBIHBW7p33_EEXc9hpP2g.tPoeWN51k8sdbuUVwMtxqHFDjtCIpgkmKmu-oa13FqI
8219592778	02	https://00.img.avito.st/image/1/1.5jKdprawSturEcjW3eXZBIwGSNstD0LRKw.39yOg9JOnYGdZqmxo0tcZb-q4sdKD3o9YQRXXd5kjW0
8219592778	03	https://00.img.avito.st/image/1/1.0FS_FbawfL2Jov6wk1rWX661fr0PvHS3CQ.iMQ6bJRr02uNhAV-8gfZhyoQ7uCluX7IuRQKW-lBLbc
8219592778	04	https://00.img.avito.st/image/1/1.z1mX_LawY7ChS-G9hZetbIZcYbAnVWu6IQ.bukkyraTc9TzfqJGbcOIjPZf_wI0WXTcGm6ubVGMWH4
8219592778	05	https://00.img.avito.st/image/1/1.B1nhDLawq7DXuym94wQ-b_CsqbBRpaO6Vw.YuM8dwxP3J6thn1wdLpkSnRwCU4iyo3nXLG14WsBzx0
8219592778	06	https://00.img.avito.st/image/1/1.4ntIfrawTpJ-ycyfAB36T1neTJL410aY_g.5pVj8ruuQTHG0t-oPtHzPnA-MvhCPoK2MNbI1cgfkKA
8219592778	07	https://00.img.avito.st/image/1/1.GrR7Mbawtl1NhjRQQxVSgmqRtF3LmL5XzQ.L1IFXSWPquRfMNtlmVfa4dRixtl7OU4rWp7YKUK7y_Y
8219592778	08	https://00.img.avito.st/image/1/1.-ByA6bawVPW2Xtb4_M7BKpFJVvUwQFz_Ng.XH1YtCpLh5026H8-pJeS3OT74IL5_42Yq6siGbbHm64
4827385176	01	https://00.img.avito.st/image/1/1.naiRT7awMUGn-LNMp23disruM0Eh5jlLJw.WxYOSLJn5FiHhK0f8iTJV8jWGfUazbDkqx97PHq44II
4827385176	02	https://00.img.avito.st/image/1/1.ZkKQfrawyqumyUim0DNIPIHeyKsg18KhJg.h3vwDCk9GpLW3gTKg81AIE9Dd2uaAcjimY0XEK1DiIs
4827385176	03	https://00.img.avito.st/image/1/1.TH891Law4JYLY2KbKYkCBSx04paNfeiciw.8yt2jDLGe2RpeaFujhxzovSfLtK6SU0Xl6t2wZxYwGk
4827385176	04	https://00.img.avito.st/image/1/1.NaQ677awmU0MWBtAXP8dmGFOm02KRpFHjA.44leX9WJyNxNwCEK8csulaxcoL9-aRxsLNZ--ArqlP8
4827385176	05	https://00.img.avito.st/image/1/1.NBOMg7awmPq6NBr36O8jNNcimvo8KpDwOg.GGYROGjLgHfVIaQc4Jd9Ln_unRroIFdK5YxAT8vf-WM
4827385176	06	https://00.img.avito.st/image/1/1.MFGBzrawnLi3eR617bpgLpBunrgxZ5SyNw.LH_cIPzP9JJUnkFVW1VCeIAufcqPrxEFr2ml60zeRko
4827385176	07	https://00.img.avito.st/image/1/1.-ikLeLawVsA9z9TNcwP8VhrYVMC70V7KvQ.pVqupNDYTcyq3LDFYFXFErUnJkA487cDAHkMINu2gX4
4827385176	08	https://00.img.avito.st/image/1/1.qJhS1LawBHFkY4Z8Dsaz4EN0BnHifQx75A.JZa2KR1jGxwXL7-dyWSyFVnnbJJNMvjWHlGIxJ6f7DA
4827385176	09	https://00.img.avito.st/image/1/1.nJwiZLawMHUU07J4FnbS5jPEMnWSzTh_lA._s4fkyVAQATCHUB3_GaUeCaIlFHPgI5H53RzVD0y49w
3003433129	01	https://00.img.avito.st/image/1/1.mjX33rawNtzBabTRz9TdT-Z-NNxHdz7WQQ.T6Q_fdN8PBpK_BnIJbnsBQukj6w0yWTE3lHxQtAPRR4
3003433129	02	https://00.img.avito.st/image/1/1.-nB7ebawVplNztSUA17QDmrZVJnL0F6TzQ.5js1TTh1gFqaCZv1eF3Vkei9tP-4qkaZlWoXr8jyUqU
3003433129	03	https://00.img.avito.st/image/1/1.78YNZrawQy870cEiX2mcvBzGQS-9z0sluw.v-ysMDtYclvBVRbdDzpOgFOh8fUEgop37Kb-eAVYwbs
3003433129	04	https://00.img.avito.st/image/1/1.aIRl1LawxG1TY0ZgObV1-3R0xm3Vfcxn0w.xWbX2mwHtfUbFGgBM34t10toyNKN9vUDMgCG5EIvjlE
3003433129	05	https://00.img.avito.st/image/1/1.HNXp1LawsDzfYzIx3dwHrfh0sjxZfbg2Xw.GGdaLg4t7FhJRRwVqA30Y6Wt4wojxXHaMrFAXYz5ZG4
3003433129	06	https://00.img.avito.st/image/1/1.016SmLawf7ekL_26uMv9IIM4fbciMXe9JA.CsKGX11Sopw086aYxxureEUFw2ST8W2eoCcMgCNmQx4
3003433129	07	https://00.img.avito.st/image/1/1.-axYfbawVUVuytdIJhb600ndV0Xo1F1P7g.rF9ur08OG96GZhlSlg1X7LDBayxC3CT8VN03YlA6mY0
3003433129	08	https://00.img.avito.st/image/1/1.4Rr7zbawTfPNes_-tfKSYOptT_NLZEX5TQ.l2UxjbzNpfDRBzKH4bULKbf2B_-Aa9Zk_cVpUUi4bz8
3003433129	09	https://00.img.avito.st/image/1/1.Lz9rsbawg9ZdBgHbOd0bDTAQgdbbGIvc3Q.egVw_OR4O8VOEAKoa_5Qw-YRR05X98nrUKMHsIyIU70
3003433129	10	https://00.img.avito.st/image/1/1.SChBzLaw5MF3e2bMXaVXV1Bs5sHxZezL9w.mBMOfoAHtYBtqNsw-OBMkcwtQcsYk-3Tl4KtKfIAeK4
2619297498	01	https://00.img.avito.st/image/1/1.RpBrRraw6nld8Wh0a38K6nrm6Hnb7-Jz3Q.KVqdQJ2_6B9cNfWvvLaHVf4yqsKee3gEdPJ5aICMTKU
2619297498	02	https://00.img.avito.st/image/1/1.QBzOMbaw7PX4hm74wkg1Zt-R7vV-mOT_eA.CbCeEoykZDOIzqmIzuSfB1atMABVHH6Y1GdReYLDRgo
2619297498	03	https://00.img.avito.st/image/1/1.iN9B17awJDZ3YKY7Xc3pplB3Jjbxfiw89w.oCq8uHJuE0ieOTYQZSJxcAQNbNnG_CPtNWGm7aadymI
2619297498	04	https://00.img.avito.st/image/1/1.7ZVYJ7awQXxukMNxDkyO7EmHQ3zojkl27g.Eu1BiKQy_hZoCdNp2Nb1zhkJLLDsKExv8rTWvEqKyio
2619297498	05	https://00.img.avito.st/image/1/1.5jZ50bawSt9PZsjSOc76TmhxSN_JeELVzw.Z_Fz4JSOUuh9CrkLYDmr_qQ5n_ngHhddkSV53bIZpFY
2619297498	06	https://00.img.avito.st/image/1/1.u5APUbawF3k55pV0dUug6B7xFXm_-B9zuQ.v38Y6p2i_jiwrnXRne-8i0R076Pg0uujia2Po-sguSQ
2619297498	07	https://00.img.avito.st/image/1/1.zjZ5JrawYt9PkeDSaWXVTmiGYN_Jj2rVzw.8R7oJ9Xk4s2S4WzUgY0Pt_17Jtu7l5dpT9VDtFO-OgI
2619297498	08	https://00.img.avito.st/image/1/1.aISllLawxG2TI0Zg-fFt-7Q0xm0VPcxnEw.bXONfhWrsqFxryP0KOxhyTZNAHk5ayI7whqQeHtrB5I
2619297498	09	https://00.img.avito.st/image/1/1.MhWLf7awnvy9yBzx4ycqbZrfnPw71pb2PQ.a7PLilCO-CzUar0w8pjvlLpl7MYrmA6eWA26ZUoHfLc
2619297498	10	https://00.img.avito.st/image/1/1.DEDAeLawoKn2zyKk1ARcP9HYoqlw0aijdg.c28Pxf5UDRGgcY8AicNnrHvUd_DpW0SdrBXKe_tAStw
7770423526	01	https://00.img.avito.st/image/1/1.F5IN2rawu3s7bTl2L_4V7Rx6uXu9c7Nxuw.I3QQG7cB2DlP2W36g7r4lBgHfLT0bCVQL1LLKqnA3PE
7770423526	02	https://00.img.avito.st/image/1/1.zJ1KwLawYHR8d-J5XvfT4ltgYnT6aWh-_A.QsL5UzoUD0mt1ds1rNLHgJUWFg9VUzTMvpTFf4B1uFs
7770423526	03	https://00.img.avito.st/image/1/1.Da1Zj7awoURvOCNJT_tG10gvo0TpJqlO7w.keYRmYv_8D1_-5sMVicSU5Q8No76J4IZ0K4P5OpP6dY
7770423526	04	https://00.img.avito.st/image/1/1.X1Dbiraw87ntPXG06Y8ML8oq8blrI_uzbQ.5fZ7qhTrGnH8NY94HIqUG6fElVuMNz3KWo9POaKdaTQ
7770423526	05	https://00.img.avito.st/image/1/1.TW_4Tbaw4YbO-mOL7jwuFunt44ZI5OmMTg.8ZFyqZAvJ8xOCed6_MVe_KyIs5pIwZU9h3aEouY54KQ
7770423526	06	https://00.img.avito.st/image/1/1.bjZlibawwt9TPkDSNfQQT3QpwN_VIMrV0w.umt1ip0BqcgXfW0HJ7vqkr_tlrJZbsfpENiA8MYDzX8
7770423526	07	https://00.img.avito.st/image/1/1.Kt8LfrawhjY9yQQ7UwZXphrehDa71448vQ.Fnrr9T3B5cSYZ1z0ZS9tcFSYns-HUrLrz6m_KxZPrfY
7770423526	08	https://00.img.avito.st/image/1/1.1QXO7baweez4Wvvh6J7Kfd9Ne-x-RHHmeA.LoBtIEyqB-NmgAysn5cfiE80Dx7USw84tjwF-UlPQB4
7770423526	09	https://00.img.avito.st/image/1/1.XjZmD7aw8t9QuHDSVmo8T3ev8N_WpvrV0A.IMXZUipmZ6MSQlcVoNPxfDdsZ1f_5x5OqTTqtTVngYM
7770423526	10	https://00.img.avito.st/image/1/1.B1B9bLawq7lL2ym0fyRPKmzMqbnNxaOzyw.rs6Lo_Pl9vwlagzVEHR8YI0aIv3yXubPkmBsEwC2Sr8
7578707728	01	https://00.img.avito.st/image/1/1.pDN91bawCNpLYorXOcvyTGx1CtrNfADQyw.F94Pa_OI3M9oOJcioeg-It6gLZiWU0h3qK0RCvvmvLA
7578707728	02	https://00.img.avito.st/image/1/1.B1Dbfrawq7ntySm02RJXL8reqblr16OzbQ.l2qRDGOdXsZXCee7HR8O8IUPOURMOlVQrXkYhClSsKI
7578707728	03	https://00.img.avito.st/image/1/1.pyGHGLawC8ixr4nFxS7oW5a4Ccg3sQPCMQ.4fQBoNwg231TnJGi4crAi13ShQhecby1VzZ6eY-A68o
7578707728	04	https://00.img.avito.st/image/1/1.UZhYfbaw_XFuyn98djRR50nd_3Ho1PV77g.Ew1EL7-rpKAp3O3uXoEnKycubbSmOse94T-E4QAuWck
7578707728	05	https://00.img.avito.st/image/1/1.0jXk_rawftzSSfzRzL2cT_VefNxUV3bWUg.NlXkv8z65BDKjtndA5qvNFRH92Cd3jW1ERDrgCxtjpc
7578707728	06	https://00.img.avito.st/image/1/1.81APQrawX7k59d20ZSHsKB7iXbm_61ezuQ.OV_JWQH3GOWrCQXepjFsP2NMdTepm97DfvUjpdvOpdQ
7578707728	07	https://00.img.avito.st/image/1/1.51DO6LawS7n4X8m0jKvhL99ISbl-QUOzeA.zt6bE9qHTxm6llLp2e-_DbHD1LriUq12HxCo8_CzEtU
7578707728	08	https://00.img.avito.st/image/1/1.utZtZbawFj9b0pQyFT--qXzFFD_dzB412w.kcDvhEAqAz60EnWdKko4NemDytYyAwVZudF3N86lrLM
7578707728	09	https://00.img.avito.st/image/1/1.WjDQjraw9tnmOXTU6NMOT8Eu9NlgJ_7TZg.2YaTz0vj5GDobx9f41T27QWlUGOKDlbu6cfeF7AFbVw
7578707728	10	https://00.img.avito.st/image/1/1.uiZojrawFs9eOZTCEKjLXHkuFM_YJx7F3g.VMIYBiD8C96yfDek7WUA9m41YXPBwweEtxT-A5HlXZw
4155187741	01	https://00.img.avito.st/image/1/1.7V1Y3rawQbRuacO5DtH3JUl-Q7Tod0m-7g.Pwp9A5i_FodPa5ISWqo6HfdgH_pfLsdUsOZxRTWhEvQ
4155187741	02	https://00.img.avito.st/image/1/1.iSbYfbawJc_uyqfCxkOCWcndJ89o1C3Fbg.XybzN9O3C8DFAFE4JTtAZqxJOuln17yQu5wZfRZBS6Q
4155187741	03	https://00.img.avito.st/image/1/1.-ikreLawVsAdz9TNUwv8VjrYVMCb0V7KnQ._JeTvWdHjMg0-wko9aepL7mTDu06_rRH7Wq_V-KUUxk
4155187741	04	https://00.img.avito.st/image/1/1.tJwjwLawGHUVd5p4R_b55jJgGnWTaRB_lQ.prtt98cYZIIzaPJg2MMym7RoqfPwVN1cCQhDYBE1MwY
4155187741	05	https://00.img.avito.st/image/1/1.DGjBNbawoIH3giKM1WFGEtCVooFxnKiLdw.c4QXeugfsv4MC8TkxVRLJuMMQhLCeMGmXED2E24Ps7U
4155187741	06	https://00.img.avito.st/image/1/1.lNch1LawOD4XY7ozBZaKrzB0Oj6RfTA0lw.s4NL31cl82jejES6oNvEVSbFbQb83NmaDqwa3itJn-M
4155187741	07	https://00.img.avito.st/image/1/1.uNzFY7awFDXz1JY4uTWnpNTDFjV1yhw_cw.OpNKPuKrGn7-Dqze1ma532tGUeeLYpnxjnZYXvdNaug
4155187741	08	https://00.img.avito.st/image/1/1.ShpreLaw5vNdz2T-c1lVZXrY5PPb0e753Q.TS_6LUk8FDAZOolOgIf6kqLJMOqW6Cx6QiVQmZ9Ybhs
4155187741	09	https://00.img.avito.st/image/1/1.njZlrLawMt9TG7DSVcbhT3QMMN_VBTrV0w.LE-lIQqdvMjMYhn6IKeziTwVih7fAWjaazrUuVCTG54
4155187741	10	https://00.img.avito.st/image/1/1.0JMslLawfHoaI_53AOOk6T00fnqcPXRwmg.x1yM1sVQnTwQ2o3YNiLC8IBtFm9GnhY4bVgHrOqxE8g
4058599733_1	01	https://00.img.avito.st/image/1/1.r1DboLawA7ntF4G0ifL8L8oAAblrCQuzbQ.rWw8jegPNpLPgTJ0ebnRkkOiiZupAz-Kvb_a9ruvNiE
4058599733_1	02	https://00.img.avito.st/image/1/1.XsHWT7aw8ijg-HAl5io-w_nv8Chm5voiYA.v3pwepktwvVzph2Yut_65mGOPmmwB6t-abBPDEDskZ0
4058599733_1	03	https://00.img.avito.st/image/1/1.ajWa_rawxtysSUTRwr8bT4texNwqV87WLA.v6yHxKSL6X8V3A5MmLE45lIg66vv-7AVIKSGtaOK2Xs
4058599733_1	04	https://00.img.avito.st/image/1/1.Ny4RGLawm8cnrxnKcwBGVAC4mcehsZPNpw.wYfPg0L0-ooxLJ5Satgt-fB1yuEXL-1GSl-CuEw41Dc
4058599733_1	05	https://00.img.avito.st/image/1/1.80796rawX6fLXd2ql4nGT9JKXadNQ1etSw.5dFD1LuxnLvqH_fYzzVLpXerxgUbvveeIv9NtuoxRw0
4058599733_1	06	https://00.img.avito.st/image/1/1.eJzC37aw1HX0aFZ4vs4Q5dN_1nVydtx_dA.B9zKF7RwncrXRZB6a4_rp00FfLuGxFmFf7HqB3iQgMw
4058599733_1	07	https://00.img.avito.st/image/1/1.I3AK_Lawj5k8Sw2UQNhTChtcjZm6VYeTvA.9-TCO7ZU5CaaDjKk7V4U3uekLqH5KMPqwLHHBtctLlU
4058599733_1	08	https://00.img.avito.st/image/1/1.uJzZrrawFHXvGZZ4pay-48gOFnVpBxx_bw.scdIjH3KnHEFl7Vu5WsmgLAphq61oI0QrDP38YAim4Y
4058599733_1	09	https://00.img.avito.st/image/1/1.iJb8LrawJH_KmaZy4CzAkdOOJn9Mhyx1Sg.nSci4OGy3e2PrGDh1lNBNkF1uGxml5t4wmavNeSm1PE
4058599733_1	10	https://00.img.avito.st/image/1/1.kbtYfbawPVJuyr9fdi-TxEndP1Lo1DVY7g.sMYPwMYCUpZqn3WjsNul49uVyKjbh-JrTfVAwnh6xd8
2005install_58	01	https://00.img.avito.st/image/1/1.6JzCkLawRHX0J8Z4nvOJ5dMwRnVyOUx_dA.QWFWp5yZpD51Pl7YIBv4xNKGbMrSoVOmh4vlV1KppY8
2005install_58	02	https://00.img.avito.st/image/1/1.UfDYRLaw_Rnu838U9klHiMnk_xlo7fUTbg.Xcg3-FqtRlELTqpHnxvsPaGvFgdwlsaICn4TpBnzN64
2005install_58	03	https://00.img.avito.st/image/1/1.qTQpzbawBd0feofQd-O3SzhtB92ZZA3Xnw.6Fp1eLc7RqFvCWQtUve7iukUoVyJCKPg9IB3RsNg8X4
2005install_58	04	https://00.img.avito.st/image/1/1.j0sFGLawI6Izr6GvFyrqMhS4IaK1sSuosw.KBzQ0re2l-97O0VDUjxK3ONmg2ib151-esGkc8rzwwA
2005install_58	05	https://00.img.avito.st/image/1/1.6xADjrawR_k1OcX0WeXHbhIuRfmzJ0_ztQ.-oGfkL2wiacm3opm7Gh4WAI0NJwEbvKo9dvgcYmMsSM
2005install_58	06	https://00.img.avito.st/image/1/1.Zl2tfrawyrSbyUi57UcxIrzeyLQd18K-Gw.nqdJZsrSv_v5vPQ7Awt20R55XuwM68YiMgo_2Uz6gZk
2005install_58	07	https://00.img.avito.st/image/1/1.fvRrHLaw0h1dq1AQGzVhi3q80B3btdoX3Q.SqlExoaCh61UP6si6nt057eNj8MTgM0q6NOtlv13nN8
2005install_58	08	https://00.img.avito.st/image/1/1.4jaxbrawTt-H2czS-UmGT6DOTN8Bx0bVBw.lhta19PYhQhoIJ0xr0vYOggOhJqxR06TDOovq3Blnwc
2005install_58	09	https://00.img.avito.st/image/1/1.K-zNGbawhwX7rgUIlyFNldy5hQV9sI8Pew.x1YlmoVEle-PvrBKTct_X6_rZ4zZFd-RJct51KQ-TXc
4347165508	01	https://00.img.avito.st/image/1/1.kYPYeLawPWruz79n9m7A_MnYP2po0TVgbg.1uybhgHGYcctm361xHyieEXAsUe0Upbd4--0f1JOP_4
4347165508	02	https://00.img.avito.st/image/1/1.nJ1v8LawMHRZR7J5W_bJ4n5QMnTfWTh-2Q.yeHiIKqx1PLtjAADHhBAbxtLmKn4E1aRWuplLTtOx-o
4347165508	03	https://00.img.avito.st/image/1/1.8YVovbawXWxeCt9hBpr3-nkdX2zYFFVm3g.DS1MKZot0wqVODPGg2Nng8tgwmUnwRc9ODC7jrKYgDg
4347165508	04	https://00.img.avito.st/image/1/1.qRkTzbawBfAleof9TbPkYwJtB_CjZA36pQ.Iwq44WMsd1x0mk2D35LE6thEz6tUWCA2g3NHa6oZqUg
4347165508	05	https://00.img.avito.st/image/1/1.RuJrcLaw6gtdx2gGawE5m3rQ6Avb2eIB3Q.MbHvpm4kLryvFUeA0uUx2p65OnhTH9BlXJL-j7fWJo8
4347165508	06	https://00.img.avito.st/image/1/1.DNDAU7awoDn25CI01D8Lr9Hzojlw-qgzdg.vXNoamtYhi_d2Ln_Kzod7IVZ5yyY4VCo1baLU0-xOeQ
4347165508	07	https://00.img.avito.st/image/1/1.etZo-Law1j9eT1QyEOEwrHlY1D_YUd413g.pvafSKhHVCdJD3ONECcPnZ3SrANUmSDeGprKcnSVR9c
4347165508	08	https://00.img.avito.st/image/1/1.XjZlHLaw8t9Tq3DSVTUkT3S88N_VtfrV0w.dn7YzE2Dm292BbTz1bjJDjHXygXMX0qUJY6smZsO_q0
4347165508	09	https://00.img.avito.st/image/1/1.8pZrorawXn9dFdxyA6mV73oCXH_bC1Z13Q.tJKBksRWL_Grce-4kzuYrsoaZURO24UEmljrM_nzTu0
8186779682	01	https://00.img.avito.st/image/1/1.C5AAcbawp3k2xiV0GmlY7xHRpXmw2K9ztg.1raa6cg7J0NCvknOgVhRNxXOnN9EfFBZLHMF3diAGfY
8186779682	02	https://00.img.avito.st/image/1/1.KsR7fbawhi1NygQgI1lavmrdhC3L1I4nzQ.VB7KNZuUIY9dIaXlaB3iHvaf2XfvtzvJGMgfPc4doBg
8186779682	03	https://00.img.avito.st/image/1/1.LaPITrawgUr--QNHniYC3dnug0p454lAfg.1u50bjsS2SgRQxU0s6DcnS9QcucIfqae79Shog1Qh4I
8186779682	04	https://00.img.avito.st/image/1/1.tQSk3bawGe2SapvgwrfAfrV9G-0UdBHnEg.DGNfgzU5JWVppZVY-lCADVV_ZgyKn36lW4C9vOR_Rhg
8186779682	05	https://00.img.avito.st/image/1/1.MrZ7fbawnl9NyhxSE1l7zGrdnF_L1JZVzQ.Bo-StvCX-ruOsSnd9apGzRx_gJLfdykmmVW-OXJ6r3U
8186779682	06	https://00.img.avito.st/image/1/1.v6AN2rawE0k7bZFEf5i93xx6EUm9cxtDuw.7vqNqiabkl6Z2dCFpgxbDbMFOIDkMJYBS_L0HtYPIUQ
8186779682	07	https://00.img.avito.st/image/1/1.q11_GLawB7RJr4W5JXr-Im64BbTPsQ--yQ.6w_TYB8dDf2dA4ohmDGOB7Kv1OzVK1kVeNcQ7pTrhAQ
8186779682	08	https://00.img.avito.st/image/1/1.gQVRS7awLexn_K_hX1mYfUDrL-zh4iXm5w.gnLxKPg-5YJNIqibkAsxTLW2NQc7QtpwzFE3On-Kn4o
8186779682	09	https://00.img.avito.st/image/1/1.QrZqQraw7l9c9WxSYkNVznvi7F_a6-ZV3A.Ph2M4l-rBugLQ2YVbqeaFU6V7-j1YcOVPKkl5HcZgWw
8186779682	10	https://00.img.avito.st/image/1/1.YsLrfbawzivdykwmo3wRuPrdzCtb1MYhXQ.h9wqoUXkTzpCdv7iMo7Ynd3QuhGxNxm7_0kS4aE5qao
2043888809	01	https://00.img.avito.st/image/1/1.XJw9VLaw8HUL43J4CXUs5iz08nWN_fh_iw.GvuBktJyOyTFwpWloDOFSK4zG6eV2OCtczAF557pPsM
2043888809	02	https://00.img.avito.st/image/1/1.lKr51LawOEPPY7pO3c7x0-h0OkNJfTBJTw._bR_0J9cZYYzEEL7Z7ZOXGA_qtveA5TvLtywT7WUTqU
2043888809	03	https://00.img.avito.st/image/1/1.Ga7YfbawtUfuyjdK5gEa0cndt0do1L1Nbg.CQWCOuimrmdgik5Xt0IiUdV_mZrCFwFjBEbcndXZYLw
2043888809	04	https://00.img.avito.st/image/1/1.DaVY2rawoUxubSNBTqoT3Ul6o0zoc6lG7g.GxxJz3rEasIYJO9BeESEqgjW_nA1BVj_0Pqri7-NeT8
2043888809	05	https://00.img.avito.st/image/1/1.hLzAULawKFX256pYxFKFw9HwKlVw-SBfdg.yu5Pa8km-j_ZXfvxvVLOyN8iz6t4KsF8dQkFyHgxqWU
2043888809	06	https://00.img.avito.st/image/1/1.PQUubbawkewY2hPhWF1CfD_Nk-yexJnmmA.OUgC9ttD1ymyMvnliFp-thPcVWsAQ0veSIdscPVa_kE
2043888809	07	https://00.img.avito.st/image/1/1.octYeLawDSJuz48vFir0tEnYDyLo0QUo7g.cqeya0PXRl7x4E12UBhfTKQh0Ttr6l6uSWbdHjiUEbM
2043888809	08	https://00.img.avito.st/image/1/1.pW4ATbawCYc2-ouKRkPHFxHtC4ew5AGNtg.AEi5Wk7nP-rG_zyx4AhbUP-LoP9otxGSkIVsnV-yLp4
2043888809	09	https://00.img.avito.st/image/1/1.38AN27awcyk7bPEkP9jYvxx7cSm9cnsjuw.RLNnnsZLlFlWo_6VaXOzcEc5fgSc2kDFPna45Shw8wc
2043888809	10	https://00.img.avito.st/image/1/1.yQwBzbawZeU3eufoH6LVdBBtZ-WxZG3vtw.UMXpKH0BAn0Rqfsx8U-8yiGOvwV5SJJjuMWYJs2Zn9A
7386478012	01	https://00.img.avito.st/image/1/1.ZVlITrawybB--Uu9DmcwJlnuy7D458G6_g.rOUx-pZ0OV_ABOM6jmEIcDFb3iSkcjy3iME8hRcEsBo
7386478012	02	https://00.img.avito.st/image/1/1.nmI3eLawMosBz7CGB0L3XmzZMIuH0TqBgQ.M_THY90XLXdD3_XkQNXVBBsKnXXTxszeQRd7Rmt5SOs
7386478012	03	https://00.img.avito.st/image/1/1.bQXPfbawwez5ykPhmURzfd7dw-x_1MnmeQ.BUz4aGx_qimY51W-m23CaiaS7SFdRelqLmcfAu7RESc
7386478012	04	https://00.img.avito.st/image/1/1.W1GC-Law97i0T3W1uKUxKJNY9bgyUf-yNA.hJg2pekUJS2kePz1lBnwih9lAkVPSNRLZ8AiXNjj2g8
7386478012	05	https://00.img.avito.st/image/1/1.zM3ZebawYCTvzuIpzXb08ILYYiRp0Ggubw.UyMeoxEvv1aU8X2wCoIcW90F1rKZLUTF-pNr4SOiQOI
7386478012	06	https://00.img.avito.st/image/1/1.eJzPzLaw1HX5e1Z4s-0y5t5s1nV_Zdx_eQ.zAslmTay8ij4gRJvOTCXd0qtJmisyvoNcipm4I2oj4c
7386478012	07	https://00.img.avito.st/image/1/1.aJMQVLawxHom40Z3TG0b6QH0xnqg_cxwpg.AjdIbH5S9H71ffOxxn5-MvJ7AUwQhoF2NxZhBgTv3Ac
7386478012	08	https://00.img.avito.st/image/1/1.yTVfzbawZdxpeufRQdLASk5tZ9zvZG3W6Q.Po7v8WXc18mI0lt-dZ_fuvvlR1B1QzRDOrwSymb3o6Q
7386478012	09	https://00.img.avito.st/image/1/1.lBkp1bawOPAfYrr9DZ-WZjh1OvCZfDD6nw.hg_9OyjGn__r72Hbm7NRWEkypuK4HsioxhAG9O1MMbg
7386478012	10	https://00.img.avito.st/image/1/1.Zy6BGLawy8e3r0nKwyEUVJC4yccxscPNNw.pPLRMCzu0LuD5cFKSZzW5ptJmddkA44Mz_euNvBjQjo
4091156527	01	https://00.img.avito.st/image/1/1.t1DIvLawG7n-C5m0qtaoL9kcGbl4FROzfg.FJCH_iDW7lpTRBRIbiqAPavcfA9wwQxthqVTvdLVylk
4091156527	02	https://00.img.avito.st/image/1/1.ZiWGfrawysywyUjBxmtwXZfeyMw218LGMA.xqYpoCquWXALZmV9lYKcZSYlYCKkj9BbVkuu3GHzbGc
4091156527	03	https://00.img.avito.st/image/1/1.NiUYfrawmswuyRjBeBIkXQnemMyo15LGrg.wq0NDnNLDGI2DEJMU8FtpVOUPd9GfK-woVPS9WlFdMU
4091156527	04	https://00.img.avito.st/image/1/1.MKIBybawnEs3fh5GbYUe3BBpnkuxYJRBtw.ws4UnMi-boaNMJCvkwp7BMfYWVjgPglJCgVggr2G8rw
4091156527	05	https://00.img.avito.st/image/1/1.pglofrawCuBeyYjtKFDXc3neCODY1wLq3g.16n3qKpVW5U3pWN70AWSv-ZxluPv4RkBowDjACaH6lw
4091156527	06	https://00.img.avito.st/image/1/1.SwyHpLaw5-WxE2XonZVVK9wF5eU3De_vMQ.CwTMS1ncIQX80DVdLFKCngNNwJcAEdaGn82EjqhmaXk
4091156527	07	https://00.img.avito.st/image/1/1.8pZtarawXn9b3dxyBWHx6XzKXH_dw1Z12w.zxduQA4cdItwCMzj-fJOcpkYKvnTH-F42YBTm4tKtTY
4091156527	08	https://00.img.avito.st/image/1/1.i48tGbawJ2YbrqVrN1_19jy5JWadsC9smw.6h8ZB-FJmtFlS45MnV1nIZEuatvpdgZ9PdP37-12d5k
4091156527	09	https://00.img.avito.st/image/1/1.GYvYfbawtWLuyjdv5ikY9Mndt2Jo1L1obg.wNMP9P5a6flnFNFE1krJnj_PFsBoKgay9SDLe00AqxE
4091156527	10	https://00.img.avito.st/image/1/1.72gNArawQ4E7tcGMX1GOERyiQYG9q0uLuw.zF5sq0hMegLewyEOlImjTk8nqJ0a9VjfgIpYDMU_NnA
3835344669	01	https://00.img.avito.st/image/1/1.XjZTI7aw8t9llHDSY3YVTEKD8N_jivrV5Q.-IN4vaiXGGpynqjh6lnY3WrjV-UKXSbQQIDYGtgFDHk
3835344669	02	https://00.img.avito.st/image/1/1.-SFYUbawVchu5tfFJlKyW0nxV8jo-F3C7g.GzFuEU0tvq0XlnUulRgTUdbgovtYoqINRO8EtiTUvY0
3835344669	03	https://00.img.avito.st/image/1/1._kLvfrawUqvZydCmn03TPP7eUKtf11qhWQ.d2gT_ygM7CbEH1Ud7FRi09oUKLyruFRzhjlr0-rX9Dk
3835344669	04	https://00.img.avito.st/image/1/1.j3QxGLawI50Hr6GQI0KWDCC4IZ2BsSuXhw.HdOyjmlmWCXN9yYzKLTUwUqM1uNA4XiLoWWAK0UsKis
3835344669	05	https://00.img.avito.st/image/1/1.OjB6jrawltlMORTUAtI7T2sulNnKJ57TzA.StcSgftB-M_nSVMVRaf1NicnfLClmp6BnZYAQLkuoog
3835344669	06	https://00.img.avito.st/image/1/1.-bxYeLawVVVuz9dYJhOrw0nYV1Xo0V1f7g.RcHmH05xNuOVTipl_d9BCnejcvYv3wf-3VtvQItUj0I
7578373924	01	https://00.img.avito.st/image/1/1.tJz1pLawGHXDE5p4kfbV5eQEGnVFDRB_Qw.xJ51MTrkhRI_bvVC2yrhrbTt-ykZ2iJCViZQsYlDVoo
7578373924	02	https://00.img.avito.st/image/1/1.njZTxLawMt9lc7DSY47STEJkMN_jbTrV5Q.2u3ckN0jWT6_LBbm9pjp7xxXmnuIVwjiAWJeo9kgOJs
7578373924	03	https://00.img.avito.st/image/1/1.FyQNaLawu8073znALyBfXhzIuc29wbPHuw.ldyQNFTv1MWCwBRmcUN1_7D6l3hhkzkULwIvOGpbkq4
7578373924	04	https://00.img.avito.st/image/1/1.ULoBybaw_FM3fn5eLYR9xBBp_lOxYPRZtw.xeXbYnTsA-p9O2F9b--a8YUJdBS-r3RW9zNRbMBhNjk
7578373924	05	https://00.img.avito.st/image/1/1.-DwBzLawVNU3e9bYfePlQxBsVtWxZVzftw.z7VzgF8DFY7ftciw9DvkJTkciWLKj-llUVzDOtb1DZc
7578373924	06	https://00.img.avito.st/image/1/1.UdHYS7aw_Tju_H819k41qMnr_zho4vUybg.VWLJWJuHvY_m8O4uzkGpWDwikFaEBdgv270Qrhtw0WA
7578373924	07	https://00.img.avito.st/image/1/1.y11ueLawZ7RYz-W5dDeaIn_YZbTe0W--2A.jz5y_r-mUq_FExRRyIHoXdc6jJH8K4mtIbUovsrK3vQ
7578373924	08	https://00.img.avito.st/image/1/1.qJLe1LawBHvoY4Z2gobi6M90BntufQxxaA.L5L-6xSu_QzS6a28ZOIfoNGWTbiNTzDkym83JYK73oM
7578373924	09	https://00.img.avito.st/image/1/1.2vMKebawdho8zvQXMirQ6zHZdBq60H4QvA.Z12S6OGHEu9QqWGbAoz_5YEyMh5GvxcHsnt1OFa8t2E
2427095357	01	https://00.img.avito.st/image/1/1.GRDYRLawtfnu8zf05kgBaMnkt_lo7b3zbg.NBzp3ASAKANavLw4b1znGtHv_pcr3-IOUqQVFNIRoX8
2427095357	02	https://00.img.avito.st/image/1/1.P1DlcLawk7nTxxG0lwAXLvTQkblV2ZuzUw.kTi8cwMeBEtWxQCJEhTvZYEitV39M6ikVw71D2riNj8
2427095357	03	https://00.img.avito.st/image/1/1.tjZmYrawGt9Q1ZjSBjDXT3fCGN_WyxLV0A.-GXeNlT6N1Q8TPc5-FWE24SsX_c4UCR5XXqUGRajZuQ
2427095357	04	https://00.img.avito.st/image/1/1.katYS7awPUJu_L9Pdhny0knrP0Lo4jVI7g.5xKcJUFPDcAw4iG6nTAhhIeNySxS8p12aEtik1laZvE
2427095357	05	https://00.img.avito.st/image/1/1.4jEmrrawTtgQGczVbvnNTzcOTNiWB0bSkA.TE2el11OYK06ghxwXdYjLB48zmZESMDMFNmw18j8i_w
2427095357	06	https://00.img.avito.st/image/1/1.eYVEvbaw1WxyCldhOpg__1Ud12z0FN1m8g.BWD_-cOM7U1pMOy90h6UWkEXsZjAg1JB_TYFm_YyXKw
2427095357	07	https://00.img.avito.st/image/1/1.NHwZ1LawmJUvYxqYfax8Bgh0mpWpfZCfrw.cievSsJAeDgzFuXAIRGMp5GyXPOi8l-qKvPVdaEZFbU
2427095357	08	https://00.img.avito.st/image/1/1.SgIbf7aw5ustyGTmA0JZegrf5Our1u7hrQ.pnTjseStDqaOsmQud87J4cNfhqtK-fFihkgeQtyVUb0
2427095357	09	https://00.img.avito.st/image/1/1.mJgVFLawNHEjo7Z8KXqL4AS0NnGlvTx7ow.UCP0XkwKFAcJh_q5-VIwLR9A1lYa06wBLenV5rBXQJ0
2427095357	10	https://00.img.avito.st/image/1/1.9DjBNLawWNH3g9rcpTO8QtCUWtFxnVDbdw.xKggNk2AZ0DRgD_URQ0hJ2SwjRkLlA_S4Us0OrISMqo
3131489526	01	https://00.img.avito.st/image/1/1._W3YTbawUYTu-tOJri6cFMntU4Ro5FmObg.y-ksMkCIX1_Skf0pO8XD2syL2Vq-jtiWBAaEZ7OM8UA
3131489526	02	https://00.img.avito.st/image/1/1.uQVH57awFexxUJfhOZXKf1ZHF-z3Th3m8Q._vGaEQSFblEyENNY8TOQ1is69gKhzQ9CLY8BqRCZ0d4
3131489526	03	https://00.img.avito.st/image/1/1.cja6jraw3t-MOVzS0tMTT6su3N8KJ9bVDA.IDVOxq2Xkocjk6uf7am_HG9N-d-h4ir9GdG-CkFwCZ4
3131489526	04	https://00.img.avito.st/image/1/1.QnZo_Law7p9eS2ySYM0KDHlc7J_YVeaV3g.YkxvvcdMyADdAewgggnk7Wh0hGB0hZ7I2cWrf-zj3Z0
3131489526	05	https://00.img.avito.st/image/1/1.lZQQTbawOX0m-rtwNkuN7AHtO32g5DF3pg.7RCSxvBP0Y9jx-Ntk2abWSuE8uM7YJSIC-h94noOcY4
3131489526	06	https://00.img.avito.st/image/1/1.PJw9QLawkHUL9xJ4SXRM5izgknWN6Zh_iw.-Zc5FIiEJQb5q8d2l-NijXmrjepEDHaf5ABA0TaG8vY
3131489526	07	https://00.img.avito.st/image/1/1.YJTB2rawzH33bU5wjfso7tB6zn1xc8R3dw.fOmHdE5cILPfCiYkXyMuGWI6fflqideckqCamZ5yJpM
3131489526	08	https://00.img.avito.st/image/1/1.f-oNPLaw0wM7i1EOf2lkkhyc0QO9ldsJuw.d7YUnShaUKz6v9mSjXDW3XANXgSYzsCkgRKs_PE6ieY
3131489526	09	https://00.img.avito.st/image/1/1.DWVbFbawoYxtoiOBTQVcGkq1o4zrvKmG7Q.EVjvlS8M0LJOKHmzMDxVE-9NVaNbhXRZtqY30TDgFps
3131489526	10	https://00.img.avito.st/image/1/1.he1bR7awKQRt8KsJXRGGkkrnKwTr7iEO7Q.x97e6xfEeTOeKKU6qHcMOyOb5vuVDmJN9x5hDGBiyis
obnov_1	01	https://00.img.avito.st/image/1/1.t1AolLawG7keI5m0Sq6oKDk0GbmYPROzng.rWOC2heeXGcxz2o2iPNuwzgI0NIoQsas7sXnYkRATFQ
obnov_1	02	https://00.img.avito.st/image/1/1.xcRgTLawaS1W--sgZnONvnHsay3Q5WEn1g.hdIiGqeddxZBkzrxmFLRZeLkzN3SHZgIlfUCBul3y2g
obnov_1	03	https://00.img.avito.st/image/1/1.RlZrbbaw6r9d2miya0xULnrN6L_bxOK13Q.ptMpCX6kizDKyGd5fSpe-uO7pJewexJgDNIyYquY8kU
obnov_1	04	https://00.img.avito.st/image/1/1.DFTBNLawoL33gyKw1VxELtCUor1xnai3dw.Na9Kr8uC4e2NRKNlWMb8w6NmkkofV-FaGPVk6uBCHM4
obnov_1	05	https://00.img.avito.st/image/1/1.Vg-Vfraw-uajyXjrtScQdYTe-OYl1_LsIw.6yiHJ2F_G5hdCVzRejBkJ7IcUi5Vf_OnUPEqTBNZ8IU
obnov_1	06	https://00.img.avito.st/image/1/1.pZEoTbawCXge-ot1ble46TntC3iY5AFyng.fvQpn_7I9PGX4VvXfC7kvlowmzZLkmFoUc6xoXq5NRQ
obnov_1	07	https://00.img.avito.st/image/1/1.ZQ1oTrawyeRe-UvpLndkcnnuy-TY58Hu3g.noZORMCYdnFJnHlZ-lPTh2Og8Q0VDAFkJ1-pmYTj1tQ
obnov_1	08	https://00.img.avito.st/image/1/1.U_INGbaw_xs7rn0WJ3gyixy5_Ru9sPcRuw.vK3IfJGYNO_Py2Yr2uXpl4xNP_NEJdpUQ0DvtRN5KsM
obnov_1	09	https://00.img.avito.st/image/1/1.eNzFKraw1DXznVY4uW9upNSK1jV1g9w_cw.eWVL2pJYEWha_6j6k5QSXAYQOqZOQAzo_0TXQEWQTd8
obnov_1	10	https://00.img.avito.st/image/1/1.e3AAebaw15k2zlWUenwqDxHZ1Zmw0N-Ttg.z0OG6_BQkd2b9FsWFgYsqgpp8Jt14l2OBuSw7O632dg
2267256395	01	https://00.img.avito.st/image/1/1.eJzbA7aw1HXttFZ4p1Ir48qj1nVrqtx_bQ.IBeN-HljChvbIGnYCFMOfq-sj7goxr-uQzCd-Kf7EZA
2267256395	02	https://00.img.avito.st/image/1/1.ZlfZfrawyr7vyUizmRdiKMjeyL5p18K0bw.JeMsG8GnQCQxf8E4W8uinNagMlfmdSpG68eLLYglcQ0
2267256395	03	https://00.img.avito.st/image/1/1.cJ_FFLaw3Hbzo157qXkZ5tS03nZ1vdR8cw.gyhUdT7SzzlIZsbaECDBOVXCt8hSjiyvt9AZFuYN51Y
2267256395	04	https://00.img.avito.st/image/1/1.MyjNGrawn8H7rR3MpyIkUNy6ncF9s5fLew.6S97GuapSnw3HDTC_4IBX2zmGi4edf-DtQhQKrm5guU
2267256395	05	https://00.img.avito.st/image/1/1.WJ-ZFLaw9Havo3Z7pTk65oi09nYpvfx8Lw.tvX-iVEyq-RVoDk5AnfM4aORHFTwfjKkRn3Sly4EypA
2267256395	06	https://00.img.avito.st/image/1/1.BjZThbawqt9lMijSU8lITEIlqN_jLKLV5Q.1nd3SpvGir7FT3Nhnie9Gz_FOT4BNMh8AW4yHA9Em80
2267256395	07	https://00.img.avito.st/image/1/1.DLDBNLawoFn3gyJU1ThFytCUollxnahTdw.cFa4GUW_Jsyl9S6v__8slb1O8oEIvsOFzudbEHOfAPA
2267256395	08	https://00.img.avito.st/image/1/1.V0rDGLaw-6P1r3mu4SU1M9K4-aNzsfOpdQ.D3PTZjZ5LrS024eOcv3tPHRDqBsx-yfqllgSv6Ezl8g
2267256395	09	https://00.img.avito.st/image/1/1.PjZUZrawkt9i0RDSJCZPTEXGkN_kz5rV4g.uwTyPigjxFACB6KezVrxT__eo7AofE5KFBsZOQArj3o
2267256395	10	https://00.img.avito.st/image/1/1.oZxYRbawDXVu8o94Fi-h5EnlD3Xo7AV_7g.bWbtrsYFNf3PgXco0rqBao2BvUtsIQS09hCID4NAwQg
3739224938	01	https://00.img.avito.st/image/1/1.IQVRdLawjexnww_hHxw7fUDUj-zh3YXm5w.eJPFfmfbfv3q6qtrjAIAYIvfsriF9rJcssHOjkSkCUw
3739224938	02	https://00.img.avito.st/image/1/1.mJ-2FLawNHaAo7Z7ikr_5qe0NnYGvTx8AA.OuHnXBsXxQo4wrcBcOG38ZWvJujjjruvM6NQqBFiQ9U
3739224938	03	https://00.img.avito.st/image/1/1.lNbB1LawOD_3Y7oy5faJrtB0Oj9xfTA1dw.LxLSrFjXYeh1lAI0Dfv3qosCCz9vUho5reRa9goa96I
3739224938	04	https://00.img.avito.st/image/1/1.cjdFHraw3t5zqVzTLSdsT1S-3N71t9bU8w.o0VM1zxuZJxNluF6Pr0ukq_tRmW9p3A6KFKexgPwJDM
3739224938	05	https://00.img.avito.st/image/1/1.5JyI_LawSHW-S8p4zPf_5JlcSnU4VUB_Pg.ewDhhAawBIU6LmUgCaPOn0tG1qEXVtC9BPBeUXhP634
3739224938	06	https://00.img.avito.st/image/1/1.6QVQ1LawRexmY8fhDr_pfUF0R-zgfU3m5g.5FN1WLzsV-xkpm5g6Xf-jXrxvrdLdh4miPApEECYix4
3739224938	07	https://00.img.avito.st/image/1/1.uYVtv7awFWxbCJdhE4nv-nwfF2zdFh1m2w.bqxZXKQA56jmd27F5_jwxpFRTSnpecpWNBrgo5ezoJA
3739224938	08	https://00.img.avito.st/image/1/1.z1B9srawY7lLBeG0b8WEKmwSYbnNG2uzyw.hUvGkFviH6sZiNyjC_uGLsbr1FgItnP9W8_kluOne1w
3739224938	09	https://00.img.avito.st/image/1/1.VDLx1baw-NvHYnrW1cQBTeB1-ttBfPDRRw.NYfScFusw2jzBDg71j4J1xiRQErdF1-CHJo-qPCHDzU
3739224938	10	https://00.img.avito.st/image/1/1.w76tH7awb1ebqO1ap2ixxLy_bVcdtmddGw.uvQuQmOCyd7-Isr0IRSaImItOIWcQinE5DCFRfkPNGc
2619358324	01	https://00.img.avito.st/image/1/1.BJwj8LawqHUVRyp4J_RJ5jJQqnWTWaB_lQ.PRRLzT6H0jBq1jQ_o1oGA5gOhexpak6MlKedoTRCwHQ
2619358324	02	https://00.img.avito.st/image/1/1.hiprbLawKsNd26jOaz6fUnrMKMPbxSLJ3Q.E31SL7YJEvnhSPdNy-VLAEpV7UIuR8Xo6NYNonKE6Ak
2619358324	03	https://00.img.avito.st/image/1/1._lflfrawUr7TydCzlWX7KPTeUL5V11q0Uw.oI8m8Oo-0FhWMXLnl9IPfZuWryAPGc9opaDAss8r7Ic
2619358324	04	https://00.img.avito.st/image/1/1.v74NPLawE1c7i5Faf0KlxhycEVe9lRtduw.UEYwP8u2ABoGpQLEi_Jy2ZktxYQ63znh5rJ5n3ehJPs
2619358324	05	https://00.img.avito.st/image/1/1.H7lZGLaws1BvrzFdaxAzx0i4sVDpsbta7w.7ZCvpziN41W2dXGX-mKzVflDR1tvqa9BoDJAquLUGlo
2619358324	06	https://00.img.avito.st/image/1/1.QkZqQbaw7q9c9myiYjxUPnvh7K_a6Oal3A.tkYBg50TBiifBSQgyPgYbdRc6PgZHUmiVnApCgnFtgA
2619358324	07	https://00.img.avito.st/image/1/1.ulZtU7awFr9b5JSyFSmlKXzzFL_d-h612w.osxrRVSjRm249o6mVAwqu_hPKKdQ6nLQgFu1sEGhXBA
2619358324	08	https://00.img.avito.st/image/1/1.Yt_rfrawzjbdyUw7oz8fpvrezDZb18Y8XQ.t7zAnROPgUOn03aVpli0u3rlie730QlFm8o78X3F9fU
2619358324	09	https://00.img.avito.st/image/1/1.2NzbE7awdDXtpPY450SJo8qzdjVrunw_bQ.UC2FbVwXPzBrkiPTsXokqxbtonH3jPDaeqnt6MkCjSU
2619358324	10	https://00.img.avito.st/image/1/1.U97NFraw_zf7oX065295oNy2_Td9v_c9ew.DlirxE2lOqKgFh10re4unhjlEJK9p3sxomGKkIdS0lo
utver120_18	01	https://00.img.avito.st/image/1/1.Sqgbfbaw5kEtymRMA0AM0grd5EGr1O5LrQ.YsfU32rnrIhgB478D4tY4UBH6rZzA_mvGHDWk2k1jsU
utver120_18	02	https://00.img.avito.st/image/1/1.X1Dk6Law87nSX3G01qlxLvVI8blUQfuzUg.DlMbM2yTThBYMxLfjab-JtvAARVaL-8axyT1-TrBaAU
utver120_18	03	https://00.img.avito.st/image/1/1.GK-BybawtEa3fjZLvd030ZBptkYxYLxMNw.IgBXUvNDD8RzJ2r2yNK0F21gagQaUyZg5Bg6Eoeu6Zs
utver120_18	04	https://00.img.avito.st/image/1/1.UIsBybaw_GI3fn5vLZR79RBp_mKxYPRotw.ChdV5LBisK-Yab3XFHrySqK2zkLx-Qb6YsBQ13dwLOQ
utver120_18	05	https://00.img.avito.st/image/1/1.sJga1LawHHEsY558dsai4At0HnGqfRR7rA.R27PUB80DGX-KJnLmL2TwHbSlHAHAUYlJ8bZwWkmgik
utver120_18	06	https://00.img.avito.st/image/1/1.ViUifraw-swUyXjBAntFXTPe-MyS1_LGlA.iH6VVN3PfTfW6Sf3WiWXR2A5Dv7bh91GjHrwgnvWU-Y
utver120_18	07	https://00.img.avito.st/image/1/1.MKXB2rawnEz3bR5Brep-39B6nkxxc5RGdw.Iz1Ail7rDIuau4O6e_eXVUIk5s0mFiqg5qVpWQ-TmWg
2235451258	01	https://00.img.avito.st/image/1/1.MK0B2rawnEQ3bR5JbeZ_1xB6nkSxc5ROtw.MFv_KAgpUXjr9ZqcJZt4JT7a4DKbHgdg7HhanLb4G5c
2235451258	02	https://00.img.avito.st/image/1/1.PQZOLbawke94mhPiOD0ieV-Nk-_-hJnl-A.bn1Uwl9xVG6qdJKBNMKUQ_vu7rF5tMTVyIC64SmOh88
2235451258	03	https://00.img.avito.st/image/1/1.QtZsObaw7j9ajmwyZGBoqH2Z7D_ckOY12g.Us4Jsd7l6OsD1Bst59joFggrYNW0ITx_kZnGB-YPrDY
2235451258	04	https://00.img.avito.st/image/1/1.KJkB2rawhHA3bQZ9XaZh4xB6hnCxc4x6tw.2Y1iAyrL0v5tmpIHquE9DIsxMQ9UDaSVXHENDI7BWvw
2235451258	05	https://00.img.avito.st/image/1/1.8xAKEbawX_k8pt30YBq4ahuxXfm6uFfzvA.gItIPDmlgMyCA17jpRRbH0Pcpf0XN-wui0QLYvUTuHs
2235451258	06	https://00.img.avito.st/image/1/1.djZ5Jraw2t9PkVjSGWdtTmiG2N_Jj9LVzw.clKzkr-320wQYrp61-XpV9STDxNK_BC7xDUcoADEZnA
2235451258	07	https://00.img.avito.st/image/1/1.h0wN27awK6U7bKmoD8GCMxx7KaW9ciOvuw.4Vz-FjG3zrFHdPLkAYdWFviQFuxRO8E_XTPtCRoLniI
2235451258	08	https://00.img.avito.st/image/1/1.uJzc9LawFHXqQ5Z4oNaV4s1UFnVsXRx_ag.xPSxoJDQmt1yDIEalUEDRSShhNcC64omWJ20DTTHkLQ
2235451258	09	https://00.img.avito.st/image/1/1.kZpYeLawPXNuz79-diLB5UnYP3Po0TV57g.fIC4dvnU-f2Or4MsEI1HzYqxcpN-yPUI0_N9M_NyIrU
2235451258	10	https://00.img.avito.st/image/1/1.-VlzUbawVbBF5te9DRK1Q0jxV7DD-F26xQ.mRioVB3o0Be_x3vv_VaPK8unK0hbBnUZbP0Ho9sGZf8
8026633641	01	https://00.img.avito.st/image/1/1.SPxBzLaw5BV3e2YYXeVNg1Bs5hXxZewf9w.nmAetic1NrPGtt6NIpHXpLHrgyLm83RFPrqdw8WROlA
8026633641	02	https://00.img.avito.st/image/1/1.JptrFbawinJdogh_KwFy5Hq1iHLbvIJ43Q.wOi5Zts8WkaxYVBzpu39z53YjktI34H-1n3yfAMp_kg
8026633641	03	https://00.img.avito.st/image/1/1.-rpLfbawVlN9ytReM1a1wFrdVFP71F5Z_Q.TXEN2j9Q4Wj841hI41V6jV9BvaaNL-skZ9VCpS4iQMQ
8026633641	04	https://00.img.avito.st/image/1/1.XjZT8baw8t9lRnDSY-wTTEJR8N_jWPrV5Q.qdtivOOqivdGeGHSk_tJC69rjPQe_7DELkCIalNgON8
8026633641	05	https://00.img.avito.st/image/1/1.njZUZ7awMt9i0LDSZCHvTEXHMN_kzjrV4g.IuJaf577AkT1-2JdVjmc5u8Sk2V9zBw91exbOoLLlRo
8026633641	06	https://00.img.avito.st/image/1/1.lW-4TbawOYaO-ruLnh_2FqntO4YI5DGMDg.J_fgkwPm9gZzTqzBgfp6SgpqDp8_2nobqALUA-z11I0
8026633641	07	https://00.img.avito.st/image/1/1.kRxYSrawPfVu_b_4diDpZUnqP_%78o4zX_7g.O1fkyGu2cWH2ayQ5rO4dHt8-oSGkl3o87ET-j81ftM4
8026633641	08	https://00.img.avito.st/image/1/1._l3BfrawUrT3ydC5sXWqItDeULRx11q-dw.EWVyfUbek9MU823lFmlC4GoJiQ2wpiE8SxZ44vOTzTs
8026633641	09	https://00.img.avito.st/image/1/1.bQZWtbawwe9gAkPiAOhqeUcVw-_mHMnl4A.GOPy67b4ghGTfW6PwiO_yzIu2y6DML5jejZrQHwP5k8
7577997103	01	https://00.img.avito.st/image/1/1.MyBNFbawn8l7oh3EJz1mX1y1ncn9vJfD-w.pCN11uSSSF5Uy12C3dm_bqii5uJGiBkhztwrqzt57lA
7577997103	02	https://00.img.avito.st/image/1/1.7zgNabawQ9E73sHcXxqjQhzJQdG9wEvbuw.w7ZgQRrnbXFnz1871KGAxzXBl2Smli17N5Biu8FM_ns
7577997103	03	https://00.img.avito.st/image/1/1.YoX7eLawzmzNz0xhsz0y-urYzGxL0cZmTQ.2Wfe960AYOLxOZtVxVtO5oH5WDM6d7fS-I7lONaQ3pY
7577997103	04	https://00.img.avito.st/image/1/1.4jXgXrawTtzW6czRqDWuT_H-TNxQ90bWVg.uCtl5sCyvZDU1BiUDhACsdhEgnjorxZmJVU8Q7mLcNc
7577997103	05	https://00.img.avito.st/image/1/1.jyFRGLawI8hnr6HFQwLDW0C4IcjhsSvC5w.k7fqDIMcPZ8wj3EwfzXgHBSByOR2XQBBi6eZ5PHrSow
7577997103	06	https://00.img.avito.st/image/1/1.wrZrfbawbl9dyuxSY16LzHrdbF_b1GZV3Q.0cvwC150tMnbQjUMyoM40HyJnG3LKmLA5wCfSSZAN80
7577997103	07	https://00.img.avito.st/image/1/1.GwNtGrawt-pbrTXnV1YGe3y6terds7_g2w.ydIwIK1sDObVcyhobDEy48vUT24KaeVhcHXPFkm6nxU
7577997103	08	https://00.img.avito.st/image/1/1.6QVt_7awRexbSMfhM8y7enxfR-zdVk3m2w.u86tlWmXypvBC5bsYg9mfE1hrxZ0zw6e_FCv4U_f6l8
3675352373	01	https://00.img.avito.st/image/1/1.oLXBybawDFz3fo5RjfuMy9BpDlxxYARWdw.zSXphSrgPWKqtnF4jKDSd-lI15rwgaMGnCzoyf0YDUs
3675352373	02	https://00.img.avito.st/image/1/1.zjYAh7awYt82MODSEMCYSREnYN-wLmrVtg.g4ZqbvXftKtP1Q_1Y7H3OgneThQF2IZq6YCdvkUqyns
3675352373	03	https://00.img.avito.st/image/1/1.u5ABQLawF3k395V0e3qk7xDgFXmx6R9ztw.tj7l77B7OUHcAFsCZ5mMRKRCdqxTUjDl8AxsrNxZ22c
3675352373	04	https://00.img.avito.st/image/1/1._KY11LawUE8DY9JCQYOA3yR0Uk-FfVhFgw.MPQgoy_XYZ703YSa0NouFFSHYJ_HrDutDMEvK2rPUBs
3675352373	05	https://00.img.avito.st/image/1/1.MJMB17awnHo3YB53bYtY6hB3nnqxfpRwtw.KyJC3R7yTcaboQNpX5XWLs_1kMUsSGO94yJ-brtWUQA
3675352373	06	https://00.img.avito.st/image/1/1.NVXwTrawmbzG-RuxljpsKuHum7xA55G2Rg.riZUrRwRBLHy4cOEhA2ufYBZG3PF05WUgxaTEPLrQUU
3675352373	07	https://00.img.avito.st/image/1/1.v_qm-LawExOQT5Ee1I603P1ZERMWURsZEA.CHA1BEIRBHiaa854xBvoLth9APysMLYkxGsSpQTJ_zk
3675352373	08	https://00.img.avito.st/image/1/1.yTC3TbawZdmB-ufUqRaeT6btZ9kH5G3TAQ.bmfDDW3CpzS32fk_Y0-vNYfHE4JJOHhwGbFsrfz1bkY
3675352373	09	https://00.img.avito.st/image/1/1.QJzZmraw7HXvLW541dtA48g67nVpM-R_bw.R_p3R7-O3pzXpPQcViBDESAyPJelkAfSi7aTHTwYulw
3675352373	10	https://00.img.avito.st/image/1/1.PjYKNbawkt88ghDSejk9SRuVkN-6nJrVvA.mFem-oNCTfB4Ov9m1kqFR_4z3jjhFkp_nUx8hB7Izr0
2523250240	01	https://00.img.avito.st/image/1/1.CYVEabawpWxy3idhWm1C_1XJp2z0wK1m8g.tvjM9RwLwK3lYOWyAPM6Ywa74bBHt1qJAFMTN6njLBU
2523250240	02	https://00.img.avito.st/image/1/1.bjYK47awwt88VEDSWrZrSRtDwN-6SsrVvA.FXh1EnGYCJzYmpFCNs41QEyEKHMrtehzOl2NEJRRuI4
2523250240	03	https://00.img.avito.st/image/1/1.79INP7awQzs7iME2Xxj4qhyfQTu9lksxuw.bex0kjYtCMqgqUQNSblVZUyd4rNVl-fBmWlHPXbJYJQ
2523250240	04	https://00.img.avito.st/image/1/1.x7iFGLawa1Gzr-lchyvsxpS4aVE1sWNbMw.EZ-Ne0A6w65GgaCazXYtd4O6zOkh-4WbfHD9tdD0mvE
2523250240	05	https://00.img.avito.st/image/1/1.CqZtZ7awpk9b0CRCdSMP2XzHpE_dzq5F2w.JPOFi8N0jAcHIyPJYnLrajTpM_xMIkNkYNSITTSb1uA
2523250240	06	https://00.img.avito.st/image/1/1.vy4NP7awE8c7iJHKf2GrVhyfEce9lhvNuw.dwYZbE1hltNnlFOq6R6GgZekcpHrmyp0Y9Csm-Tm9v4
2523250240	07	https://00.img.avito.st/image/1/1.aja7vrawxt-NCUTS468LT6oexN8LF87VDQ.7Q9zbI0Se9py9qGOhIWwtWyUASdf7QJVE3lO3iFlmao
2523250240	08	https://00.img.avito.st/image/1/1.X1BzTLaw87lF-3G0QUUvKmLs8bnD5fuzxQ.Na9O09Wb4Stvs-ti5guk3rnqAWFXl8r4oJCNubUyfQA
2523250240	09	https://00.img.avito.st/image/1/1.CQVokrawpexeJSfhdsoNenkyp-zYO63m3g.qHC-evxoHzpxhdhU0HKrHE7PQK0llLvxuOBbv900tIE
2555471049	01	https://00.img.avito.st/image/1/1.P1DbULawk7nt5xG0qWBvL8rwkblr-ZuzbQ.PetxZQQJ3DFZnBCrcvkjP9A1x2xdiNgGm0yWecGpKNw
2555471049	02	https://00.img.avito.st/image/1/1.E3qHd7awv5OxwD2erTMBRtzWvZM33reZMQ.LSkbYAnu5JIoaV6TRR85E2ojM3fR0QYmcnBKEkjkE9o
2555471049	03	https://00.img.avito.st/image/1/1.dQZLhbaw2e99MlviLcBveVol2-_7LNHl_Q.pSM20qMEimkVhvGjAeT6EhF6Trhp-Av3pA1wl8-3oXE
2555471049	04	https://00.img.avito.st/image/1/1.RQ1Y37aw6eRuaGvpXvpedUl_6-ToduHu7g.8E0lSs2EHVvKr9cgj9uzoR_r99smdsRTHhYswfif768
2555471049	05	https://00.img.avito.st/image/1/1.ghZo9rawLv9eQazyYNzPbHlWLP_YXyb13g.opMrxdoAgKalJnRABIs8_JawxNX3CKGKjvkHrmVJXPc
2555471049	06	https://00.img.avito.st/image/1/1.icxYfbawJSVuyqcoRheMs0ndJyXo1C0v7g.-xlPytez0JotYBZFIbZauyUWUZ27vpErKYarsOhQvrs
2555471049	07	https://00.img.avito.st/image/1/1.OTQPzbawld05ehfQcdElSx5tl92_ZJ3XuQ.PT7Rq3h4lvqh2py_T2qmJZBgk8zjLx9UgABqMZUOICA
2267253100	01	https://00.img.avito.st/image/1/1.01J7mLawf7tNL_22UevHKmo4fbvLMXexzQ.H2FL16NfmuWJ6KF04xBoV85qJ5CbK-CRpp-WI9LlRaE
2267253100	02	https://00.img.avito.st/image/1/1.MB_B0LawnPb3Zx77rcApZ9BwnvZxeZT8dw.uoa-nVeL06K7BUAjIVbZN8oYMliAVE8EzBCDV4b7rUI
2267253100	03	https://00.img.avito.st/image/1/1.9ZVYOLawWXxuj9txPlOJ7EmYW3zokVF27g.T8KXQcFFJWLeLmOkuP96GJoAgUsRQ9YvwSh41df0k4o
2267253100	04	https://00.img.avito.st/image/1/1.Jk1rbbawiqRd2gipKyE0NXrNiKTbxIKu3Q.ewKuDQv4CK_EW8C1e_MAfVfKx2q0dPsnyMNlU4l76Ys
2267253100	05	https://00.img.avito.st/image/1/1.6JzFCbawRHXzvsZ4mXr65NSpRnV1oEx_cw.92BlW6P8JklYUDCmUPrHGoexUA-IwQ1OxVVg7JsQgIs
2267253100	06	https://00.img.avito.st/image/1/1.Rb1bWLaw6VRt72tZXSVZwkr461Tr8eFe7Q.ic0Frtcd-S6BR_-t7vhySqXKyzR-Z7fjAxhHPuJlEEo
2267253100	07	https://00.img.avito.st/image/1/1.5jYfG7awSt8prMjSXyzMSA67SN-vskLVqQ.1eJDneQOrETrA1CsWk1hJYzVZdmx1y7jyTbtPq9WRv8
2267253100	08	https://00.img.avito.st/image/1/1.H3XxGLaws5zHrzGRw0ABDeC4sZxBsbuWRw.T7aWBo6WpzsPc2pjmVC3IvKqBb-sdJW2nsbQqCFH5fw
2523533984	01	https://00.img.avito.st/image/1/1.HcpQTLawsSNm-zMuZmhbsEHssyPg5bkp5g.-9EGBqGwR2IoGDns7mFma6pMACcU2vXFGYrk8iQ10wE
2523533984	02	https://00.img.avito.st/image/1/1.nQXFzbawMezzerPh86-JfdRtM-x1ZDnmcw.6W6k5Z_BQWy3y_NEVeVkd-ndF5jVUY4ZSIz8PlP_qGA
2523533984	03	https://00.img.avito.st/image/1/1.zJz4uLawYHXOD-J47Pe35ekYYnVIEWh_Tg.02zsfrTBlbvARUX8_GSDJV7iw13iFf5tCQBuXw54kgw
2523533984	04	https://00.img.avito.st/image/1/1.nJyNPLawMHW7i7J4uXaM5JycMnU9lTh_Ow.Eg3efxEj8E1wZdJ1unEPERd1Oxq6-G6gtiRGhUyDWA4
2523533984	05	https://00.img.avito.st/image/1/1.X1DOFLaw87n4o3G0_C1aL9-08bl-vfuzeA.IwbyPLfBC58gMTO7KhImOt7PNaj7fJ8qt8aE3L6tG_g
2523533984	06	https://00.img.avito.st/image/1/1.SOxB17aw5AV3YGYIXf4vlVB35gXxfuwP9w.53MDMnfRsYX-AOQBMfug3eY18jjyeYtM0TW9O4zo2r8
2523533984	07	https://00.img.avito.st/image/1/1.p5P5GLawC3rPr4l3u1Kh7Oi4CXpJsQNwTw.2zpc2-M_KwdoSV7Hy231wKWw9bG_YRUXJKef5t8ie2U
2523533984	08	https://00.img.avito.st/image/1/1.LccATLawgS42-wMjVkBmvRHsgy6w5Ykktg._lq0voVWlyNq67tWCS5XWd-yZcE9U3vx-MxisjzYsas
2523533984	09	https://00.img.avito.st/image/1/1.3kprbbawcqNd2vCuWz7MMnrNcKPbxHqp3Q.TvJ54io8PPazPnDIWTMd4db-RzvN971SCvolYTvtQug
2523533984	10	https://00.img.avito.st/image/1/1.rJz0ILawAHXCl4J4oHbO5eWAAnVEiQh_Qg.YMgahJnMlmMEEmVwVY7SsF7LG47AVIfJ4vjHozdjX3o
3771402514	01	https://00.img.avito.st/image/1/1.SLqB2raw5FO3bWZenZ8FwJB65lMxc-xZNw.hudSdokZ3mcqgTjGJnLVPpsHexou6XpoeOEteRXB7fY
3771402514	02	https://00.img.avito.st/image/1/1.-zMtFbawV9obotXXV1KqTDy1VdqdvF_Qmw.2F2ak9XC0uBS6465eIPfWFgpa-HnNba7QHsSzHrD6fE
3771402514	03	https://00.img.avito.st/image/1/1.H7kvGLaws1AZrzFdHXwyxz64sVCfsbtamQ.VTlwQcwRYVImxxNNDd9TBXdj9IBME5tzDVI_35zr3_0
3771402514	04	https://00.img.avito.st/image/1/1.-DuUurawVNKiDdbf6O2lGc8bVtIkE1zYIg.yu7TqldhP5lJlBMgGxs4OOCbXHVVG3lJr3ZNbNZa_bc
3771402514	05	https://00.img.avito.st/image/1/1.iThykLawJdFEJ6fcbNrTGikxJ9HCOS3bxA.AoBk6a0I6N0ebqFnGDhbyfeiVd9XvpdvZvIv3NaDKPg
3771402514	06	https://00.img.avito.st/image/1/1.T5XvGLaw43zZr2Fx_X1R6v644Xxfset2WQ.XvD1uajEMz2zB1Psu_ZwOVV0Imf44XccjwGtZSOF3GI
3771402514	07	https://00.img.avito.st/image/1/1.jmIrKrawIosdnaCGOwilXnCLIIubgyqBnQ.nai3fDYufo6t-apOeEtqdyo8bXKFsEBKIj74Jxckyi0
3771402514	08	https://00.img.avito.st/image/1/1.xecK77awaQ48WOsDDOSu21FOaw66RmEEvA.DqOk74Jt0rVcCjnWN1z_DP7MSPJP9SYXOGwZWjvqb_w
3771402514	09	https://00.img.avito.st/image/1/1.8a-pmrawXUafLd9Lx4XliPI7X0YZM1VMHw.eD8GRrpU6pphc40fDP3vvXScLQdc4gKjIUESjklZ35s
3771402514	10	https://00.img.avito.st/image/1/1.fudrRraw0g5d8VADGyMxnXrm0A7b79oE3Q.yn3k0y9PcvBQm0C5X_DyL5FS8WUBWv0UPHjxZxPseTo
3546831788	01	https://00.img.avito.st/image/1/1.HZMwTbawsXoG-jN3BlkC6yHts3qA5Llwhg.M43SfBRer2_nUQNVYPnkFB9pZ7AOuu-VaYoCnY22RFw
3546831788	02	https://00.img.avito.st/image/1/1.2xAM1bawd_k6YvX0Nt6haR11dfm8fH_zug.z-JY9u92Sx5oBr0GZSnOi0PUChRDcYYUThmifwOmPAE
3546831788	03	https://00.img.avito.st/image/1/1.kK-BybawPEa3fr5Lrd-_0ZBpPkYxYDRMNw.mMuOwefahKHuwAFRNoBC5ve7FdQOYYOQTsxpxWVNK5s
3546831788	04	https://00.img.avito.st/image/1/1.sjXubrawHtzY2ZzRhgj5T__OHNxexxbWWA.DA7SAr1MaoZK8zivbzVOxQ4cr7nx7f6uNtJtllq4UEg
3546831788	05	https://00.img.avito.st/image/1/1.UrVLfbaw_lx9ynxRYxQaz1rd_Fz71PZW_Q.a0Nh5tZiQ4vOnvstWMrGgs91XOM2i4NGt1uUGiKmqQ8
3546831788	06	https://00.img.avito.st/image/1/1.ajdV7rawxt5jWUTTDet8T0ROxN7lR87U4w.j8p_BiF6QWPp4pGsprL0xCur317Oi8RtRVOCQqGDPWE
3546831788	07	https://00.img.avito.st/image/1/1.9pRrbbawWn1d2thwC0bi7HrNWH3bxFJ33Q.joe17W57_-pyyVZIOI1d442yowPEKEOZgzE145m3Ht0
3546831788	08	https://00.img.avito.st/image/1/1.2FzZabawdLXv3va45RbGI8jJdrVpwHy_bw.zXUoUbtFZTcY2oKcZC4sgU-BqHm2k0vaSoI_3c6aLk8
3546831788	09	https://00.img.avito.st/image/1/1.qQ3WzbawBeTgeofpiJuodcdtB-RmZA3uYA.h4d61h6Vp3YQ2azHknzYYM3RCa-CKpL6pKdmi62Hg_M
3546831788	10	https://00.img.avito.st/image/1/1.CQVHiLawpexxPyfhWYB8f1Yop-z3Ia3m8Q.WNJRM4iB1MREEw2huBVygajvkcPrMsn2qdWdcO4RL2Q
2427022006	01	https://00.img.avito.st/image/1/1.tae2H7awGU6AqJtD0BXSm-2-G04GthFEAA.NAPPExxX1nAivMkQ3x9Hg9z2cfLJFE1H5Op8wkh2LDk
2427022006	02	https://00.img.avito.st/image/1/1.y1xE-LawZ7VyT-W4XufQI1VYZbX0UW-_8g.yCSBF1HCcut92wvwfjZUnexuh2yAHzQVS2dQ39X4zbY
2427022006	03	https://00.img.avito.st/image/1/1.njYA8bawMt82RrDSMO_LSRFRMN-wWDrVtg.kOwwGN4mi2QXgIaPT_HlmqQ-kIXzXcP7VwtFAbUYYI8
2427022006	04	https://00.img.avito.st/image/1/1.EzAPVrawv9k54T3UJToJSB72vdm__7fTuQ.pFzSQaMA0kW9A9o3fWtaubQKqffdmgyBrT2ELdgiIsQ
2427022006	05	https://00.img.avito.st/image/1/1.AQznzbawreXRei_o6ZETdPZtr-VXZKXvUQ.9UqEKsf-YgbbuVFCVpsI4f6tpCIN_eOLtft0CkjiMvw
2427022006	06	https://00.img.avito.st/image/1/1.OjaMrrawlt-6GRTS9PpAT50OlN88B57VOg.El2o73jvv4wztnNFDJVswYREjp6j4ycE9IUOCsv78CA
2427022006	07	https://00.img.avito.st/image/1/1.pZSwTbawCX2G-otw9hu97KHtC30A5AF3Bg.bztaVird1iuj6FU8nTdzF3G9wtkXYNOs88agfGAHN4c
2427022006	08	https://00.img.avito.st/image/1/1.i3pNFLawJ5N7o6WeV36IBVy0JZP9vS-Z-w.jmMAANyTnPqkVZURci8suAz1D7Dhbd9OgIVO6ZIq35I
2427022006	09	https://00.img.avito.st/image/1/1.xNIJ1LawaDs_Y-o2Db_Qqhh0aju5fWAxvw.gHNzPoESWwer8yobe5t9lh1IK2Ee0Hw6S_wAib7fDgA
2427022006	10	https://00.img.avito.st/image/1/1.aja2rrawxt-AGUTS7vsNT6cOxN8GB87VAA.aGgiQVFfCYTK84pHfU36auW5NIVG6-_odM57b4qc1u0
8025991749	01	https://00.img.avito.st/image/1/1.AjEjrrawrtgVGSzVK7ovTzIOrNiTB6bSlQ.Jt9zEaf6s7w8ygMZpNJhaJx7u8FKMcCKeBxxV2I85yQ
8025991749	02	https://00.img.avito.st/image/1/1.6vZo8bawRh9eRsQSMKKkjHlRRB_YWE4V3g.VY_CfPW-DCYsazRcyMvRnSwr45eafX98D7cmt89r5tE
8025991749	03	https://00.img.avito.st/image/1/1.p7hPGLawC1F5r4lcDT6Pxl64CVH_sQNb-Q.GvjeozXVGuDGqk3FzUDuS6w1Bwg9bkPkexH2GhAY3FQ
8025991749	04	https://00.img.avito.st/image/1/1.6QVpfrawRexfycfhN0XzenjeR-zZ103m3w.7ZyOL6k1eKR1_O9o774NM1X3WIWqUj83LFWJRhIChsc
8025991749	05	https://00.img.avito.st/image/1/1.HglofrawsuBeyTDtWFJvc3nesODY17rq3g.kixVlBTv3Z4JtPoaCBgJkvSQmZ0MiLvF6lJt6zm-Jys
8025991749	06	https://00.img.avito.st/image/1/1.qQOSTbawBeqk-ofnzD_MeoPtB-oi5A3gJA.6fnnORGZOKrlnoVjZ9c7m_qqRn8xLMJU15HKC91VBhg
8025991749	07	https://00.img.avito.st/image/1/1.51Ar_LawS7kdS8m0aZf1KDpcSbmbVUOznQ.xo6jS9ZTFVSxpduT54R4PtTwOBo43llgcqDnKl0S0mU
8025991749	08	https://00.img.avito.st/image/1/1.s1GruLawH7idD521wc7TKLoYHbgbEReyHQ.8av7RAAgHNtXypqdHTS2OVq_4VhlsxDr_6380Vh1IAU
8058714163	01	https://00.img.avito.st/image/1/1.3EzBKLawcKX3n_Ko9VusNtCIcqVxgXivdw.QeqGHu1yZ3StLDMfi6LakI5o2SBHYzEyAhbHhcLt26s
8058714163	02	https://00.img.avito.st/image/1/1.Q_AMo7aw7xk6FG0UBvYkiR0D7Rm8CucTug.StMWlpXZuDe314l6tODVFD8xQCWx7b6ozSE7HgTgbs0
8058714163	03	https://00.img.avito.st/image/1/1.oFRB27awDL13bI6wDfHQLlB7Dr3xcgS39w.r0wu4HIkb3wjZg1zLcYr0PpVp3Kc5oMG65WKI3xJV2k
8058714163	04	https://00.img.avito.st/image/1/1.dJyNdLaw2HW7w1p46XVk5JzU2nU93dB_Ow.EVj-getszDRb5f3p95CC5S5WDx2mFi4TbqQFG7XsqnA
8058714163	05	https://00.img.avito.st/image/1/1.g5AK_bawL3k8Sq10AOfz6htdLXm6VCdzvA.7BPi797296g_hQeiRYTPAu_exNuyvBlnT7B64bZTWiA
8058714163	06	https://00.img.avito.st/image/1/1.eNzCo7aw1DX0FFY4vvYfpdMD1jVyCtw_dA.WISt4eQG47bkbzZLSOxZx7la3KHkvffSl10e3CTpOPo
8058714163	07	https://00.img.avito.st/image/1/1.t1BzRLawG7lF85m0EV7HKmLkGbnD7ROzxQ.qlSLnShzn7BqB8q9lZWYltMlPPvSs-UFs7LDeWPzB3U
7994161143	01	https://00.img.avito.st/image/1/1.gQVfH7awLexpqK_hUS39fE6_L-zvtiXm6Q.iJKJXUcUpQo2cl3GnapnvShXchQ8knML--sXNJFeg_k
7994161143	02	https://00.img.avito.st/image/1/1.Lg7ufrawgufYyQDqvkpjdP_egOde14rtWA.Y1GMv8lg9AxbBU3SEYvVwtC5hMptuJp6rJECCATsokw
7994161143	03	https://00.img.avito.st/image/1/1.jGHt1LawIIjbY6KF-dr_G_x0IohdfSiCWw.7HkH1aQUxvmUq5U9Wjo25N2RX5MCrG7AZlBw8otyBdU
7994161143	04	https://00.img.avito.st/image/1/1.YuSbfrawzg2tyUwA02MCnYrezA0r18YHLQ.Bg3ghzNHy24BW1cg_fH-PgStT5EJBJMBaSYU_7GEkK0
7994161143	05	https://00.img.avito.st/image/1/1.0JhBlLawfHF3I_58bbPJ4FA0fnHxPXR79w.vcXmiNKPFFAk1Re46BP1bZLp0aUH9HuCBagoiwZj3pI
7994161143	06	https://00.img.avito.st/image/1/1.mQJBTbawNet3-rfmfyfhe1DtN-vx5D3h9w.lnwYPm5hjAGioa067OWBI4H-KAFLRrs-FXZJTdraodg
7994161143	07	https://00.img.avito.st/image/1/1.uBzZhrawFPXvMZb4pYy7Y8gmFvVpLxz_bw.Iu2JuKHrprxXCqfXYTs65GnK48WLk1NSQVB6bLUZDA4
7994161143	08	https://00.img.avito.st/image/1/1.9T1Y37awWdRuaNvZPuDuRUl_W9TodlHe7g.qhqd7CH8QyxCqVbH4w72K8mspLrgSvrjYgHOekhkCJg
2011760630	01	https://00.img.avito.st/image/1/1.GunrfrawtgDdyTQN0z58kPretABb174KXQ.EXkRvUxfVsYvAKyiCNuTB9sDKzOPU0TEfh1VHMYJqLQ
2011760630	02	https://00.img.avito.st/image/1/1.8FzP8rawXLX5Rd64o729Jt5SXrV_W1S_eQ.SNlQD7YbOUjVcDmZ4A_Two3FH2AQUCv_iUF5X1vIK70
2011760630	03	https://00.img.avito.st/image/1/1.FY1Y0LawuWRuZztpfrQB9Ulwu2ToebFu7g.uGFsvU8MvOlbNKiC5d3RGPH4LHIt_EUfJP5MSzwwi8I
2011760630	04	https://00.img.avito.st/image/1/1.3FzAebawcLX2zvK49BqOI9HZcrVw0Hi_dg.t8ZyjLxPjNtITBxWXBWShNT-d8odHy9U7ArvrGzMq9I
2011760630	05	https://00.img.avito.st/image/1/1.Jq1rbLawikRd2whJKyA71XrMiETbxYJO3Q.Wv5F4vuhC_eZFh4hYyDYiw3HMZxw5pLZICDtg1Zow48
2011760630	06	https://00.img.avito.st/image/1/1.uYVEZrawFWxy0ZdhOhjy_1XGF2z0zx1m8g.dzRHPSAARdrWyQ8S7FfHjw3RV-Wp3v6R61wB7OItI0c
2011760630	07	https://00.img.avito.st/image/1/1.n1AXsLawM7khB7G0JcL8KQYQMbmnGTuzoQ.dH-dCSzBcEVSD1QkPwbJhkeBC6xaOn4i8SlOFbKUPoQ
2011760630	08	https://00.img.avito.st/image/1/1.S1qtH7aw57ObqGW-t2oAILy_5bMdtu-5Gw.s7moIPBVg8DdYHfLAi0oQT6smDcupQAcnvxDkk0DulE
2011760630	09	https://00.img.avito.st/image/1/1.VaIYTraw-Usu-XtGPk973Anu-0uo5_FBrg.pGmBfsk0gRf4em1GD8NeA2PDogYTl7hD1M2gdDEcbV0
2011760630	10	https://00.img.avito.st/image/1/1.YV_YSrawzbbu_U-7lj8dJsnqz7Zo48W8bg.g61f3biWG-lfiZ_bKzXWD5jVLYzqBAPtm3gyfPrv8tQ
7578337821	01	https://00.img.avito.st/image/1/1.XJyLSLaw8HW9_3J4v3VA5Jro8nU74fh_PQ.gxKCcoOyB8e8NrxKWtFRKYyFMi4ZtaH33uVByWfHMVw
7578337821	02	https://00.img.avito.st/image/1/1.hpJrbbawKntd2qh2a1-S6nrNKHvbxCJx3Q.FTtkuW7MwQlZtA9SsOE-atyrW72qqn7ap9aZlbsEPTY
7578337821	03	https://00.img.avito.st/image/1/1.41wgeLawT7UWz824anfhIzHYTbWQ0Ue_lg.m6MH9igT9iw5vkDCBqLCcOk7al_iP-V7s99QRC5U6eQ
7578337821	04	https://00.img.avito.st/image/1/1.7W1bQLawQYRt98OJDVfpEkrgQ4Tr6UmO7Q.sH8AfCmUvRKKbOERIVpL-kblMohRy6tpQMtBkAsrBu8
7578337821	05	https://00.img.avito.st/image/1/1._iTWfrawUs3gydDApiniXMfeUM1m11rHYA.3NAQX3pqqr-e8d-OOb_emqy6vygLo1OgX8dV0tbCIRg
7578337821	06	https://00.img.avito.st/image/1/1.8QVe4LawXexoV9_hMKuSfE9AX-zuSVXm6A.Y7Kcd9CNwZzgAdccv3-C3QrZXkZbIT_x9Ayb-s3Bka4
7578337821	07	https://00.img.avito.st/image/1/1.XQSchbaw8e2qMnPgqsAQfo0l8-0sLPnnKg.QasHbulB5GlslYwnkEBQUepUVkyWHiu8DBid4Rw8dQw
7578337821	08	https://00.img.avito.st/image/1/1.HjvtfrawstLbyTDf3UZ7QvzesNJd17rYWw.OYhCQ8cVmugPzp5OEqEjPArJI6ghUttvwT2TFc10T8E
2235573198	01	https://00.img.avito.st/image/1/1.KFvB27awhLL3bAa_nYtZIdB7hrJxcoy4dw.5uKLC0rUkLrN_JWnf35Cmf120DCQYrs5TBHL7NSnmX4
2235573198	02	https://00.img.avito.st/image/1/1.g7AKJLawL1k8k61UABrFyhuELVm6jSdTvA.jAL3kuSKItCX6DMFfccYeP5SsG-W-8xIN4qF9AidAMI
2235573198	03	https://00.img.avito.st/image/1/1.BQZWNbawqe9ggiviUCkCeUeVq-_mnKHl4A.5ccKHScZCJLWqshJiPRzvsHCKZUacyx1C49m42qqQ1E
2235573198	04	https://00.img.avito.st/image/1/1.63AMv7awR5k6CMWUVviLCR0fRZm8Fk-Tug.yfhTVOgNB-V2-UjhzvWxPXonPrRQjARiiTnGhRRtU0c
2235573198	05	https://00.img.avito.st/image/1/1.vxwNZrawE_U70ZH4f1zPZhzGEfW9zxv_uw.TjHMhe07KBU5paIXbXyyVFj2KctekjgBAU9lRPdHG58
2235573198	06	https://00.img.avito.st/image/1/1.kyTNGrawP837rb3A5yCHXNy6Pc19szfHew.z8FszSbKpHoBgHyn9aG32nOYWZpTvdFxlLN0Mw1pdbE
2235573198	07	https://00.img.avito.st/image/1/1.5JwhWLawSHUX78p4ZXes5jD4SnWR8UB_lw.lZDjPGkchG-6joeQxlpiz_eHCWoESRcBoFSGm7vZ6GU
2267205598	01	https://00.img.avito.st/image/1/1.PJyOcLawkHW4xxJ4-nQq5J_QknU-2Zh_OA.0ORWmmwhxpFBwNpBEY83jQeIq8nCWf0MFeZ6_0dG7kw
2267205598	02	https://00.img.avito.st/image/1/1.R3ANAraw65k7tWmUD2MmCRyi6Zm9q-OTuw.Uc78qIvdyJEkGMY-cv4Jt-BcDMo-9jxoQ2wkQk0T0Gs
2267205598	03	https://00.img.avito.st/image/1/1.tjZUWLawGt9i75jSNGLGTEX4GN_k8RLV4g.heqUxfnw1rRaiRQT9jIxq0JIjtq1g7aqUMUTu681lPc
2267205598	04	https://00.img.avito.st/image/1/1.BQYFNbawqe8zgiviAylReRSVq--1nKHlsw.mAPE7NwU49PHE_Xsc606Y6FctDb7AJoRkyM4ri1YiyY
2267205598	05	https://00.img.avito.st/image/1/1.rJwjsLawAHUVB4J4d_bh5jIQAnWTGQh_lQ.7iXXooCZMKVzhtHGVRILqKKjuDx137L34coBtwcMb5A
2267205598	06	https://00.img.avito.st/image/1/1.PQUr5bawkewdUhPhXZFHfDpFk-ybTJnmnQ.ApXuELIjwuM516DaKNOQXg5M7eL-CNfvKVrYtBeCeXU
2267205598	07	https://00.img.avito.st/image/1/1.ZViQTrawybGm-Uu81gsxJ4Huy7Eg58G7Jg.XelgmT2NmOFSDp1iVbGG8mCVqw-iuBX0DIE8Tk5_9b8
2267205598	08	https://00.img.avito.st/image/1/1.zQYD3bawYe81auPiFbafeRJ9Y--zdGnltQ.U7ElwsXBtjDg7rSHyjtEucFdHm000483tYAr5cv0__Y
3706993704	01	https://00.img.avito.st/image/1/1.ZNf11LawyD7DY0ozscF7r-R0yj5FfcA0Qw.MGgSMT7RQOaY-M8-99QICxW-qKWBB5pUU-3IqRHwXTU
3706993704	02	https://00.img.avito.st/image/1/1.6JzP_7awRHX5SMZ4k-yk5t5fRnV_Vkx_eQ.1ARPKsMf0wp9NAR15kuragFz99o1s-IuZs-dOZiuPC0
3706993704	03	https://00.img.avito.st/image/1/1.hITAULawKG3256pgxGqF-9HwKm1w-SBndg.th3u1zhR6DHwpyqDU4B1E1l9o1khxabtnzOyIvkQ9Mg
3706993704	04	https://00.img.avito.st/image/1/1.VH9J1Law-JZ_Y3qbbf0aBVh0-pb5ffCc_w.D13CM6fEK6qTWG34fErw7c_jsh0UUagyEcoGwwSqUdc
3706993704	05	https://00.img.avito.st/image/1/1.aJ-nlLawxHaRI0Z7-9EN5rY0xnYXPcx8EQ.PDdDb0Jc3ewH0gQPafIxAgiCCUihHYeFYeFBNWF_Hy4
3706993704	06	https://00.img.avito.st/image/1/1.nQXI_bawMez-SrPh_oeEfdldM-x4VDnmfg.j1srDMwFW_FBPc3GKJ8Wl3v8AgRkPup-8dCzlGYnOkI
3706993704	07	https://00.img.avito.st/image/1/1.liXQfrawOszmybjB8DCCXcHeOMxg1zLGZg.G5KPc_ZOMWDeMp4frg2EPaXCRwvpNkTj6c7WvZELQHQ
3706993704	08	https://00.img.avito.st/image/1/1.ZyZWfrawy89gyUnCFGs3bHHeyc_m18PF4A.jo3PGSbtPz4_vHnybvpkHYvOQ3WLwnWh7Rwi9x2firE
3706993704	09	https://00.img.avito.st/image/1/1.hzoNz7awK9M7eKneD7nTRRxvKdO9ZiPZuw.ERyqXavNwjtXZjA1ivxWSgyMCl0ZNp-pr1zUNm3lg0c
3706993704	10	https://00.img.avito.st/image/1/1.6YVpO7awRWxfjMdhNyz3-nibR2zZkk1m3w.odXUVKNz8NXMp0NlGXA5UA7r2YBLbR_RSrb-8faSeiU
4666912974	01	https://00.img.avito.st/image/1/1.vjNrHrawEtpdqZDXGyi3THq-ENrbtxrQ3Q.Ve2Gw0WG8JYKfKXqecOKrcGFeqCmVWqam2GirEyXOrE
4666912974	02	https://00.img.avito.st/image/1/1.7TVbRbawQdxt8sPRDX7sSkrlQ9zr7EnW7Q.9U8kz0qGytf4rtRTp5KSyeGaEXFTFHH8uLUhFyJrRzk
4666912974	03	https://00.img.avito.st/image/1/1.ll39frawOrTLybi53QTDIuzeOLRN1zK-Sw.AbTLrHlBYpfaZu4LE9sx86O25vQ5FRaP7evk41R_7tQ
4666912974	04	https://00.img.avito.st/image/1/1.-sBLfbawVil9ytQkM1aIulrdVCn71F4j_Q.QZ52UTw_wXnd_ze-hMLS9Kot0391uB6Vi9qgVDCDvHY
4666912974	05	https://00.img.avito.st/image/1/1.79oN2LawQzM7b8E-X-_kpRx4QTO9cUs5uw.3jQkJXhSbk1XIpByJMFubfbqsgSCd8BdmewXl5YdjVw
4666912974	06	https://00.img.avito.st/image/1/1.XQU25baw8ewAUnPhAJA6fCdF8-yGTPnmgA.LGxqt9Ao3NxJ99yfzPpRfXLXmEryYvuDIkZ5DXlB6FY
4666912974	07	https://00.img.avito.st/image/1/1._DE91bawUNgLYtLVSYquTix1UtiNfFjSiw.IjQhVNudW32XNMirCSYkTRIFTNQbJQFa8lqBPL2U_YY
4666912974	08	https://00.img.avito.st/image/1/1.YFCBzrawzLm3eU60zaswL5BuzrkxZ8SzNw.zm0O75h71vw7Ak-s3zwd4nj-oU8itADiNZb9v6q8a_k
4666912974	09	https://00.img.avito.st/image/1/1.-YxYS7awVWVu_NdoJiCY9UnrV2Xo4l1v7g.WolmltsrLbtC7oaymtTcg4TuE65tO4eudSQS-StVc-c
7962695064	01	https://00.img.avito.st/image/1/1.R_QNPLaw6x07i2kQD1VcjByc6R29leMXuw.VdVlDkUmX1x3ichxgG0WutizSLYM_Z7VGo6RDh_rvB0
7962695064	02	https://00.img.avito.st/image/1/1.LH7V1LawgJfjYwKageBhBMR0gpdlfYidYw.9CunNUCTz49R_xCWi86pypJjbI49ea6UwnCfc_oXhXE
7962695064	03	https://00.img.avito.st/image/1/1.aRrKTbawxfP8-kf-lHwZYNvtx_N65M35fA.Gqsp_XC5-skPfHYk2bkWgnIOmx4CONGf9kPQIBkUmxI
7962695064	04	https://00.img.avito.st/image/1/1.wb9YRLawbVZu8-9bVjfTx0nkb1bo7WVc7g.p9GIG2luBPoijA2BcC18-ocsYkrmWoPFId6zPrdl2H0
7962695064	05	https://00.img.avito.st/image/1/1.yjDR_rawZtnnSeTUyf2eT8BeZNlhV27TZw.J03GbVQqodaW_NgpHBmujJYmB3PJQN4Q9s_8YGrXJdw
7962695064	06	https://00.img.avito.st/image/1/1.E9APR7awvzk58D00JRcNqB7nvTm_7rczuQ.07TTQmrHoHny7aESAy8Mdp9jbP6S8KGTOzNI6nIcu8k
7962695064	07	https://00.img.avito.st/image/1/1.A1JieLawr7tUzy22aDQRKnPYrbvS0aex1A.XfJpfK-CRXgVwoDd9fj--OPebXz_Oja_vMNYbVN_MUE
7962695064	08	https://00.img.avito.st/image/1/1.iZJYUrawJXtu5ad2Rkj56EnyJ3vo-y1x7g.hGVP4i8Kaupl4_YWdB1U3ezuKhnQ0z10x31RAd97H78
2619323392	01	https://00.img.avito.st/image/1/1.QYVHzLaw7Wxxe29hSeEw_1Zs72z3ZeVm8Q.xkh6Zb1EyFvQSvrFG-qBIYGlvbdV7DtUAFzJKQYhIiY
2619323392	02	https://00.img.avito.st/image/1/1.XjZTkraw8t9lJXDSY4MQTEIy8N_jO_rV5Q.bunfDuC3Qr-Qf4c7B-G4Jb3mgVYQdmJNBbWH5ZlKbWM
2619323392	03	https://00.img.avito.st/image/1/1.F1CmIbawu7mQljm0hAF6cP2AubkWiLOzEA.-XVG2JIILSfcW52leR9BPHJSpGHSrngze9NBzOKJnh0
2619323392	04	https://00.img.avito.st/image/1/1.5JwjuLawSHUVD8p4Z_ep5jIYSnWTEUB_lQ.TdJ5Tam-6KwWYjXAKfBCbUx80OcNJMT3vc-mCxj0JXE
2619323392	05	https://00.img.avito.st/image/1/1.sPuDAbawHBK1tp4f7w_R29igHhIzqBQYNQ.uKBTOwoiOgerZPoen2IbAB-hhcODJb38aI56bqAfl1Y
2619323392	06	https://00.img.avito.st/image/1/1.Krk-IbawhlAIlgRdZlVkn2WAhFCOiI5aiA.Da122Vp31QnztoZHtL2tLhJa2jrWDZIZj2oLLOpJ4l8
2619323392	07	https://00.img.avito.st/image/1/1.3Z_0p7awcXbCEPN7wsi-v68Gc3ZEDnl8Qg.an1DCBrxiIfTIr8AvRMllMJTUH3-9CnQ9zqXnhTl-oM
2619323392	08	https://00.img.avito.st/image/1/1.V017GLaw-6RNr3mpWVUrNGq4-aTLsfOuzQ.XAD-XOt4lFhHr2Pq0nvRHMX-nSTR0vC-wvQwuqJAWp4
2619323392	09	https://00.img.avito.st/image/1/1.1JwmELaweHUQp_p4AneS5jewenWWuXB_kA.3tsrOu939Z22B-Lhb8GnV6CUrCvseQj7cJfxGzXyCBw
2619323392	10	https://00.img.avito.st/image/1/1.JPTAeLawiB32zwoQhDB1i9HYih1w0YAXdg.jSM2KekZT8tdNYTq6DSOa-QhmunDOWfM5sOOuLGzk3I
3803598236	01	https://00.img.avito.st/image/1/1.U_lNGbaw_xB7rn0dZxAwgFy5_RD9sPca-w.LexZ0YF22LkDQoPgbksyNE2_NJ057M3EajsueD9FARo
3803598236	02	https://00.img.avito.st/image/1/1.1jYA9bawet82QvjSIPqDSRFVeN-wXHLVtg.BdMtw_2YwmyTa6xv8IvRqkOjGVZaP1EmEhh-8HJd2ig
3803598236	03	https://00.img.avito.st/image/1/1.9c1bTbawWSRt-tspPQr8skrtWyTr5FEu7Q.CrR3XFiuM_ksGTRUBWQb_uLJMZMEscbzwXXTbMM7rhY
3803598236	04	https://00.img.avito.st/image/1/1.jyEXGLawI8ghr6HFBQ7CWwa4IcinsSvCoQ.uP53YZY1Px74kTiZDUOtOBqL7Eggfg933OqmD5AePg8
3803598236	05	https://00.img.avito.st/image/1/1.EoZtYrawvm9b1TxiRW4V-XzCvG_dy7Zl2w.MWumGiu3DymdAmEbmkC5CQrX8tHrr1LqcS45T1a00JQ
3803598236	06	https://00.img.avito.st/image/1/1.FGzBnbawuIX3KjqI5c0OFNA9uoVxNLCPdw.sXLAKjHSyU-h46nXMh5PMNndHbbCIp0UDTW8FWt9OTQ
3803598236	07	https://00.img.avito.st/image/1/1.v4YNArawE287tZFifwzd_xyiEW-9qxtluw.G_bduWjebcYV1_Fo4jnlqfhyMA95RObzuxEQHlpMa_k
3803598236	08	https://00.img.avito.st/image/1/1.SLVB2raw5Fx3bWZRXeMEz1B65lzxc-xW9w.otsMkikQ8sF2xvRNwH8kYutJkqAoZsA5gnQz1JyJzZM
3803598236	09	https://00.img.avito.st/image/1/1.umZojrawFo9eOZSCELjLHHkuFI_YJx6F3g.WPYW_F7F_m7toO_ajkpabaMcyxIWRPMBegB4GcyGgKY
3803598236	10	https://00.img.avito.st/image/1/1.9y4NP7awW8c7iNnKb2DjVhyfWce9llPNuw.2zJV8wa0VmdHCkVfo5GRSLo-bmQKuHWcrWNH2jx_rIo
7866821617	01	https://00.img.avito.st/image/1/1.n1B8SLawM7lK_7G0TkrTKm3oMbnM4Tuzyg.AjaMJeGDHfnoDiF16dBgvBmEriiIZjFgwH4ZqWp0mu0
7866821617	02	https://00.img.avito.st/image/1/1.q1J0mLawB7tCL4W2Loq8KmU4BbvEMQ-xwg.gvvbeFRPNxL85aIKvdZfld-eda0e50f01FaXNUcy0Hs
7866821617	03	https://00.img.avito.st/image/1/1.u5ABJbawF3k3kpV0ez-97xCFFXmxjB9ztw.udvHJMIlwwvrXWmRvl2e81vXIc-LC8uURJHiz7osmgI
7866821617	04	https://00.img.avito.st/image/1/1.XQU0hbaw8ewCMnPhAsA4fCUl8-yELPnmgg.g5mocuwggVgq7TizflltgwwLn6Bo4Tn-Ol4IHqyrh00
7866821617	05	https://00.img.avito.st/image/1/1.lidVfrawOs5jybjDdSSWX0TeOM7l1zLE4w.sxOGh-XUGqVXK-5mydehglzHBiK-J4Lu7LSGVn3J0Rc
7866821617	06	https://00.img.avito.st/image/1/1.rjZ5drawAt9PwYDSKXS3TmjWAN_J3wrVzw.OMpGKAQzQDJ1uC897IEguefEeReEuOOhUPi-E6bFAKk
7866821617	07	https://00.img.avito.st/image/1/1.M9DtGbawnznbrh00hyVaqfy5nTldsJczWw.0boOtJFhQkadHuJH7Qx31-ceSRs4E01am5P1a3narUY
7866821617	08	https://00.img.avito.st/image/1/1.T3S3GLaw452Br2GQpU1UDKa44Z0HseuXAQ.ebhRsu7WTDTKn-8VZciYmuv0KcOf0lzWUk2qYQ27fho
7866821617	09	https://00.img.avito.st/image/1/1.HQ8wTrawseYG-TPrBloecCHus-aA57nshg.u3BFmZUBMnCtRjnBGoc-FqfOXT2avavSV1QhTFfmLDg
7898184858	01	https://00.img.avito.st/image/1/1.Z4ZnGLawy29Rr0liJW03-Xa4yW_XscNl0Q.JvdBsxHuEmQowxj-Gq0gNDX-y3n4sIGosVUqQNsy7P8
7898184858	02	https://00.img.avito.st/image/1/1.n1DkArawM7nStbG01hSyLvWiMblUqzuzUg.Kzm5uehtL1pfHZt6W_afYSq9ACTUpbl5RDnut8OE7sM
7898184858	03	https://00.img.avito.st/image/1/1.8JzOMbawXHX4ht54okKF5t-RXnV-mFR_eA.P9ePViEHWx8EiPBAWfOk4uPJtUhCT-SCLiyinRqMpNc
7898184858	04	https://00.img.avito.st/image/1/1.ljvVfrawOtLjybjf9STyQsTeONJl1zLYYw.qk0zsMf_WLcapbVl5c_PkJcQDNLDU2kuAD2Y5G4e0pk
7898184858	05	https://00.img.avito.st/image/1/1.KbZYfbawhV9uygdSBkUryUndh1_o1I1V7g.3WOyQblieMqnLqlshh-BmzAKDHyu0ssfb-l5vAqDdmE
7898184858	06	https://00.img.avito.st/image/1/1.AjapXrawrt-f6SzSoXZqT7j-rN8Z96bVHw.teZvge2x1oFnKxFFe7KuN_i-Ha282vNt7egLJxQKiMg
