3802777571	02	https://00.img.avito.st/image/1/1.GLHBybawtFj3fjZV_bk0z9BptlhxYLxSdw.fIQls07WgnWbbwsHNokyA4s_3h0UgCt7cIJY9s40Pog
3802777571	03	https://00.img.avito.st/image/1/1.4RkYTbawTfAu-s_9Vm6sYwntT_Co5EX6rg.gQBrpwWKezsbk5MxZ1XNPU9pF0vvS1OxbvmmEZo0Y-A
3802777571	04	https://00.img.avito.st/image/1/1.fPzAXraw0BX26VIYtB9hg9H-0hVw99gfdg.RZxsIPnKiCVPv6F-7aIGZ2asg2o0nlVKmaS6Vsrr3Qs
3802777571	05	https://00.img.avito.st/image/1/1.mjWaLrawNtysmbTRoljrT4uONNwqhz7WLA.dhPBhrU_Zyby6YSQpNN-SROsqqczVdZjR-hUh30GQ9Q
3802777571	06	https://00.img.avito.st/image/1/1.LiVLfrawgsx9yQDBG14-XVregMz714rG_Q.5g5z2xHT0VR85L9RWKogbWWMR-gYkInkfV_aJQiGY0w
3802777571	07	https://00.img.avito.st/image/1/1.AjaEbrawrt-y2SzSjAp8T5XOrN80x6bVMg.n0BeVLK6Sp2pJsGqeJrhCQXqIfvoCVKkHZ-4Tb_8V44
3802777571	08	https://00.img.avito.st/image/1/1.Kt_Lfrawhjb9yQQ7kzZXptrehDZ71448fQ.8ZRfRuC7cuqsTn9pnVGKE7daxTnmbCcsh1QKdyyJYeo
3802777571	09	https://00.img.avito.st/image/1/1.RmlrRraw6oBd8WiNaxsNE3rm6IDb7-KK3Q.xL-d343p5Xzx8CmHD65htb1RRWfVcOYuDLYZMi__5bM
3802777571	10	https://00.img.avito.st/image/1/1.oeFYUbawDQhu5o8FFlPmm0nxDwjo-AUC7g.x4qUwmnoeBJdGjEmG_OXRCctmwbvqinTszT9yDLrel4
7993928551	01	https://00.img.avito.st/image/1/1.sT9bTbawHdZt-p_bNXeYQUrtH9br5BXc7Q.Hh4ozuC_0dHqi05KEdz5BtEEq955Y-oVaEqT_JAvBq8
7993928551	02	https://00.img.avito.st/image/1/1.KAEB17awhOg3YAblXatSeBB3huixfozitw.uSCHMulX_7KhALWAVUPb26mkdDPahlL4GJVDzz6OAXs
7993928551	03	https://00.img.avito.st/image/1/1.PJz4pLawkHXOExJ4jPRH5ekEknVIDZh_Tg.n5MRexuJG86YPjEmeUlmXm4fZngYHEJpM1wZJ0ciSbQ
7993928551	04	https://00.img.avito.st/image/1/1.d1AQ9raw27kmQVm0cosJKQFW2bmgX9Ozpg.QirjrUQ5_i7EBn-cpo7f-EL6CuyJotaTu3MFfe7jl24
7993928551	05	https://00.img.avito.st/image/1/1.TZ4YTbaw4Xcu-mN6Dkxf5gnt43eo5Ol9rg.Q9nzQ5vxxUgkVpmLBrd6MYBKiYAPjLa9goqrw9xX4tU
7993928551	06	https://00.img.avito.st/image/1/1.IQVt47awjexbVA_hI7NyenxDj-zdSoXm2w.RFw3hiLHaLPfehZKzmohS3vIDGDop9AjQIcSTC3Y35Q
7993928551	07	https://00.img.avito.st/image/1/1.D_4N8Lawoxc7RyEaH4wkgBxQoRe9Wasduw.qnolKQxbrBYRA4VDkjY7OePQdwFuefRdW3g5XeJmJOs
3931132826	01	https://00.img.avito.st/image/1/1.KXfYfLawhZ7uyweThkg3CMnch55o1Y2Ubg.ydnq9pHgNtQA5LVNRadjNtshY5vs7mXEywlkb0JuPWY
3931132826	02	https://00.img.avito.st/image/1/1.NkI4frawmqsOyRimWBIdPCnemKuI15Khjg.2Qt9hjWNY8dBgOlfPZ9n486smWoZddtkirK93cF1PMg
3931132826	03	https://00.img.avito.st/image/1/1.ioXreLawJmzdz6Rh8zra-vrYJGxb0S5mXQ.K76MNtdwzO3VYVhQKeg5dppbsTSLASR0uDsfmhTQ4Qw
3931132826	04	https://00.img.avito.st/image/1/1.Gr1rfbawtlRdyjRZUx1Wx3rdtFTb1L5e3Q.Mzs8e4leBdn9VyKmeBQopVMNFYJ84tDIz46EgzJaqws
3931132826	05	https://00.img.avito.st/image/1/1.bJ1E9LawwHRyQ0J5EPVv4lVUwnT0Xch-8g.W4fYkrZrMHFtOTkNngBUKTSzKljYY2DZtHsAPvb8MzE
3931132826	06	https://00.img.avito.st/image/1/1.6NzChLawRDX0M8Y4nqOLpdMkRjVyLUw_dA.Fu9Wb5TVv1kRrErVrykU1obhjWgpwV898PbCPorM36M
3931132826	07	https://00.img.avito.st/image/1/1.rQUrDbawAewduoPhfQ_XfDqtA-ybpAnmnQ.GZFkO5vDokLXcjUCl090G2ItlGWSMRw7wI5EUsrEHeY
3931132826	08	https://00.img.avito.st/image/1/1.8qZsPLawXk9ai9xCBDva2H2cXE_clVZF2g.L1XzmddNjzdLQ474gwmKhmqJkLxq9iv32WGmwbbOCMY
3931132826	09	https://00.img.avito.st/image/1/1.CzAMxbawp9k6ciXUFsl1SR1lpdm8bK_Tug.FyNzs0ywB8thC51hxFgdXt0ld-AHqL9pofrIxftU4dw
2139601486	01	https://00.img.avito.st/image/1/1.MaHYfbawnUjuyh9Ftnky3sndn0ho1JVCbg.D7dRFRCqYaGF1_-vm9wbaO6rbxz-9W1ZHFNrY-KAiBk
2139601486	02	https://00.img.avito.st/image/1/1.4jBofrawTtleyczUIB3qT3neTNnY10bT3g.aGlrFxlXimu7ss_hlwyurFH-UQShJs9luiqwYXLfuXA
2139601486	03	https://00.img.avito.st/image/1/1.AQxGTbawreVw-i_oSB0ZdFftr-X25KXv8A.kWEy59FPCjbAAO2XdxIC_KJUKKqXj8y7RaM1cmTtKuk
2139601486	04	https://00.img.avito.st/image/1/1.Z_b3sLawyx_BB0kSteV1yqwRyR9HGcMVQQ.9mFxk7WW0hlikhGhmku29DjpEgwMeMGhc1HZhV6c97M
2139601486	05	https://00.img.avito.st/image/1/1.5JwggLawSHUWN8p4ZPev5jEgSnWQKUB_lg.JqHU3PBosfAZNzV1wcy6F5r9P1Q_JimZSJCrafHoobo
2139601486	06	https://00.img.avito.st/image/1/1.LNMx1LawgDoHYwI3ZYQ6qyB0gjqBfYgwhw.wEGPZl14Y75fLU_JeHS0LyANBmmtLXpmGCurWBvhupk
2139601486	07	https://00.img.avito.st/image/1/1.eJzFJraw1HXzkVZ4uSdv5NSG1nV1j9x_cw.ZbtJKeir1n5lNSJo9tNlovqwbcDpJPazciKHRU7ytM4
2139601486	08	https://00.img.avito.st/image/1/1.9ODAUrawWAn25doEpA3xn9HyWglw-1ADdg.gBz0rpxDll_vJkMPB0Br5Ko4S_AJY7RCo04XUE7MTOk
2395307479	01	https://00.img.avito.st/image/1/1.bQZTRbawwe9l8kPiBWBveULlw-_j7Mnl5Q.RZbmefdksAdjXbLfCq7-fDPqFeGhZhd48XkUHyFPnOY
2395307479	02	https://00.img.avito.st/image/1/1.GXRYd7awtZ1uwDeQZl83CknXt53o3r2X7g.kVUtudXb1LHw-xDBvLQ4QM5B5uhNjnHmteg2MKinTl4
2395307479	03	https://00.img.avito.st/image/1/1.Mh7reLawnvfdzxz6g3gvYfrYnPdb0Zb9XQ.C6KXZC3pBou0qSwbSGK6cKGcaTwsQvsgZUawNtZok7Y
2395307479	04	https://00.img.avito.st/image/1/1.PQUqnbawkewcKhPhXNVGfDs9k-yaNJnmnA.si2nHtUJ5v4WXCv1zMkefZn0c3or_mluKu6yGHHZbw0
2395307479	05	https://00.img.avito.st/image/1/1._l0bfrawUrQtydC5ax2sIgreULSr11q-rQ.DC6_VZq6rtXqdTxZ9aqhTBvaDrHsYswaVC3QVjHr5xE
2395307479	06	https://00.img.avito.st/image/1/1.NBqt1bawmPObYhr-yZkxZbx1mvMdfJD5Gw.115LqKKSUOy1r-XmNoQm4YweXItFXPFn2o4uqiArzuQ
2395307479	07	https://00.img.avito.st/image/1/1.-TxYSrawVdVu_dfYJiGDRUnqV9Xo413f7g.ewuDuyAIcUgsZNu_JyULDe_9T2JGuF0u2bBJHNkQBYU
2395307479	08	https://00.img.avito.st/image/1/1.gYVfMrawLWxpha9hUWz__E6SL2zvmyVm6Q.MZ1t2ZI0w31F-_RzoLBbLZN6ZMe4dBN4MNz3Wz3CNzk
2395307479	09	https://00.img.avito.st/image/1/1.ZW8YTbawyYYu-kuLXkwGFgnty4ao5MGMrg.7ZNxkc405dKdlM_zrgCJZ6JYTciyNR25yTBdIM2AA1E
2395307479	10	https://00.img.avito.st/image/1/1.q16GuLawB7ewD4W63O6AIJcYBbc2EQ-9MA.31PddcxaYxuog6CQ7SXuWSHYh92subl-bNA3SPf05S4
2651692511	01	https://00.img.avito.st/image/1/1.1QYG_bawee8wSvviIIaCeRdde--2VHHlsA.t3is1ZLagPsmQrJ1Sn0cNBRpmpwGANuvANS8HLuMYCc
2651692511	02	https://00.img.avito.st/image/1/1.j5WdGLawI3yrr6FxjxqQ6oy4IXwtsSt2Kw._DTZCth-APEFG3SIrxnMysd6q8iXk2-7rH2xaVtLQPw
2651692511	03	https://00.img.avito.st/image/1/1.JaVY3LawiUxuawtBHqw93Ul8i0zodYFG7g.Q6aZdPzObQaHd4TI91mWGqM908xfxZXz-A14Agyh6yE
2651692511	04	https://00.img.avito.st/image/1/1.cQwVzbaw3eUjel_oe4BsdARt3-WlZNXvow.FSfFJdjJ3A2ZGfbtKt_1-36pqGOYfBhTlxXUqXwCc74
2651692511	05	https://00.img.avito.st/image/1/1.cQy8Tbaw3eWK-l_o0kxmdK3t3-UM5NXvCg.ym3b3SPFFZLXUrrIwX37doHlveEvMZXaOduTPzRVkCY
2651692511	06	https://00.img.avito.st/image/1/1.EQVH6bawvexxXj_haelif1ZJv-z3QLXm8Q.XzTdTKY7HOznoU9gcgfnNq8HJ-HssWvG3npKXRlTxBQ
2651692511	07	https://00.img.avito.st/image/1/1.pQnwTrawCeDG-YvttjigduHuC-BA5wHqRg.6HqTpK-1g9Pcx7d6IK014LWde1wFk6Z6w5vKoziFYYQ
2651692511	08	https://00.img.avito.st/image/1/1.SHcB0Law5J43Z2aTHc1cDxBw5p6xeeyUtw.FwJXvg2n2rwRzopUZaRU57X1whs0r2olovTLQ44EuTQ
2651692511	09	https://00.img.avito.st/image/1/1.H4SnGLaws22RrzFglWxE-7a4sW0XsbtnEQ.9k5pk3bGRuhBTwrZLErqlZAHC1tNCEgcpCSbh9rmX0I
2651692511	10	https://00.img.avito.st/image/1/1.ajdFHrawxt5zqUTTHSd0T1S-xN71t87U8w.KHJUJMsqBc156pOthCnnHZVUuo3uGjRKO0puSg_jDiA
4155290144	01	https://00.img.avito.st/image/1/1.wxgtGrawb_Ebre38Jz3YYDy6bfGds2f7mw.SwHVZnfx-NNwj1RLatReUc3yXeFIniLl9RcUCq6Q4bQ
4155290144	02	https://00.img.avito.st/image/1/1.EYVfPLawvWxpiz9hcRBv_E6cv2zvlbVm6Q.aMeE-kR6UAhY0yos05sor00XcrV-s5l5f06EauVIy0E
4155290144	03	https://00.img.avito.st/image/1/1.A1HcWLawr7jq7y211lB-KM34rbhs8aeyag.Qo-DL5WBaYrXt6xgIoCJpW7B8zoNu5rb6nZIMx9Sg3k
4155290144	04	https://00.img.avito.st/image/1/1.tJ1K5LawGHR8U5p5Lvar4ltEGnT6TRB-_A.5iu_KINrV3WnsPOSTsfKx6xEKBSRIh_cuBPOFgIRpsg
4155290144	05	https://00.img.avito.st/image/1/1.M7ctH7awn14bqB1TR1tDzTy_nV6dtpdUmw.t9p0USx3I62EQKMW6FjyhCxEYyfPcfSYgiOpbFeW_bU
4155290144	06	https://00.img.avito.st/image/1/1.xNYN1LawaD87Y-oyCbvYrhx0aj-9fWA1uw.bS4hB-pJiG5zESCL6kWk41WsYUx1cDmMECrCMH5Le9k
4155290144	07	https://00.img.avito.st/image/1/1.6lZo-bawRr9eTsSyMIKgLHlZRL_YUE613g.qY4n9cNN6FA3zOjskwzOY2Wod6AMPZpIme2rXjcLKG4
4155290144	08	https://00.img.avito.st/image/1/1.iFbBzrawJL_3eaay3czYKdBuJr9xZyy1dw.Z-dBCZ6IHrlwd6mNjCiGJRi3kCmeIzqe8DvZP0ZTUVw
4155290144	09	https://00.img.avito.st/image/1/1.ajawvrawxt-GCUTS6O8OT6EexN8AF87VBg.ism2f5LBDD0DO5e3lAvtgAEUUWySZPABYh2ZOLXgZmY
4155290144	10	https://00.img.avito.st/image/1/1.MTtYRLawndJu8x_fNhQrQ0nkn9Lo7ZXY7g.rOWEHHSiH97-FbfCyyudanxj_jax710K8mTvoAeAlUc
7354224077	01	https://00.img.avito.st/image/1/1.gFzOPrawLLX4ia64wjD0Jt-eLrV-lyS_eA.dfOalkVYMh0ZNLBH7cr00264LwNhf4-m77CYG5aD_Mc
7354224077	02	https://00.img.avito.st/image/1/1.51Bz4rawS7lFVcm0MbWVKmJCSbnDS0OzxQ.t9vHKkbBvZYTUyDY7_VonTmKk4ZOqdjdYnAmw57BxtY
7354224077	03	https://00.img.avito.st/image/1/1.w1rtH7awb7PbqO2-52CIIPy_bbNdtme5Ww.c5qwxuhrDB6bB8-6vm0a9Yv5IpYuvs6n1d1UgvLrg0Q
7354224077	04	https://00.img.avito.st/image/1/1.q1HbOLawB7jtj4W1gV7XKMqYBbhrkQ-ybQ.0cRerC_mPg5nPt4kZnPLtI8gL-4U_X8y4WM3D8vb2ZY
7354224077	05	https://00.img.avito.st/image/1/1.YxKnpLawz_uRE0327dF6NfwFzfsXDcfxEQ.Z_w1DWim6ekmAeN_1UYQjoyQ1_GrEhCGEMti23bf-rE
7354224077	06	https://00.img.avito.st/image/1/1.Lidofrawgs5eyQDDOFIvX3negM7Y14rE3g.cwnORaMFJworNaL-u8I58AwtSY2teGklZboPE6VopHo
7354224077	07	https://00.img.avito.st/image/1/1.LV0oTrawgbQe-QO5flZ8Ijnug7SY54m-ng.GwlT94jbvMsnp0njSmmnYkOOThZx9tV0uB6NdZZ8PTU
7354224077	08	https://00.img.avito.st/image/1/1.kBYB0LawPP83Z77yLd6IbhBwPv-xeTT1tw.f915V-DMEOf0rwO1sO4cHr46Z_uCVqlaReZaDoq9aC4
7354224077	09	https://00.img.avito.st/image/1/1.wvWrfrawbhydyewRoy2qjLrebBwb12YWHQ.qOFCo6TepJHgAgYMXyt5rM6NTTWHTcf3BZ3JETLiv-k
7354224077	10	https://00.img.avito.st/image/1/1.fGzAX7aw0IX26FKItA5iE9H_0oVw9tiPdg.upxrXozA3k6W_5vs6Y3bWZTVVhuevPIi0ksalahspUY
2267438179	01	https://00.img.avito.st/image/1/1.p3dZGLawC55vr4mTGxKzD0i4CZ7psQOU7w.f4eTY_kXFOGYdavyO7idLQsGDNtbwkC8T5v3msN8Ex0
2267438179	02	https://00.img.avito.st/image/1/1.QpZqX7aw7n9c6GxyYhZb7nv_7H_a9uZ13A.HvsSUQ_xsrBLV9_BwC4VIwRREbWM06BJqvvpHmo_11U
2267438179	03	https://00.img.avito.st/image/1/1.zbSdv7awYV2rCONQi-SBrqYfY10tFmlXKw.cmfZilxbSPdxQFlnzfGD3o1DefsIolz6d9BsIJ00alA
2267438179	04	https://00.img.avito.st/image/1/1.oTrYfLawDdPuy4_eliK7RcncD9No1QXZbg.jlooF9cQbANm4ghclAHbPUdsLedkClwh4m2qsRwFWJ8
2267438179	05	https://00.img.avito.st/image/1/1.3V1b6LawcbRtX_O5befxI0pIc7TrQXm-7Q.xAU-u7_ABHUikmha6tsw6NoljEYgfx1vWQt5P_7FHkA
2267438179	06	https://00.img.avito.st/image/1/1.dbXYd7aw2VzuwFtRvkp8rePX21xo3tFWbg.RmP48G0Ne9Fmedi9oBdyc63u9YzJLvtAr-6AIi4oG0k
2267438179	07	https://00.img.avito.st/image/1/1.aJLcVLawxHvq40Z2gC0i6M30xnts_cxxag.ZTy8udl0SLjJE3QNSOUa9qzOGqmwkmy6IKFNxnMcjGE
2267438179	08	https://00.img.avito.st/image/1/1.8S5flbawXcdpIt_KMfaFN2Q1X8fvPFXN6Q.3zPLUcNmClTD3NK_c5CjGFOsVnu9bHblvt-R7TWmyXc
2266990212	01	https://00.img.avito.st/image/1/1.dQZSXbaw2e9k6lviNHR2eUP92-_i9NHl5A.AOjLgUa7ob_lygbd3MB985GrbG2OPFGwzTHwEdm4fuk
2266990212	02	https://00.img.avito.st/image/1/1.qjEmLrawBtgQmYTVfliFTzeOBNiWhw7SkA.QSvIGJPStGJwxlIZQXC4gJw9Zn16CRfBQmAh9Ec8bMM
2266990212	03	https://00.img.avito.st/image/1/1.uQVorLawFexeG5fhFoa-enkMF-zYBR3m3g.eSFiYYdVHYUuMS3yDu_u1mIZTDc1tWLVWv4FNQ6AGFw
2266990212	04	https://00.img.avito.st/image/1/1.3nxrRrawcpVd8fCYW02VBnrmcJXb73qf3Q.gN9JwQ4b3dVyTFMgz7vdmmOtGk3AK62uWJPCbh053fs
2266990212	05	https://00.img.avito.st/image/1/1.5JyIILawSHW-l8p4zHf-5JmASnU4iUB_Pg.srtl4UkMjzkNnsyGu_35N66sdtnCcoitaloArDuJlh8
2266990212	06	https://00.img.avito.st/image/1/1.9xQNPLawW_07i9nwbxfvbBycWf29lVP3uw.nWfvJYUDwE0efw6NlxyZOps8VNyU5zM-hFVE5cKsxuI
7962770431	01	https://00.img.avito.st/image/1/1.obLYS7awDVvu_I9WllXDy8nrD1to4gVRbg.zDSixZde9nSePGZHhoRgJh9bqXR2Jk1LpmALU-eMkLw
7962770431	02	https://00.img.avito.st/image/1/1.l4cDGLawO241r7ljISbC-BK4OW6zsTNktQ.ki-WshueRcL-_jwaUsGeC7qQufWQgpNYEe5-Tg3zmvA
7962770431	03	https://00.img.avito.st/image/1/1.LjinfrawgtGRyQDc925RQbbegNEX14rbEQ.6I00YDRAeuIZW2wGH8GdASTjqkISp0IIuyfG_JJxSIY
7962770431	04	https://00.img.avito.st/image/1/1.UUJYRLaw_atu83-mdl1MOknk_6vo7fWh7g.jiH2WKBlZiAjaOxOP_6m_IOXblpjZIAzy2ULVr5X1To
7962770431	05	https://00.img.avito.st/image/1/1.XjZUIraw8t9ilXDSZHMtTEWC8N_ki_rV4g.XIZ_sbve5f9BYpXzq8xAxCroCW6lngmhqUwYNMv9VXk
7962770431	06	https://00.img.avito.st/image/1/1.uBzZh7awFPXvMJb4pZ27Y8gnFvVpLhz_bw.bKdF5TB-U38GRjFpD7exYn4c9U8l7ZajkJ_pZBZhRVk
7962770431	07	https://00.img.avito.st/image/1/1.TQ0oTraw4eQe-WPpPldMcjnu4-SY5-nung.dh1GjRQMGcwcCBr9jH2rhnqJJ89ajHvGjDTLWJDse_w
7962770431	08	https://00.img.avito.st/image/1/1.sjdOHrawHt54qZzTJmSpT1--HN7-txbU-A.anucKbwVmMkqrcie0Z59ZiMqwyDEijT6JpZ7O98Kils
4730650407	01	https://00.img.avito.st/image/1/1.BQYEzbawqe8yeiviAq1QeRVtq--0ZKHlsg.dHulnpKzjwRrd-2VtRUFeFfJ1XV1bzDeO64xF_EsGsA
4730650407	02	https://00.img.avito.st/image/1/1.T5IZGLaw43svr2F2CxFO7Qi44Xupsetxrw.R94H0KwtGp4BkG69OOrmBXxMToNXqI1wbJXMDBS3Z_s
4730650407	03	https://00.img.avito.st/image/1/1.1Jw84LaweHUKV_p4GPen5i1AenWMSXB_ig.peMcha2i56Sxzf0gB9OPgSjJNbG1C-nvgGAYhin_3rc
4730650407	04	https://00.img.avito.st/image/1/1.MXzysbawnZXEBh-YnN1_WqkQn5VCGJWfRA.4mABLZmxqIUJnJBpaoVFn7ouED2hzo910T9j4rGKEhM
4730650407	05	https://00.img.avito.st/image/1/1.l2qDs7awO4O1BLmOoY30StgSOYMzGjOJNQ.eN7KyvBu0YDGIKE_VqTaixDWZC3O7o5Y4ZN-wZmqdUc
4730650407	06	https://00.img.avito.st/image/1/1.SUbysbaw5a_EBmei7IwEYKkQ569CGO2lRA.KWF_4wAdt_8SzN5T6DQIa5QIzX4Q1C15efUgIkMu_7Q
4730650407	07	https://00.img.avito.st/image/1/1.jKmR1LawIECnY6JNhabv0IB0IkAhfShKJw.vDGKZEs3aCa6rSayyiwKNegBaSH3ovFhWMzDsd7Ryy4
2491025596	01	https://00.img.avito.st/image/1/1.b1DIwraww7n-dUG0mtdxL9liwbl4a8uzfg.MPvcB0sOpqv4w-kWmAUsPIAHx6096TzFxsLhtxhZzdY
2491025596	02	https://00.img.avito.st/image/1/1.QYVpNbaw7Wxfgm9hZ1Bf-niV72zZnOVm3w.TlSa4HXw62oGAp6iS8J_Ae3QxZ4xttiFnPO7PJ1wgEU
2491025596	03	https://00.img.avito.st/image/1/1.ViVHfraw-sxxyXjBZ29GXVbe-Mz31_LG8Q.e8gTeynCOaEf2wLcDdGDPePe-TrRhBWESUTSER_7ip4
2491025596	04	https://00.img.avito.st/image/1/1.V5W9GLaw-3yLr3lxn1lI6qy4-XwNsfN2Cw.9ZuZOTcv-uylyTSRAH55xWEHVAsALJs9CJOX_A8KF4g
2491025596	05	https://00.img.avito.st/image/1/1.N_ZjsLawmx9VBxkSAcwnyjgRmR_TGZMV1Q.QwbxsiqEI3MLk0LaLR1jpJqIw-W6AvDAJsGDZbCQ1F8
2491025596	06	https://00.img.avito.st/image/1/1.LyBlGLawg8lTrwHEN2hnWnS4gcnVsYvD0w.dCRmAkz8g0yQ65896rX4OPE95gClOmeO_i5xzP7Rh7w
2491025596	07	https://00.img.avito.st/image/1/1.aBY3QbawxP8B9kbyawg_DQzhxv-H6Mz1gQ.67vXFS2bJEXXgusqB5bxRRb5fC0_wjRE2r16T0CYGzc
2491025596	08	https://00.img.avito.st/image/1/1.y1JwWLawZ7tG7-W2alPdKmH4ZbvA8W-xxg.deaKSswD3KW4BLW_s5Y0He-oDmNNNFhHQ1R0O6zNpMM
2491025596	09	https://00.img.avito.st/image/1/1._iRsfrawUs1aydDAHEHnXH3eUM3c11rH2g.06tUSBE8HD4tgqP8ZeBCKaMA8OMx7owFowyFFsen1Ik
2491025596	10	https://00.img.avito.st/image/1/1.kh27f7awPvSNyLz5kymOZarfPPQL1jb-DQ.FLHqKXZGQu1b32IOipc45MKBa_l62DgrHG7Rxq3mjrg
1883116469	01	https://00.img.avito.st/image/1/1.VkKLfraw-qu9yXimq194PJre-Ks71_KhPQ.cwIAKH2v8CaHZdev7AqAoDglOf_HplWlrhWdl9CspYA
1883116469	02	https://00.img.avito.st/image/1/1.4RkATbawTfA2-s_9Ti6tYxHtT_Cw5EX6tg.HPkw6NmL3FZUBQYFyW9CBdBkURXaOCJBwBxegov94OY
1883116469	03	https://00.img.avito.st/image/1/1.j7nZGLawI1Dvr6FdyxKhx8i4IVBpsStabw.Q8VuWV_aB0CWavuLEl0PvZkDNq0bOBQgunX-Ps0c20g
1883116469	04	https://00.img.avito.st/image/1/1.0QxVTbawfeVj-v_oewbIdETtf-Xl5HXv4w.E0GVBZJ6UeyuBbcBErn765dO3u_DfQDJ3KgaC63V1Qc
1883116469	05	https://00.img.avito.st/image/1/1.VDOh1baw-NqXYnrXhZQDTLB1-toRfPDQFw.oa2p5ayCTJt1SALXJFAVMy54Ypbh5jyXdaTsgXWAs3A
1883116469	06	https://00.img.avito.st/image/1/1.9pdrH7awWn5dqNhzCzjy6Hq_WH7btlJ03Q.lkcdOGlkm5_zS2kdHK2n0jwqqMP8MJJq9ZE8brZBWfQ
7578696116	01	https://00.img.avito.st/image/1/1.8pZqWLawXn9c79xyAlPo7nv4XH_a8VZ13A.bK3APm4zgX3sEjYw_WQ3nIN4eIBC8n-g-NkGQXW7nHQ
7578696116	02	https://00.img.avito.st/image/1/1.e7APVraw11k54VVUdSthyB721Vm__99TuQ.HwWLoejf2eS9jtxnj_Sn-rhDRisPLBi7t2_rrzjlzL0
7578696116	03	https://00.img.avito.st/image/1/1.r1B8YLawA7lK14G0LjLjKm3AAbnMyQuzyg.PbK3tTTC654NJoraILAQW3PeaZPewjxaXLF9dFcRQGM
7578696116	04	https://00.img.avito.st/image/1/1.plf7frawCr7NyYizuxyjKOreCL5L1wK0TQ.qrp_NoTfEUVthAgscZKNxkGxMoqW89uvkd1jdnsJGrI
7578696116	05	https://00.img.avito.st/image/1/1.YUxYRLawzaVu80-oFi18NEnkz6Xo7cWv7g.1rVsoZm5sCaGsrEmGkV1bm9Im49um25FllgPx9qUTT4
7578696116	06	https://00.img.avito.st/image/1/1.iqybfbawJkWtyqRIg2PO1ordJEUr1C5PLQ.GyW_8vwDzjsqPPWQT8ZGwwlPZ4M9MhjQLaIh7CP0b1U
7578696116	07	https://00.img.avito.st/image/1/1.2JzP5bawdHX5UvZ489aX5t5FdnV_THx_eQ.5oy2hA4Ie0gihP_KRSOFFhnYwH1IeHWdvCVsh7TdXC4
7578696116	08	https://00.img.avito.st/image/1/1.dQUwnbaw2ewGKlvhVtQUfCE92-yANNHmhg.-kO0zSWbnONABWPCen2ezndQwd2femRbGTWqpnThRng
7578696116	09	https://00.img.avito.st/image/1/1.gYVo1LawLWxeY69hZrqB-nl0L2zYfSVm3g.L1ewaiixkkQF07jLVZzPd0iy4aQBKgoyDdit41aaXTs
7578696116	10	https://00.img.avito.st/image/1/1.M1ptH7awn7NbqB2-B3N4IHy_nbPdtpe52w.ugJFkZ_18z6a2nu0jGoRwXAkNczd8w078pE-WM1FS58
2459624840	01	https://00.img.avito.st/image/1/1.vIGTCrawEGilvZJl5zSJs8irEmgjoxhiJQ.Ezeusar4B5TrfsRNKZotT3qM9ydiGne_-DMl_ORG3ik
2459624840	02	https://00.img.avito.st/image/1/1.i8OnkrawJyqRJaUnvcSm__wzJSoXOy8gEQ.ZzpifUCmHyyI9Sar2yIt0UdIYIQV1sfjzaPH9KZmMt4
2459624840	03	https://00.img.avito.st/image/1/1.HmMvKrawsooZnTCHHxo9X3SLsIqfg7qAmQ.yvQwnxdqapJQB8UMu8z72nM0C5IZhBlPd_LmEga7shM
2459624840	04	https://00.img.avito.st/image/1/1.ga9797awLUZNQK9LdYGzkiBWL0bLXiVMzQ.z84vjU_CFRP3FWPeiz0VXLqNrhoDvYnd3ssjsjzHUCs
2459624840	05	https://00.img.avito.st/image/1/1.x3UZGLawa5wvr-mRGxPaDQi4aZypsWOWrw.MgPFHdsEgj7A6AfbvIDAfwujIbgcayktUpUQapicBbY
2459624840	06	https://00.img.avito.st/image/1/1.XmOKebaw8oq8znCHukRfRNHY8Io60PqAPA.-VKWX8v5v3ENOHOFIInmaIcti2_w2urnEjmuZ0wB2L4
2459624840	07	https://00.img.avito.st/image/1/1.ajBu_rawxtlYSUTUNr9hT39exNneV87T2A._pOVRxJNCn9qolEWncLqFCvQC3fj3wN8C7hvbpXxoAI
2459624840	08	https://00.img.avito.st/image/1/1.IJzZxrawjHXvcQ54lcYr48hmjnVpb4R_bw.IC2RhMOj4GJ_aYCLKedhECLZGPPawO401paHKebUyH4
2459624840	09	https://00.img.avito.st/image/1/1.QQVe07aw7exoZG_hUIIhfE9z7-zueuXm6A.RpPUjvjCMPgTJS08F9npbAy1m1Kmx0eywrMea3c-63Q
2459624840	10	https://00.img.avito.st/image/1/1.1QScNbawee2qgvvguiqYfo2Ve-0snHHnKg.cUeHwU9E23o-s09d_48nSlLHO6y2YpLiNI0BOozsjk0
2682980928	01	https://00.img.avito.st/image/1/1.zjZ4vbawYt9OCuDSaJLZTmkdYN_IFGrVzg.EG7-ixoYCBOxEtj2pn3xWjBeH-ylFOBbwJVpSGuXdtY
2682980928	02	https://00.img.avito.st/image/1/1.ign7f7awJuDNyKTt4zmccerfJOBL1i7qTQ.JKi-R9NDhL_jETdLcor24yLb639AZE_qQZfka1jwod4
2682980928	03	https://00.img.avito.st/image/1/1.7nJrH7awQptdqMCWOyztDXq_QJvbtkqR3Q.aeaC5wFjarzpe-BqvehciZFAKHiogwCMOzvm5hoqhK0
2682980928	04	https://00.img.avito.st/image/1/1.ZjjGfrawytHwyUjchmsaQdfeyNF218LbcA.bERFDb5h50BqO23U81BAemBAG70yaTWgtEW5v7Sj1Ws
2682980928	05	https://00.img.avito.st/image/1/1.RaVYIraw6UxulWtBXlMj3EmC60zoi-FG7g.DToMnJLyPyOoLoT6OWuQoitCSrU3SXPIC3mdlJgpwYI
2682980928	06	https://00.img.avito.st/image/1/1.B1AWvrawq7kgCSm0FNJgKQceqbmmF6OzoA.srrA0CDA3-DFkQxt1czANlFT0KAtiHtUiurXn9EGjfU
2682980928	07	https://00.img.avito.st/image/1/1.6QVRLrawRexnmcfhDxX2fUCOR-zhh03m5w.NPg0ROUwXZ02CNcUdVkWyLJTdWyxnv3BqWOmNvb_FfY
4026908691	01	https://00.img.avito.st/image/1/1.8BzZqrawXPXvHd74teH2Y8gKXvVpA1T_bw.UVaUPF0WsdsROK8cp4C6_mzQF0iNQjYO3oU2rKOpdCY
4026908691	02	https://00.img.avito.st/image/1/1.zjZmCbawYt9QvuDSdnasT3epYN_WoGrV0A.tqsgNyuaRcIiUZD9FAAiqzYuzqA8J3bAriRqO4QyAz0
4026908691	03	https://00.img.avito.st/image/1/1.UM7B17aw_Cf3YH4q7dYzt9B3_idxfvQtdw.nhE4KYWqYhBogi-iAKB-xvM47vio8X9RClV1bM9u53c
4026908691	04	https://00.img.avito.st/image/1/1.a1GyGLawx7iEr0W16FkNKKO4xbgCsc-yBA.sR0yH9wUt58NcLemNxH-YrmtXrKZ3HmghYK7AXFFTak
4026908691	05	https://00.img.avito.st/image/1/1.OJhmlLawlHFQIxZ8GsAl4Hc0lnHWPZx70A.bD5ifYHR7PvuM3mj8JiSJ0qd7KPAfarvLpjJkt7x5oY
4026908691	06	https://00.img.avito.st/image/1/1._l1FfrawUrRzydC5NWWuIlTeULT111q-8w.YrkboY10SAZ71AMfBdiMB3xxmhb1DnE8SPHEgO_tROA
4026908691	07	https://00.img.avito.st/image/1/1.AjB13rawrtlDaSzUfdYET2R-rNnFd6bTww.c08Wyr7SeWiXCDuK8sL92RoEaNK3QHUpDdBlygttXFI
4026908691	08	https://00.img.avito.st/image/1/1.BQXKfbawqez8yivhzEUefdvdq-x61KHmfA.XWzAijXdGVbQqfQy6JE2wqgldl8xixaBdUvYTRoH-kg
2235417902	01	https://00.img.avito.st/image/1/1.N7inGLawm1GRrxlcxWwcxra4mVEXsZNbEQ.tMacV61Y7A57lhrOHVFrkkp7BcylsVRIRKcmF67Jl0s
2235417902	02	https://00.img.avito.st/image/1/1.cIB7wbaw3GlNdl5kF8BuviBg3mnLaNRjzQ.dndQkHveB1HXDVwySv8AR-xoRG79TuERQzqEVynyqQg
2235417902	03	https://00.img.avito.st/image/1/1.pW2YTbawCYSu-ouJ3g_EFIntC4Qo5AGOLg.i-ZwXpZ7l00FsdoB_yrTtGMxqLKIr31yUSB8uvGt9JM
2235417902	04	https://00.img.avito.st/image/1/1.H5TnGLaws33RrzFw1WwF6_a4sX1Xsbt3UQ.165zpzxTl5D8L2sBbPKLmGCqR5bFZ96HXMcKtul0rY0
2235417902	05	https://00.img.avito.st/image/1/1.CYViYbawpWxU1idhfCUi-3PBp2zSyK1m1A.Tjk3KewZNpRVLh34cnRINNA5KQGIcfmlkGlG5jaojUY
2235417902	06	https://00.img.avito.st/image/1/1.ViRUfraw-s1iyXjAdCNOXEXe-M3k1_LH4g.2fqmBHo8NUzxwWQlGdk9KDgQjH6moj-czk1AGJ8vwkc
2235417902	07	https://00.img.avito.st/image/1/1.KTLYRLawhdvu8wfWhlgzSsnkh9to7Y3Rbg.2iMVFCCkvn-Nqj7F9NjUYBIaYjPjsUAzj15K2cX2JXU
2235417902	08	https://00.img.avito.st/image/1/1.YwJNGrawz-t7rU3mB3N-ely6zev9s8fh-w.nmrHSFr1UTvyB6Ln0o5Xpeh5EJa7S9mlCduvWrgagjM
2235417902	09	https://00.img.avito.st/image/1/1.9afpirawWU7fPdtDj_m7vdIqW05ZI1FEXw.jl9UYhyiDe5ErHHMRxK4aYeLZNgyA5h475JcA6IkG64
2235417902	10	https://00.img.avito.st/image/1/1.ajdCXrawxt506UTTGjd3T1P-xN7y987U9A.DRkB8EPVtb7t_lQGpNI7j7kk4m3f3WC-5eF3-TyAZmc
7994248447	01	https://00.img.avito.st/image/1/1.d1B8cLaw27lKx1m0HgE7Km3Q2bnM2dOzyg.d6x8PzqGhCEY7ICdOgBMp87_kTxYEmkERtXVd6qIucg
7994248447	02	https://00.img.avito.st/image/1/1.qja6vrawBt-MCYTS4uzLT6seBN8KFw7VDA.k5dtPlkke1XpS72m7cuu4VVgS07fNiE7kGCbKef33Ew
7994248447	03	https://00.img.avito.st/image/1/1.x5UfGLawa3wpr-lxHR_a6g64aXyvsWN2qQ.vSbo4qKGVU8aNPtYETAV1eHzE9Hui8e_1h0CuoTjczk
7994248447	04	https://00.img.avito.st/image/1/1.iI3B2rawJGT3baZp3ejD99B6JmRxcyxudw.i533VDd_7-Hy3m52m01YHcb6n672DDgPpO2NOAAvbMM
7994248447	05	https://00.img.avito.st/image/1/1.-ozreLawVmXdz9Rok3uu8_rYVGVb0V5vXQ.awXm9RgGmElQkhvnw_KOwlQ1TeCH6IqFG-NkT96KUWE
7994248447	06	https://00.img.avito.st/image/1/1.LyBhGLawg8lXrwHEM2BnWnC4gcnRsYvD1w.pidRRH4NMtUX0CumCgirlfbl3UEJTLeDbgjMM5FLxjA
7994248447	07	https://00.img.avito.st/image/1/1.A1JSmLawr7tkLy22WMgdKkM4rbviMaex5A.zMLj93s2OJ_NwZl1QXVd6aCnwVKx_6m-ruoZTg4JMF8
7994248447	08	https://00.img.avito.st/image/1/1.W1xTeLaw97Vlz3W4aRVFI0LY9bXj0f-_5Q.2w-NvWVW5V19-lU7Pn0P7iyIGa7AdcasxMJ8GBGXRL8
7994248447	09	https://00.img.avito.st/image/1/1.qT9bTbawBdZt-ofbBXeAQUrtB9br5A3c7Q.qwct46MhJ3k6UlFW1Y8EK7QZrgFPpNl1L-EjgHSZens
7994248447	10	https://00.img.avito.st/image/1/1.1QXHPbaweezxivvh4SbDfdade-x3lHHmcQ.vsdgtZQ8M66Yxb0gdzUxKFpv2wD3e_bKwSJQeKVa_oM
3803074450	01	https://00.img.avito.st/image/1/1.-MyB17awVCW3YNYo_fCbtZB3ViUxflwvNw.mjF60xV2w8mX9L7KVEDzbFWXUvTkP6T3ssmq8Y1A4Bo
3803074450	02	https://00.img.avito.st/image/1/1.-B3UurawVPTiDdb5qImhP48bVvRkE1z-Yg.xjf1im0HGRSQTIZargQCtoFv7qbl8V88UK7Vf8Yc6m8
3803074450	03	https://00.img.avito.st/image/1/1.V2t7s7aw-4JNBHmPWf4zSyAS-YLLGvOIzQ.47dH-6Gamn5jvNoX6rWcAofMUcBFj5OYw2sRIZ_lA4M
3803074450	04	https://00.img.avito.st/image/1/1.b_iDRrawwxG18UEc0VtfxdjnwREz78sbNQ.rKTO0WswBkTQDkXmEhLCKsIcHO8_JA87i9lkIK8FK9k
3803074450	05	https://00.img.avito.st/image/1/1.GS_Yd7awtcbuwDfL5gMyUcnXt8Zo3r3Mbg.x2JYVDoUoRIbjhx-Vo2sNMXSGTbnA5Xty0sTKLWitfY
3803074450	06	https://00.img.avito.st/image/1/1.LkImfrawgqsQyQCmdmoFPDfegKuW14qhkA.G8vfL-pxwmXz5h1qtfK2eo7wpI9HonnYaWPNuEIq8oY
3803074450	07	https://00.img.avito.st/image/1/1.tjYJqrawGt8_HZjSadipSRgKGN-5AxLVvw.-lGRdFOFZXLueKhjB8d57Mlg8grPnYj-lnZMzMHKh-I
3803074450	08	https://00.img.avito.st/image/1/1.dmOb-baw2oqtTliH-8R7RcBY2IorUNKALQ.FesFL5oVcOGdoI22Mz4jpfhZKeZek8ZGfQn4PaC6jpo
3803074450	09	https://00.img.avito.st/image/1/1.2YVo1rawdWxeYfdhVqnZ-nl2d2zYf31m3g.k8XtPN26DPAdMnPP_GTIaTNLi4Yt8CXhIPGBJemgNM4
3803074450	10	https://00.img.avito.st/image/1/1.Uh1beLaw_vRtz3z5cxVOYkrY_PTr0fb-7Q.2VTmRaHFC2Wy_TFwfaVwyhSuHZnxQf4Yd0n-61SVaAw
2267617150	01	https://00.img.avito.st/image/1/1.FUVbFLawuaxtozuhfRRFOkq0u6zrvbGm7Q.hppP4lQ6eB_0ClpQ7zxqOlsId2AfejsdOyeWPs9fEks
2267617150	02	https://00.img.avito.st/image/1/1.tjZ5XLawGt9P65jSGXauTmj8GN_J9RLVzw.GxCCxwqhRTFJ0BxLYU_Y4PxxSQsWQymNDV9fQca5mbM
2267617150	03	https://00.img.avito.st/image/1/1.VcoQTLaw-SMm-3suNkkTsAHs-yOg5fEppg.fnZaL7ef7fFq7N-lQ6yl-k12G9iK6jo0XygoNLyqU4M
2267617150	04	https://00.img.avito.st/image/1/1.WjayHraw9t-EqXTSimc_T6O-9N8Ct_7VBA.hqyhaUwB4qfnRStFwyj0VaEts4UsjQV9ar7sHwJdUmw
2267617150	05	https://00.img.avito.st/image/1/1.JXVYJ7awiZxukAuRHj9GDEmHi5zojoGW7g.R3jMFm1m0q37zaWGMZm5qcyxXgl0qnoyTG828abg2cw
2267617150	06	https://00.img.avito.st/image/1/1.5Jwh7LawSHUXW8p4Zfet5jBMSnWRRUB_lw.MmOfFS9w864MO__o7Wj7A1x7g2L1GCaAaoDco08rG7E
2267617150	07	https://00.img.avito.st/image/1/1.HjjqfrawstHcyTDc2lpjQfvesNFa17rbXA.GZumsHOe5Goe19_m9tPWkPDvbV7iZAyw6zepnqKLxBA
2267617150	08	https://00.img.avito.st/image/1/1.hAzAXbawKOX26qroxG-ec9H9KuVw9CDvdg.ZnzwdoRokkQC5RYy7b6Z2fFZvzIrA9Pjd1cmcJ-r_7g
2267617150	09	https://00.img.avito.st/image/1/1.r1DmzrawA7nQeYG0tMCJLvduAblWZwuzUA.ieMoWA-wo214vgkGYMB4uaSZ2jv_-LK9VtN5pm6UFCY
2267617150	10	https://00.img.avito.st/image/1/1.xE2R1bawaKSnYuqplabvM4B1aqQhfGCuJw.yBEYy7xQd4rYfUP7dhFTdJMDsOz2GshFT_TX5Q3ejdc
1226615491	01	https://00.img.avito.st/image/1/1.27AKArawd1k8tfVUMH2UyhuidVm6q39TvA.n4SvS-LFESYrsUi8uBQc56juD8IXlIsuvPjT5WX0tGc
1226615491	02	https://00.img.avito.st/image/1/1.KFhB27awhLF3bAa8HbNZIlB7hrHxcoy79w.qXPu5SskPyUsZfUnMt3UlGpJfGdSp0-a4LDlERIlh4w
1226615491	03	https://00.img.avito.st/image/1/1.mjXo_rawNtzeSbTR0LzST_leNNxYVz7WXg.foddT2BdpjqTkDeeWkR6ZGFymqb3uhsLVf0tp1XS4ws
1226615491	04	https://00.img.avito.st/image/1/1.cTQnTbaw3d0R-l_QSRRvSzbt392X5NXXkQ.fenJ1febB4DYKQiPxW1OMirlI0BN4c10fHS0I-GKjx8
1226615491	05	https://00.img.avito.st/image/1/1.r1AphLawA7kfM4G0e560KDgkAbmZLQuznw.ldI9S8SBuBbSxj6hDVVPCUhU038yy5dNvYbaoMCNrLg
1226615491	06	https://00.img.avito.st/image/1/1.Dp9rbbawonZd2iB7e2ka53rNoHbbxKp83Q._JQksVRk1SNkthDbYloRIxDdCYAbmwOXqVyCevs50jo
1226615491	07	https://00.img.avito.st/image/1/1.llYkfrawOr8SybiyBGCdKTXeOL-U1zK1kg.zDeMC3u9N3xS2BvJgAn4X56Mc-0QE8SzC6F2W0wUeuM
1226615491	08	https://00.img.avito.st/image/1/1.B1B8JLawq7lKkym0fnxKKm2EqbnMjaOzyg.xQoUcEDvWnLgmk7ksMh4wI5GZDnePXSz4s8e71bC3m8
1226615491	09	https://00.img.avito.st/image/1/1.rQUt1bawAewbYoPhe7vRfDx1A-ydfAnmmw.76vSmnKMwf-dKDGdXaAs_MisEcalu0v4rhlHLeLlVrc
7418209187	01	https://00.img.avito.st/image/1/1.C3APbbawp5k52iWUFWkfCB7NpZm_xK-TuQ.xFCHDhcjO1HfZvtiw2s2pd2i_Jc_rKWAOvThVG0aOTY
7418209187	02	https://00.img.avito.st/image/1/1.yjDTzrawZtnleeTUy8GfT8JuZNljZ27TZQ.d_st0Ai6u1TtM07iqH-4jGZMvg1eRMxsCDb2ZTbYxjg
7418209187	03	https://00.img.avito.st/image/1/1.IQVRcLawjexnxw_hHzg7fUDQj-zh2YXm5w.FebBf1cSLD705laoVcVYAlXE6GyjZa_j5q_cLRvnPrk
7418209187	04	https://00.img.avito.st/image/1/1.krzLfbawPlX9yrxY43fextrdPFV71DZffQ.bTMWFWpVLI_bpphHuXJf3hAZa0Y1AxMmlSZcbPDZNug
7418209187	05	https://00.img.avito.st/image/1/1.8QViF7awXexUoN_hDGTde3O3X-zSvlXm1A.p_L63hclBmUkWy_bvQMDVpYgz07sYyHyc2G40XYlkAI
7418209187	06	https://00.img.avito.st/image/1/1.aJLuFLawxHvYo0Z2skkk6P-0xntevcxxWA.nvIdxOfD42j5f-s2C_brMGLa2-TxTRVXBcodajV9UMs
7418209187	07	https://00.img.avito.st/image/1/1.yIYjFLawZG8Vo-ZiPxud-TK0Zm-TvWxllQ.y_fImwYH6blMHDNM3jCPoR7BoOLL9sN9gsXQsT9Cgxo
7418209187	08	https://00.img.avito.st/image/1/1.sJ-olLawHHaeI557xKLU5rk0HnYYPRR8Hg.1sQzn8LBgbJ0JmBO6AAvWuF368ssF5rrP4Ael61Y7Zw
7418209187	09	https://00.img.avito.st/image/1/1.Yu3LfrawzgT9yUwJgzcGlNrezAR718YOfQ.snHl0WzBA0Qvc5h8QU2YM0CK7YTYW9r5TFxhvOnrL90
7418209187	10	https://00.img.avito.st/image/1/1.u1APQbawF7k59pW0dUOkKB7hFbm_6B-zuQ.iILxDnxKRBc52WuDVNy3h80T2gUuDBV99yJZx3TCYYU
7706837479	01	https://00.img.avito.st/image/1/1.rjZ4kbawAt9OJoDSKI-4TmkxAN_IOArVzg.DgZJlVCAxUpPOSctdEbng5CTGECzaffpjmcNO6yLOyU
7706837479	02	https://00.img.avito.st/image/1/1.P1AqVrawk7kc4RG0WGorKDv2kbma_5uznA.tO5i7vqMS3fmPpUImSEjFET6fqUudXghEG6JLMUv-P4
7706837479	03	https://00.img.avito.st/image/1/1.9oNrQbawWmpd9thnCzaC-XrhWGrb6FJg3Q.9NFDM4sDhNf8Y0ci_qQjLnHUiBZZm2JbbZFl5QuAsQw
7706837479	04	https://00.img.avito.st/image/1/1.Hg4ofrawsuceyTDqGFJVdDnesOeY17rtng.9j3vYDjQCx7IY42w2ry4tatfR7BuSXf5-lavm4hFLc4
7706837479	05	https://00.img.avito.st/image/1/1.AISFlLawrG2zIy5gifAB-5Q0rm01PaRnMw.zRhtb3YHuAY7EIPFJx3Lc6XsW7GxgD8ySyPbet258Tk
7706837479	06	https://00.img.avito.st/image/1/1.gFzCjbawLLX0Oq64zrPiJdMtLrVyJCS_dA.rLNjHV8gsSH2VWL1Pap08005bpaeQcZ4xqEe4FlRdXI
7706837479	07	https://00.img.avito.st/image/1/1.YIpBzLawzGN3e05uDYVr9VBszmPxZcRp9w.GqPqlDJlbr1lXDVZZ053Cv63xASSM0ksPofJ9pLynjY
7706837479	08	https://00.img.avito.st/image/1/1.E9AMt7awvzk6AD00JudxqR0XvTm8Hrczug.makQccqWMeJR0ELpxEkxwzFh8rGoi5RzWLvaHY3aw8g
7706837479	09	https://00.img.avito.st/image/1/1.M1BtH7awn7lbqB20BzN6Kny_nbndtpez2w.n8-rD1rUqkn3PA3mUYuk6nMakoPRyb95vyKZmcV6KOA
7706837479	10	https://00.img.avito.st/image/1/1.ulZo_bawFr9eSpSyEIfyLHldFL_YVB613g.1L5m5CrxWMw0eZJ43d12g719z28-GQoomq9Bk9Oqrq0
7578547141	01	https://00.img.avito.st/image/1/1.bjZmyLawwt9Qf0DSNrEKT3dowN_WYcrV0A.zX_vCoWXWlzepa4OlRS1ANY2EzqqcxO9h0cnWcftd74
7578547141	02	https://00.img.avito.st/image/1/1.EQVe0LawvexoZz_hcJhxfE9wv-zuebXm6A.TvlPNY-EV3AcH20dlyLmT5SaxO1dTQW6d2SfKzDYCLE
7578547141	03	https://00.img.avito.st/image/1/1.mjB0_rawNtlCSbTUTLycT2VeNNnEVz7Twg.nXALSu97Bfff_M6BJaLc4qrx9xcsfGAR_W3fzC1EdOs
7578547141	04	https://00.img.avito.st/image/1/1.jjjYfrawItHuyaDcyBDyQcneINFo1yrbbg.H-O72wVLapzdcdybURQu4I1JYeBgPYfQYRExBOPcG2g
7578547141	05	https://00.img.avito.st/image/1/1.sRr4zbawHfPOep_-luvCYOltH_NIZBX5Tg.O5UZWrUHJq8QYyV8Yt6E6oa-GpBrYkKIR76r5w0x7xU
7578547141	06	https://00.img.avito.st/image/1/1.51DNbLawS7n728m0jyfvL9zMSbl9xUOzew.MP6RrTVj1ruPilPQiEjB3kslrkkmq9MrReyT78esM3U
7578547141	07	https://00.img.avito.st/image/1/1.sISO1LawHG24Y55g4oaw-590Hm0-fRRnOA.on3RXqZT3PH6JR8w6BzUOBENAHndNpDhWN7GmXB8cdU
7578547141	08	https://00.img.avito.st/image/1/1.7xoN2rawQ_M7bcH-X-3vZRx6QfO9c0v5uw.XI2sXA8xE6DNzZmTYB07obnbaVfRqfr0skhjPWFk2RQ
7578547141	09	https://00.img.avito.st/image/1/1.GWVYSrawtYxu_TeBZmpmHEnqt4zo472G7g.WIeBP7_EeBdZ-GeSbm24IlkhgoOwgCeZbh6Y3LYIMwg
4282865883	01	https://00.img.avito.st/image/1/1.2nZrrLawdp9dG_SSU5-6D3oMdJ_bBX6V3Q.nHvFJRd9jLt8IzoQAlJNMdR-vgznqGzFr7UqA4buzDg
4282865883	02	https://00.img.avito.st/image/1/1.VkL-fraw-qvIyXim3gt7PO_e-KtO1_KhSA.3yDTnFMKBqG0zVnR7xehFzPtkOiUElguNIHsmjhJuao
4282865883	03	https://00.img.avito.st/image/1/1.CzABRLawp9k38yXUG2gVTxDkpdmx7a_Ttw.YfCpMjNE-Hp2jsslGufFK_PDMaf8UCBBCtl3uQUpPRY
4282865883	04	https://00.img.avito.st/image/1/1.7HDAX7awQJn26MKUlBDyD9H_Qplw9kiTdg.nqaf8icg5XGw6OmcR-kdvJG8ZBY1LrEQIaDCvoi6WAI
4282865883	05	https://00.img.avito.st/image/1/1.7PDAB7awQBn2sMIUlEjDjtGnQhlwrkgTdg.xn3llvMcwNhE129sWxer4WzRhxoEVNlVFQG4X_T4-dE
4282865883	06	https://00.img.avito.st/image/1/1.kwMNGrawP-o7rb3nJ1iOexy6Peq9szfguw.OJUZOIUYX63ul10zAdawQjzggsu1A9kkKL5tp6kGSjA
4282865883	07	https://00.img.avito.st/image/1/1.njZTirawMt9lPbDSY_jQTEIqMN_jIzrV5Q.yZ-TRzV3vFPFvlqkV3gfhnPPHwaq6yEQ6UsmNAIKuOk
4282865883	08	https://00.img.avito.st/image/1/1.6tZsNbawRj9agsQyNG7GqH2VRD_cnE412g.cPxYHykmF5Ww0EnGEFXPDmALd67I44fAtSXYSE5-zUI
4282865883	09	https://00.img.avito.st/image/1/1.51DPQrawS7n59cm0jVXnL97iSbl_60OzeQ.H7sTUJRDhsSYSRtgcEdwJhNW2qXGcAd_SsVw3jscn0Q
4282865883	10	https://00.img.avito.st/image/1/1.a1xR-Lawx7VnT0W4C8V1I0BYxbXhUc-_5w.YfB98sSoS98R8kgxC_lLak1v8ARHkMtiSGUGHKio81w
7898836124	01	https://00.img.avito.st/image/1/1.l3SRGLawO52nr7mQswKMDIC4OZ0hsTOXJw.WiWIzW-_mmkkieo2qu4tO5Kkw5reg383MN51CslsaS8
7898836124	02	https://00.img.avito.st/image/1/1.kIZB2rawPG93bb5ibdDa_FB6Pm_xczRl9w.EP6jF_FO5LFPgpXsPwcKV2bK4NRdnJm-VX_aTbf-S04
7898836124	03	https://00.img.avito.st/image/1/1.v0ANArawE6k7tZGkfwDeORyiEam9qxujuw.CFii75Majf9ME7jyENUpZSpkM7wYJ-4SQn4iyrIcnzA
7898836124	04	https://00.img.avito.st/image/1/1.xBrR1bawaPPnYur-1ebBZcB1avNhfGD5Zw.o3Ln-qladAU8QpLN-gjjuKaRZ4LFanysQxVd9jwdwI8
7898836124	05	https://00.img.avito.st/image/1/1.kuarfrawPg-dybwCg2zzn7rePA8b1zYFHQ.N1hbx9ZqPgC495z7vWtKSvj13rnSdvP6MZUwCmw50XA
7898836124	06	https://00.img.avito.st/image/1/1.dJ1tCLaw2HRbv1p5CXUk4nyo2nTdodB-2w.zBSWDCof2zx9G2ox3xnr3syjOPVG8S2EFQ_wFD5dhRo
7898836124	07	https://00.img.avito.st/image/1/1.h_ANP7awKxk7iKkUD12QiByfKRm9liMTuw.18sU0yLESKNihnigUCeJPIPujBFMSPa6VWssxzPQZvk
7386022142	01	https://00.img.avito.st/image/1/1.aja37rawxt-BWUTS7-sNT6ZOxN8HR87VAQ.BASTPADokpCO9beteJx9FQxDqimKw8RJBMg8sSzktwM
7386022142	02	https://00.img.avito.st/image/1/1.3KTBnrawcE33KfJA9YXB3NA-ck1xN3hHdw.4KTq7LCS1XD5jtgVsr0N75uLcpbFFLoB-27MB1rR-tA
7386022142	03	https://00.img.avito.st/image/1/1.DR1Y0LawofRuZyP5TvwZZUlwo_Toean-7g.AIV3Rj-eEIn2d_6fTvRzyyXBznd_DXghofw5q8D1XoQ
7386022142	04	https://00.img.avito.st/image/1/1.E_qGmrawvxOwLT0erO56xt07vRM2M7cZMA.rEzPJnq0UzR7ASnrnEYGFgTXxxFHxeHmn56lebSxnOw
7386022142	05	https://00.img.avito.st/image/1/1.rMolwbawACMTdoIucfft6H5gAiOVaAgpkw.tToFMZPLaoNt8qVGLvUfnm1fxPwd_o-a3FV3YCkMRgw
7386022142	06	https://00.img.avito.st/image/1/1.83AAb7awX5k22N2UaiinDxHPXZmwxleTtg.TJjkNC0jb3msD_W8u0Z-QktQJ5Pg2y1MJSwXtfAf598
7386022142	07	https://00.img.avito.st/image/1/1.iNNBzLawJDp3e6Y3XZaIrFBsJjrxZSww9w.E2n9-oMhpvPkgS_vO0P5GrJNaGyEFWW1j0hUEzMIhYg
7386022142	08	https://00.img.avito.st/image/1/1.JBzB47awiPX3VAr4hcNCZdBDivVxSoD_dw.OM70MFZeFtL4WotVzrG7aU6QNHtkky_BtKVpPQ0x_sU
7386022142	09	https://00.img.avito.st/image/1/1.0T8-zbawfdYIev_bENr-QS9tf9aOZHXciA.xuEKiVsZ1i8Ta4QAgjWB0E5tt3APmPf8WfvzuXlx9Uo
7386022142	10	https://00.img.avito.st/image/1/1.LWzITbawgYX--gOIniVNFdntg4V45ImPfg.YnC8K2feVErETO2zPBzIpj4kw5nyBjcZpIw9Pws8Wfw
1787463895	01	https://00.img.avito.st/image/1/1._BpV1bawUPNjYtL-IeL4ZUR1UvPlfFj54w.VlFchYfdv62NFWCll4FO9It_5x9FlrBBcJUAvpA5Cmc
1787463895	02	https://00.img.avito.st/image/1/1.iQlYRLawJeBu86ftRgaQcUnkJ-Do7S3q7g.K36Zu1HSMtKnb1KfOe20jIL6gxLp4CqiZJuU_33bpJE
1787463895	03	https://00.img.avito.st/image/1/1.3q5rc7awckddxPBKWzC713rTcEfb2npN3Q.N-3VpEJr9tooac51pMYlIftGQon4lcowUSNwvHD4Re8
1787463895	04	https://00.img.avito.st/image/1/1.N01bGLawm6RtrxmpORRLNEq4maTrsZOu7Q.Tr0FSahi0Mx8WGQTz8T_erpXpGkLX1DoCmcN1ihqTUo
1787463895	05	https://00.img.avito.st/image/1/1.9CDAUbawWMn25trEpE72X9HxWslw-FDDdg.ZW6TQ4hkfk1Zra8in1n7SpDudrSxxamw6qyrLmLp9zE
1787463895	06	https://00.img.avito.st/image/1/1.JGjBNrawiIH3gQqMhWJoEtCWioFxn4CLdw._XeBI9n3P-7cHH_T4Q8jACTqL0UzKhRQdlov1eFFSeQ
1787463895	07	https://00.img.avito.st/image/1/1.016dWLawf7er7_26t3P-IIz4fbct8Xe9Kw.QPgVT1--G0oc0CE0kHnGK11iXKhgPRjQkb_yx-8TTKw
1787463895	08	https://00.img.avito.st/image/1/1.6YVtibawRWxbPsdhM468-nwpR2zdIE1m2w.xl8Rt_EymHQ4kTF9zl6kiBkR-NN71zaZ3UnLhGPwAmE
1787463895	09	https://00.img.avito.st/image/1/1.sT91zbawHdZDep_bG4OaQWRtH9bFZBXcww.vO1XxZ0CLSjve7T2xdeGJYjcdhETZUakXqcz3Q93xOE
2939145829	01	https://00.img.avito.st/image/1/1.w_9tGbawbxZbru0bZ1ahhny5bRbdsGcc2w.QGnFM7I8z1YOX_DUFn5BqyI2KyneIa0etNyrwLVfOUE
2939145829	02	https://00.img.avito.st/image/1/1.E3AAbrawv5k22T2UKgpHDxHOvZmwx7eTtg.hPjayVB6voYWrIEisiJ6P70MTMB9cw0eY6tnxxgCQu0
2939145829	03	https://00.img.avito.st/image/1/1.gJzZtbawLHXvAq541YeF48gVLnVpHCR_bw.11rnh5kNxmtiaNiOwzsBLDi1sB0389M3OQN6Cr6xkGk
2939145829	04	https://00.img.avito.st/image/1/1.7tVrR7awQjxd8MAxO2ior3rnQDzb7ko23Q.HS3wHq3BERvcu5nqpQ5_LgnjXaj2DwKNZez6AmFGR7k
2939145829	05	https://00.img.avito.st/image/1/1.gzAPXrawL9k56a3UBTCbSB7-Ldm_9yfTuQ.9hhx7bhWw9iyvyEHxZdibQnBxz_IfypTeoTpaD-SRs8
2939145829	06	https://00.img.avito.st/image/1/1.CYVohbawpWxeMidhduEM-nklp2zYLK1m3g.Xgarj3Ck_oDfYZDJA_339JwqGEgwghL5wEdRuRnFri4
2939145829	07	https://00.img.avito.st/image/1/1.zQXEBbawYezysuPh0gLYfdWlY-x0rGnmcg.YB3qkE6ZXSY__3AJeHGuifPkUOfKR0t1S-UkAaNcRec
2939145829	08	https://00.img.avito.st/image/1/1.jyA3GLawI8kBr6HEJU7GWia4IcmHsSvDgQ.Z-KUVi8zvzwlFL54jmbFr4VXCqR5AhOGD9JcgC-tDGk
2939145829	09	https://00.img.avito.st/image/1/1.KO0BzLawhAQ3ewYJXfAvkhBshgSxZYwOtw.NlrS-yCLmOxhCkD5l4JNwpuccZKDPbLm-MK3OvpP6aA
2939145829	10	https://00.img.avito.st/image/1/1.JHzB4rawiJX3VQqYhaJABdBCipVxS4Cfdw.txEhRpCTwVpAame254rmwSCKDXaZjYYLuC4XLj_weBc
4123303777	01	https://00.img.avito.st/image/1/1.1jZ4DLawet9Ou_jSWGfETmmseN_IpXLVzg.RNEvgoHX5ufmrpz0SvgYgofPBp0QFxp1_SDFa0dKQSc
4123303777	02	https://00.img.avito.st/image/1/1.t1ApcrawG7kfxZm0SwSvKDjSGbmZ2xOznw.ZoPeZTXvd4Bu4axd67IUs-ZIoCO_g5nGiQvTv9PB0Ow
4123303777	03	https://00.img.avito.st/image/1/1.B1DPsrawq7n5BSm0zcYEL94Sqbl_G6OzeQ.m-hmEtqxzxoRbKjElYfouZjmIC25KmdnqoYBXSKRxoA
4123303777	04	https://00.img.avito.st/image/1/1.JpFrFbawinhdogh1Kyly7nq1iHjbvIJy3Q.zeSuyGU00e6JkXAY0jSkWzRtLibxxCxDh0mA3d43JmA
4123303777	05	https://00.img.avito.st/image/1/1.xcK4TLawaSuO--smvh-LuKnsaysI5WEhDg.EHBmeMLt5UZ05R91WrP4dnnIXxIzwRVwgcbB3VjVYls
4123303777	06	https://00.img.avito.st/image/1/1.uBzbIbawFPXtlpb4p1vvY8qBFvVriBz_bQ.pcLy2Co9KnIpY3kzH66Numg3xz8l2irBbvbEnuf8CSQ
4123303777	07	https://00.img.avito.st/image/1/1.JC2Qy7awiMSmfArJ1NsSEMtqisQgYoDOJg._hvxyuiIJ5znnQFn5aufUhLsAtR2Ax8VcrKwJfom-aY
4123303777	08	https://00.img.avito.st/image/1/1.7V_3wLawQbbBd8O7oc_peaxhQ7ZHaUm8QQ.bYoRalEwLcHc4NlIvwhCqGkaOpCB8lQpNApxnAKMjH0
4731334900	01	https://00.img.avito.st/image/1/1.KsS7fbawhi2NygQg42lavqrdhC0L1I4nDQ.BAdPeyjOVWl8sPYRpyuqkL2CtRMPFdLiZc-tbfrSrGY
4731334900	02	https://00.img.avito.st/image/1/1.REzAUraw6KX25WqoxCNAM9Hy6qVw--Cvdg.ce_G76dwKUGp5gsuni9k6YZRCLz_r6U0zQ0I60_hL28
4731334900	03	https://00.img.avito.st/image/1/1.lyFRGLawO8hnr7nFcwLbW0C4OcjhsTPC5w.WXm7sM2BJDeBM7w4KtFpuVwWkaXEsy91LE1HVSNGGjs
4731334900	04	https://00.img.avito.st/image/1/1.ajDRzrawxtnneUTUicM-T8BuxNlhZ87TZw.n5vw1oS1aTDtZznQOycYhYs7LYgmEcIibUhQqZWWpzA
4731334900	05	https://00.img.avito.st/image/1/1.0ISTVLawfG2l4_5gv1_T-4L0fm0j_XRnJQ.1ucfAg6L-KYXCgIKXj4GWAc2s1csLecuNSjc4TUk3Jg
4731334900	06	https://00.img.avito.st/image/1/1.tQYE7bawGe8yWpviYp_geRVNG--0RBHlsg.PDepCff4hcBMtdubGo21ViVAJAyJ4D_pOOrLWI3pFB8
4731334900	07	https://00.img.avito.st/image/1/1.u1ABHrawF7k3qZW0e3yzLxC-Fbmxtx-ztw.Wr-1FbppF_bgzNLosA1754FuSGztW-WOldczeiizDcI
4731334900	08	https://00.img.avito.st/image/1/1.hX1bTbawKZRt-quZXVOMAkrtK5Tr5CGe7Q.WaKfLuAL2jFDIs2qNgSczfVRu16Tx8LVP1TGQtfy7Zs
2267000112	01	https://00.img.avito.st/image/1/1.WjdBjraw9t53OXTTeZNGT1Au9N7xJ_7U9w.ZHdqmn6pRGl8ucjiru6al8ZYefSjG7AjNu6RjG6Pmhs
2267000112	02	https://00.img.avito.st/image/1/1.zJz4bLawYHXO2-J47He25enMYnVIxWh_Tg.9El4PeNAi8FNOc6X_P5lajSoIaUSJJpZb6QGHSwBO98
2267000112	03	https://00.img.avito.st/image/1/1.Sh17eLaw5vRNz2T5Yx1WYmrY5PTL0e7-zQ.LlcfvfJQHMm-4G6dYVMgIFEGk7mqxp6Ai-qrPQpF8oI
2267000112	04	https://00.img.avito.st/image/1/1.cT9gTbaw3dZW-l_bDixbQXHt39bQ5NXc1g.IdxX9cFwnxTFMKJN2l5mqYPthP0r_wdcZEBG1BQEY84
2267000112	05	https://00.img.avito.st/image/1/1.0jdJXrawft5_6fzTYXXKT1j-fN7593bU_w.OXgg765Hs0_0rhP41cfQ2ZdA-T9OjMkfa-OYT9PMwh0
2267000112	06	https://00.img.avito.st/image/1/1.h4IN2rawK2s7balmD9yF_Rx6KWu9cyNhuw.TgLKvCszI6u49h_xIpTSY6xqd3sQ3HArXO9jCtRnCZw
2267000112	07	https://00.img.avito.st/image/1/1.RnRrH7aw6p1dqGiQazZFC3q_6J3btuKX3Q.H8Hv22fzelpbRYMMfcWgq7lZAVVNKibw9H1KR-8fWQU
2267000112	08	https://00.img.avito.st/image/1/1.cQw6Tbaw3eUM-l_oVHxudCvt3-WK5NXvjA._QzGMujw7Fk9SheGVT3TWYEOV1AJFHRs_efDROrwgYE
2107208729	01	https://00.img.avito.st/image/1/1.MoaLeLawnm-9zxxi42Bj-ZrYnG870ZZlPQ.X-lWCzB9c7oXQPBXKgYgkl-7SMxd56-d-MWR_q9u8vw
2107208729	02	https://00.img.avito.st/image/1/1.VVpATraw-bN2-Xu-ZmMDJVHu-7Pw5_G59g.2LQVjR4g6XuQpWQaC185uzjWFEY7GDnAk9YGLt2_mZM
2107208729	03	https://00.img.avito.st/image/1/1.M9etGbawnz6brh0zx01brry5nT4dsJc0Gw.tMeuf5QHppt-KN80olXg9-7xicxvYIMzDNbK38c34TM
2107208729	04	https://00.img.avito.st/image/1/1.GuGrfrawtgidyTQFky54mLretAgb174CHQ.k7Ggfj-TRgUbm-_CdlpQpSPZhpUw_-SEMOKEe_vJx5c
2107208729	05	https://00.img.avito.st/image/1/1.1jZmm7awet9QLPjSRqywT3c7eN_WMnLV0A.Tt3MnJ8YrPy6L5bAcaSa-hHA9CSH-iMF_CVOPFCQBVM
2107208729	06	https://00.img.avito.st/image/1/1.djZnUraw2t9R5VjSB0MeT3by2N_X-9LV0Q.cMbRcwc_NGRSevdUkbEJiKujTOSMF1JLdrOrMSd5yiE
2107208729	07	https://00.img.avito.st/image/1/1.WISc1Law9G2qY3ZgoKVa-4109m0sffxnKg._hIY7ks3taI-oZcFayW-aSd-IJqa5bcyf9s1wwusTWY
2107208729	08	https://00.img.avito.st/image/1/1.khubf7awPvKtyLz_syGNY4rfPPIr1jb4LQ.nT-ho2Kpqf3iVVFDU6DmMdtiimr8Q2gWZhzIT-ZBUSs
2107208729	09	https://00.img.avito.st/image/1/1._lYifrawUr8UydCyUnn1KTPeUL-S11q1lA.zI3PZ6Qxp61_bnLddE6yVrAXEahydhhNSs6UFIh3K8A
2107208729	10	https://00.img.avito.st/image/1/1.F5wNPbawu3U7ijl4LwUJ5ByduXW9lLN_uw.2rMtpbSSUEjsZDwwozb4jx4FWgV043YbyW4NCDaY5RU
7418051648	01	https://00.img.avito.st/image/1/1.waVYfbawbUxuyu9BVl7C2kndb0zo1GVG7g.jLKN1mhvPXi4zqIJdKlhgPt-Z-5yzY85h-_CLx3tII8
7418051648	02	https://00.img.avito.st/image/1/1.e9ADg7aw1zk1NFU0edJUrhIj1TmzKt8ztQ.WydMiWK7Z6duqpvpEr12DAVB3GvK1lXOsL1i2BfWMgE
7418051648	03	https://00.img.avito.st/image/1/1.IJzbKbawjHXtng54l1l248qJjnVrgIR_bQ.xj8qKzBB5w7teouaMGPKDskJOIMLwDKCB-7Q7DmGiYA
7418051648	04	https://00.img.avito.st/image/1/1._B1p1bawUPRfYtL5Hd72Ynh1UvTZfFj-3w.uj34Ro5KNrYR_AcOaLWisLgLCvZKWtzr-1MfqLgs07s
7418051648	05	https://00.img.avito.st/image/1/1.xmUfKrawaowpneiBH1nUWUSLaIyvg2KGqQ.PHEhGzF_K6PkZQfp1zWZ1USwKDS61UbV0E_f9XTRXyo
7418051648	06	https://00.img.avito.st/image/1/1.IlZrpLawjr9dEwyyI5xGL3oEjL_bDYa13Q.5ZONrCetk64ZmYUAaYbvuCfBvjtU0FaDMS4xSO5sseg
7418051648	07	https://00.img.avito.st/image/1/1.q1GMuLawB7i6D4W11q7CKJ0YBbg8EQ-yOg.lunc_5CvE7Cc62eNH-GsgZybjFnAZ4nC6TBKt0uAZzw
7418051648	08	https://00.img.avito.st/image/1/1.jcFwTLawIShG-6MlZnrAu2HsIyjA5Skixg.3gt2K_qSiR8VpZytGwuDNYcYyjJJyjMOpSm_2ltTawQ
7418051648	09	https://00.img.avito.st/image/1/1.nQZdpbawMe9rErPia_OReUwFM-_tDDnl6w.ibRb7evROq1UvlmyHWorDZSe67ZRJvA2bBUQHHPu7ho
7418051648	10	https://00.img.avito.st/image/1/1.E7AMoLawv1k6Fz1UJpx0yR0AvVm8CbdTug.6UxDyAYWAoQySHYvH8csIMZXJM6d0ify1YoXlQqgVQw
3546681381	01	https://00.img.avito.st/image/1/1.B1By9Lawq7lEQym0cIxxKmNUqbnCXaOzxA.ZKtVWXYeKoWdb4RU1WRFvv0VOtjkxAKNMMvAhamhviM
3546681381	02	https://00.img.avito.st/image/1/1._3QpGLawU50fr9GQW3PmDDi4UZ2ZsVuXnw.B2zvqLBypsZjfeXXqQigdNO0KtzgCb7tzSm1y3gp36g
3546681381	03	https://00.img.avito.st/image/1/1.EYVewLawvWxodz9hcIxw_E9gv2zuabVm6A.DyqGNSDeqoRzB_UwMbbfCtPphDr7l1OyjdYoVQd6Dx0
3546681381	04	https://00.img.avito.st/image/1/1.M_YNGbawnx87rh0SZ3lTjxy5nR-9sJcVuw.IpxOdpTTWQnOrJ8QkIodTFC5xr01nvZGaT_pKNdLXTM
3546681381	05	https://00.img.avito.st/image/1/1.ORkBzbawlfA3ehf9f6F1YxBtl_CxZJ36tw.TSx2t8NGR4G1vTdItAxeGJ29Tx5QCdkOeesrEycyfm0
3546681381	06	https://00.img.avito.st/image/1/1.Yb5YS7awzVdu_E9aFjIDx0nrz1fo4sVd7g.QfdxPYD6eiP2jrHkn0osxbdekV0euOGhozyCva6LApg
3546681381	07	https://00.img.avito.st/image/1/1.0ISmFLawfG2Qo_5gikvV-7e0fm0WvXRnEA.oVCoNV8xjh6bVchXPi75saMIBUYP1LSzEchCRLTdUcU
3546681381	08	https://00.img.avito.st/image/1/1.jQnwTrawIeDG-aPt5jiIduHuI-BA5ynqRg.dm_duqDEDyUf2YfM5JpDJ7jY-Dyc2Ii70q_xfM2ynpA
3546681381	09	https://00.img.avito.st/image/1/1.NGMR1LawmIonYxqHdaRCGQB0moqhfZCApw.te-Fo_7Acez7DqzFQE8XlHVuMQgLBlZ-U6n1ZEeF_0E
3546681381	10	https://00.img.avito.st/image/1/1.XjYKZbaw8t880nDSOihfSRvF8N-6zPrVvA.xyriL6euIlbtieTUBwGJTNc2TW8WqSqNMHbZR0vKld8
7674898736	01	https://00.img.avito.st/image/1/1.yQxSTbawZeVk-ufoTD7QdEPtZ-Xi5G3v5A.s8rKtQ36WGMimWlxp0fdUVlwE-utxE4EFxrUdMzcOcM
7674898736	02	https://00.img.avito.st/image/1/1.LVtYTrawgbJu-QO_Dm56JEnug7Lo54m47g.H5rU3f_pNQXrjH40MUOBBQ3mzJ4HrQQlzhZMdRxfuY8
7674898736	03	https://00.img.avito.st/image/1/1.p3QdGLawC50rr4mQXxq-DAy4CZ2tsQOXqw.OoBE0k6NB9SctFJHrbd4TZp6zc67EX4VxfcJL6XrAGA
7674898736	04	https://00.img.avito.st/image/1/1.8kZtY7awXq9b1NyiBRz1OXzDXK_dylal2w.4yV7JAp-rrYchUvvk4H8iWo2K91mSNVeO44H6ywSxyw
7674898736	05	https://00.img.avito.st/image/1/1.TH3d1Law4JTrY2KZyekHB8x04pRtfeieaw.Um3z1l84a98oeFx-KdhFcjXxomT6WAItn-1_0F2GPxg
7674898736	06	https://00.img.avito.st/image/1/1.O1J5OLawl7tPjxW2AxwvKmiYlbvJkZ-xzw.kPL8f-EgBNLLT0wskOeCdYu-DVcog0cqYmXc4VRLQYo
7674898736	07	https://00.img.avito.st/image/1/1.eNzFkLaw1DXzJ1Y4ufV5pNQw1jV1Odw_cw.ZIsAcIvlKbC7vxHnbkTbNTYsC3JKwo4o2qfO1HHSjAw
7674898736	08	https://00.img.avito.st/image/1/1.l7ldGLawO1Brr7ldfxq7x0y4OVDtsTNa6w.P25W16hD3HaFZvDMxRSRmGSmzRtiiTGztukfkcTHwXk
7674898736	09	https://00.img.avito.st/image/1/1.oRZYfbawDf9uyo_yFkepaUndD__o1AX17g.Fy2WcpYwmSg3A5Sxq7VW1LHXIypMdqpcVA2uOCGaLbw
2587771612	01	https://00.img.avito.st/image/1/1.7txrRrawQjVd8cA4O02gpnrmQDXb70o_3Q.0zUf7mol6LKJep7SdIXmRYRGBOacAy2fKDgkInrU-6I
2587771612	02	https://00.img.avito.st/image/1/1.cja3jraw3t-BOVzS35MVT6Yu3N8HJ9bVAQ.ZO1-zyWcocDcEI5k-l5rINwDjSZDYYGZp7TKW8coYLE
2587771612	03	https://00.img.avito.st/image/1/1.4J-E1LawTHayY857yKeB5pV0TnY0fUR8Mg.YEYrpxBQRXZUp2Amq7SjF2RBQZAqrVdI0KQ3Z_Z28cs
2587771612	04	https://00.img.avito.st/image/1/1.Aja4_rawrt-OSSzSsL5iT6lerN8IV6bVDg.NXq33Vuf7cSlFqx5zQCDAAAbMr1V43lDWz-3RSWjJQU
2587771612	05	https://00.img.avito.st/image/1/1.69AKH7awRzk8qMU0UEyjqhu_RTm6tk8zvA.afi0bUSzvr6-NHJ1t973Esa3a3Q8KJrPnuwpH8BE3AQ
2587771612	06	https://00.img.avito.st/image/1/1.n1AQtLawM7kmA7G0Is7gKQEUMbmgHTuzpg.z47Dvp5eh5ydRckpFMhinEWq6Yo1nvJ8l6at336JdCM
2587771612	07	https://00.img.avito.st/image/1/1.mImywbawNGCEdrZtjtO_telgNmACaDxqBA.atNybx3zkosuStaJD5MpIyNjt35Zl_ErepLeCzG5Nww
2587771612	08	https://00.img.avito.st/image/1/1.CQVpMbawpexfhifhd3EXeniRp-zZmK3m3w.EAQs_rm8Kh_WxnM1FZkN59CEyAfvXa4mmmT5ecri5tw
2587771612	09	https://00.img.avito.st/image/1/1.3dVY37awcTxuaPMxbpTGrUl_czzodnk27g.Qppdf6oNujw7new16qkO0Hzb-yOaHlS2PiPOZ3noJ_k
2587771612	10	https://00.img.avito.st/image/1/1.unZqQ7awFp9c9JSSEjGtDnvjFJ_a6h6V3A.prH4NQWS2esLT69Y4CdNU4iBbhoss71WQCwcdgViU7A
8238523469	01	https://00.img.avito.st/image/1/1.lcfYarawOS7u3bsj_gje8cnKOy5owzEkbg._kdLuLwDpP1coKhTmlZ_eMrb-qjDVMnuDlrVlOeatSQ
8238523469	02	https://00.img.avito.st/image/1/1.TuSxeraw4g2HzWAAoTNR0KDa4A0B0-oHBw.afouYQtmYG579AE-tkXCNKd9UhU7hAuSen77TvhwSVM
8238523469	03	https://00.img.avito.st/image/1/1.qntPDrawBpJ5uYSfFzCxT16uBJL_pw6Y-Q.wGswZ_A1TZAgJS_S6PX8z7MDyNY7ECmvcElDOt8_dds
8238523469	04	https://00.img.avito.st/image/1/1.YMpA57awzCN2UE4uDK4D_1FHziPwTsQp9g.YMakScn68iMDwBSDGZ9Y0_wHElLbbB9fF19YDB84tG0
8238523469	05	https://00.img.avito.st/image/1/1.bSLl5bawwcvTUkPGs5BZFPRFw8tVTMnBUw.AXgcJI3Lz6tHTWQA5Cq_X3HRt0c0d3IM8ytdnyXFogw
8238523469	06	https://00.img.avito.st/image/1/1.8Qc-nrawXe4IKd_jUKWVMi8-X-6ON1XkiA.dmFxHHQIJ3qL6kcRSzBK8r6iBnzLGAvsVAdYGzzeWg0
8238523469	07	https://00.img.avito.st/image/1/1.OXkyz7awlZAEeBedTLt2TyNvl5CCZp2ahA.cdqoJPWOzJLdnGlOetBRG7g5AXOUkk4MU1q-LeiZKG4
8238523469	08	https://00.img.avito.st/image/1/1.cXrXz7aw3ZPheF-euZIATMZv35NnZtWZYQ.jrl7zTsCydMfz35gVtqN4RqstjbaUXPpj9MAz-58-nQ
8238523469	09	https://00.img.avito.st/image/1/1.nSMvPbawMcoZirPHGSfjFj6dM8qflDnAmQ.A7VSL97SjdfKdR-ZDh_MdKR_MQGV-LpENKuM9wGlo7g
8238523469	10	https://00.img.avito.st/image/1/1.WK-m1baw9EaQYnZLmoQ9mrd19kYWfPxMEA.ZVKkyYZI--gQugBlYDuYOHrxy3828USP3DoH9hHp1co
2394984005	01	https://00.img.avito.st/image/1/1.t1DbcLawG7ntx5m0uQLnL8rQGblr2ROzbQ.hOoyF9Y-7qQMldzzZHsVrI6pRqteBAQQkDWvuMzcxXM
2394984005	02	https://00.img.avito.st/image/1/1.UgALf7aw_uk9yHzkI0ZAeBrf_Om71vbjvQ.mR-rdaP1A82xOrRomCRFNZW_wGnlvbcc8yqQoaK37So
2394984005	03	https://00.img.avito.st/image/1/1.a1xDuLawx7V1D0W4Gc1xI1IYxbXzEc-_9Q.CPocbJ1EfwKk-oTiESpt5mBAMEL8E9xn15wdSFdoRsg
2394984005	04	https://00.img.avito.st/image/1/1.XJ1FlLaw8HRzI3J5cfVd4lQ08nT1Pfh-8w.bdXi_XnfCCRlhfCxw2sV-9Ia7Ir3fg9TlncgVVJsfTU
2394984005	05	https://00.img.avito.st/image/1/1.EQViOLawvexUjz_hTDA_e3OYv-zSkbXm1A.Zgw4qdjOzV9gunQUJ6n7k6dh-RGG1290NjakSNBJCiY
2394984005	06	https://00.img.avito.st/image/1/1.NlSOfrawmr24yRiw7kooK5_emL0-15K3OA.qEvqYmlq2xmv-VWp8QH6oN3D0hBFK_LS6CeMJC7jcgk
2394984005	07	https://00.img.avito.st/image/1/1.eYVpFLaw1Wxfo1dhF3ll-ni012zZvd1m3w.iJqS9po0hjIA2rczpJTNNZRFkT4Rz-k4Ype05vX_Yfc
2394984005	08	https://00.img.avito.st/image/1/1.yRl9TbawZfBL-uf9Y0aCY2ztZ_DN5G36yw.xrLZ35slyy1MzDzIziNx_C0XYhfWm25U3ckagy2gjPo
2394984005	09	https://00.img.avito.st/image/1/1.9nprCrawWpNdvdieCxndBHqqWJPbo1KZ3Q.b7HRQDe2wlGimUso-j_qDjm8lLDjPrNjY1OSTGChCCI
2394984005	10	https://00.img.avito.st/image/1/1.PjYfLbawkt8pmhDSb0EVSA6NkN-vhJrVqQ.FeiY2CEQRbKHZHC7yPHMwSsk4-g5J89TCNe2h7dck-s
8218312727	01	https://00.img.avito.st/image/1/1.BJ1HdLawqHRxwyp5Q3QA4lbUqnT33aB-8Q.E-4VqkTHon65QhbYsLQjzQv20IZQxgBSNNF5r1Dya3U
8218312727	02	https://00.img.avito.st/image/1/1.b1DPNraww7n5gUG0nUtuL96Wwbl_n8uzeQ.Ckrh1spZnjcpOUfAU3rd2mltJVkeDy-JNhTPpe4Yco8
8218312727	03	https://00.img.avito.st/image/1/1.BjZ56bawqt9PXijSeZUbTmhJqN_JQKLVzw.YITih4QPf6JTCJ2_1DJUL7ho5FsyPMONX9cpf4zi6mA
8218312727	04	https://00.img.avito.st/image/1/1.8vZo9LawXh9eQ9wSAOe-jHlUXB_YXVYV3g.EDFCl2C7f8cPZTxbS-XubARptsdfujS9ypeElLcEuZw
8218312727	05	https://00.img.avito.st/image/1/1.mJ-g1LawNHaWY7Z7nOb95rF0NnYQfTx8Fg.5C_4IG0XqWSffB3oe9jCD5Pb_u_Nu5-x57hmTKqS5yU
8218312727	06	https://00.img.avito.st/image/1/1.3DDAULawcNn25_LU9F_cT9Hwctlw-XjTdg.6KrgL1sQuDo_aIBLex8el0RYJiBqggTn9JwSMuVa_7g
8218312727	07	https://00.img.avito.st/image/1/1.bjYJhLawwt8_M0DSWc1wSRgkwN-5LcrVvw.B-mba4Uw6jA16lm1Op2yOA-jLhKIid1xI1aWWaGMzNA
8218312727	08	https://00.img.avito.st/image/1/1.jQuwTrawIeKG-aPvphiKdKHuI-IA5ynoBg.IIeXv5EEia-zwPuhdY8PZ0_qPhvwTODJcr4KGJW3LKM
8218312727	09	https://00.img.avito.st/image/1/1.a11NGLawx7R7r0W5FzkyIly4xbT9sc---w.64HS4ssWZLa_wEJgRb63glOoVlxjzbq4XG4FmFbXGGE
8218312727	10	https://00.img.avito.st/image/1/1.1Jw98LaweHULR_p4Gfel5ixQenWNWXB_iw._z4ZRFMCxZbnZQ0Dl0Ik5MIsTvfdLIyvgWITloDr5wE
8026653437	01	https://00.img.avito.st/image/1/1.ViRefraw-s1oyXjAfgtOXE_e-M3u1_LH6A.QY8lLz3xBzjZlfcjbS8n1uYcE5GZV1HmgJWjO9l77rY
8026653437	02	https://00.img.avito.st/image/1/1.fwwNabaw0-U73lHof3AzdhzJ0eW9wNvvuw.VUbbgHiy7N2cwipNtac38I594se09HtEpUmRz4xZ650
8026653437	03	https://00.img.avito.st/image/1/1.9Q1YJbawWeRuktvpPgKUdEmFW-TojFHu7g.e67hdaD6uXClTUZBt-Zw2j5c4Km5HO_Gwq_O5C1zW9I
8026653437	04	https://00.img.avito.st/image/1/1.fyYNBbaw0887slHCf0gDXxyl0c-9rNvFuw.UK99zrTnD1sPBYiKccjCIPUuvA0tU-JaoL3Zyzwf1Z8
8026653437	05	https://00.img.avito.st/image/1/1.ukZrqbawFq9dHpSiE9fYP3oJFK_bAB6l3Q.x7fLxkU35GAaT6G3xDgdkPdGARAbHtx04MuPmEIlI6g
8026653437	06	https://00.img.avito.st/image/1/1.njZ5y7awMt9PfLDSSb2CTmhrMN_JYjrVzw.of0iA1R7xLt1j9xGfP6MUWOZ_frTnwO8zV3hoe0Pcns
8026653437	07	https://00.img.avito.st/image/1/1.Utn7fraw_jDNyXw90zssoOre_DBL1_Y6TQ.-WR9PzFgJ9uoR_hdOkEem2lKEntPhxw-KUhxNePokKk
8026653437	08	https://00.img.avito.st/image/1/1.f9QNa7aw0z073FEwf0I4rhzL0T29wts3uw.u9ZwQmfzXJrSY4gMf0z_P7GK9_-1rYswOS_vEkt3M0Y
7898164785	01	https://00.img.avito.st/image/1/1.0Qx0TbawfeVC-v_oWg7KdGXtf-XE5HXvwg.SH59IX4tslOav7y1BblPOSIwvga8cwC-G4SE5n5Pa64
7898164785	02	https://00.img.avito.st/image/1/1.Mx9NGrawn_Z7rR37J1IpZ1y6nfb9s5f8-w.jajm0olT2pcN-0VRkM92AVoikedGh3hxwPFga2OZJak
7898164785	03	https://00.img.avito.st/image/1/1.rJw90LawAHULZ4J4afbd5ixwAnWNeQh_iw.Z7p9QjcHXoJDGtvdDtkKxlbeN3Gr673ZKa8g7taYXTE
7898164785	04	https://00.img.avito.st/image/1/1.kwiNGrawP-G7rb3spyiMcJy6PeE9szfrOw.xfQUw1_aRwIq2Ik0amQS_JjVsvqsap7WpsbknhFkze4
7898164785	05	https://00.img.avito.st/image/1/1.-PSBzLawVB23e9YQ_ev8i5BsVh0xZVwXNw.YjVv6jn2HyvSpgbbdjOLq0wITyEipB24BC9u4l1FbSM
7898164785	06	https://00.img.avito.st/image/1/1.c1JBOLaw37t3j122Kx1pKlCY3bvxkdex9w.FeQGTIi3hb-ne-ib_GRL29UZe9BZ63PPXyPmROqtzPk
2267577038	01	https://00.img.avito.st/image/1/1.iiKLeLawJsu9z6TGk2KJXZrYJMs70S7BPQ.819Hx3Rbxip6QQaL9x99mG4trYOkNPJ2gL7H7BAd57c
2267577038	02	https://00.img.avito.st/image/1/1.Gu4Lfrawtgc9yTQKM0Z_lxretAe7174NvQ.eHR6d9Or67r9y_Cgv_-LRb99pGxTZcxHmcpJ293kXT0
2267577038	03	https://00.img.avito.st/image/1/1.2BzCbLawdPX02_b4_kemZdPMdvVyxXz_dA.Ey71DFodU3KKYBWBNgxyOctGRB2R3_iA0hCPBydkoto
2267577038	04	https://00.img.avito.st/image/1/1.xf44TLawaRcO--saPl-3hCnsaxeI5WEdjg.-O91E_DXjEAYv0uaexRFm9VB2kiho18NT2Q93f1e5UE
2267577038	05	https://00.img.avito.st/image/1/1.tJw9TLawGHUL-5p4WXbE5izsGnWN5RB_iw.rnAFFdLQTSFtOqOV_UqXpvJBSZoxOxjXJZTm3tdyJ5c
2267577038	06	https://00.img.avito.st/image/1/1.0ja7Trawft-N-fzSk2GzT6rufN8L53bVDQ.hfQnBdYnWfNRnIZlo93QX1mywSPYZLi15s78Xvteqbo
2267577038	07	https://00.img.avito.st/image/1/1.N5K3GLawm3uBrxl21Uw07aa4mXsHsZNxAQ.Nq-_QVPTuBQ5OqG5_JZRffDPieOpuW7aUaV7P2q3l0s
2267577038	08	https://00.img.avito.st/image/1/1.mIR8FLawNG1Ko7ZgQGqG-220Nm3MvTxnyg.RrhQf8a7DrVVo5OhiTQ0Lcqz5NrR-tESAmQkGEB5lXw
2267623500	01	https://00.img.avito.st/image/1/1.fLjAB7aw0FH2sFJctAJTxtGn0lFwrthbdg.ET_MwShM77wWiUbr0hz3iDnlJc-vehaV5nR2PWIEZsE
2267623500	02	https://00.img.avito.st/image/1/1.9ygNabawW8E73tnMbzq7UhzJWcG9wFPLuw.9OTzhtUDsxSrlhHa4DH4UASIkRnVdUQUxTdRGxX73_I
2267623500	03	https://00.img.avito.st/image/1/1.iiwbeLawJsUtz6TIA0aOUwrYJMWr0S7PrQ.zyW2PhGR8VLE7XmjbXcSkFECAV0d2spXaBcmIGFLh2k
2267623500	04	https://00.img.avito.st/image/1/1.AQwaTbawreUs-i_oFH0cdAvtr-Wq5KXvrA.rUAUhTXs8FS9L5UX4BlvCS3e1mn_lZoHQmZHmU8Wamo
2267623500	05	https://00.img.avito.st/image/1/1.Ljj7frawgtHNyQDcqx5TQeregNFL14rbTQ.lpLXNaoVgpsCNnKMpjMuEOMXhEL5CIz-T7E9CQbMbF0
2267623500	06	https://00.img.avito.st/image/1/1.9MzAUrawWCX25doopCHxs9HyWiVw-1Avdg.PjA5X2rByVY2_Z83DZaSmoCGY1a9RfEeXnMWgdpPWNU
2267623500	07	https://00.img.avito.st/image/1/1.4TWSTbawTdyk-s_R3D7kSoPtT9wi5EXWJA.adcM5-nyVsOjwhGy8wm9_hKyg28vKx_-sTgC6bWcVX4
2267623500	08	https://00.img.avito.st/image/1/1.MNFBzLawnDh3ex41LbQwrlBsnjjxZZQy9w.xUrp5_UurfYwBYb1EpAdP7U0Sxn1WdPnYCFijvAUVhc
2267623500	09	https://00.img.avito.st/image/1/1.x3W1GLawa5yDr-mRt0vYDaS4aZwFsWOWAw.UUssYTzKbMzxrY_0MwBa907bby9r91EdBBYzwDlsoPk
2523204791	01	https://00.img.avito.st/image/1/1.bQScFbawwe2qokPgyhggfo21w-0svMnnKg.9Gas_dodIBthYP86c3IZ3ydYGdqt1yA0gOOYqXCXW5c
2523204791	02	https://00.img.avito.st/image/1/1.ple0frawCr6CyYiz9CChKKXeCL4E1wK0Ag.EHm81HbpMq80Kzo_MdH2QnBjCFEm-xDZLPJ0ocsvz80
2523204791	03	https://00.img.avito.st/image/1/1.A1w7WLawr7UN7y24MTAHIyr4rbWL8ae_jQ.bIPTsDVu4KMg_sYgUv-1j001DdQ-F32jyCPk-k4WaQQ
2523204791	04	https://00.img.avito.st/image/1/1.xKZh1LawaE9XY-pCZde433B0ak_RfWBF1w.U3VwXnUZ9NqfTtQQ8-uisjMTATvn_WJKz2-DkPna0S0
2523204791	05	https://00.img.avito.st/image/1/1.D9gN3bawozE7aiE8H-0Qpxx9oTG9dKs7uw.FelE1BcvOVvSvRGZ_1IGL19TqOY7kCFxAyo5A3P5A8g
2523204791	06	https://00.img.avito.st/image/1/1.Koz7eLawhmXNzwRoo3x-8-rYhGVL0Y5vTQ.Z3NLp4G7NUXlCd-upmWeF2c51ExAdp0YOHDiojXOHbc
2523204791	07	https://00.img.avito.st/image/1/1.BJ1KxLawqHR8cyp5TvQb4ltkqnT6baB-_A.3PNBLIbOGbRd1TKHD-fV-evKfE1Huu4bRxhMy2I5iUc
2523204791	08	https://00.img.avito.st/image/1/1.jOpYgrawIANuNaIOTLjoygMjIgPoKygJ7g.4yBzcPot03XM5upvTNdumSvqRrlmsPqSrpEVWbh9RqQ
2523204791	09	https://00.img.avito.st/image/1/1.n1AQ5rawM7kmUbG0IrjhKQFGMbmgTzuzpg.Vo6rU3tAVUyiJHikqDytAb383RDmXADSQ1V_9KORzkk
2523204791	10	https://00.img.avito.st/image/1/1.IYVpHbawjWxfqg9hJzk9-ni9j2zZtIVm3w.lp2EWYHoiWzNS0UQtBDxNhbiWPGmnZB_ZBIN91Yutck
7706589959	01	https://00.img.avito.st/image/1/1.dQXIPbaw2ez-ilvhriRsfdmd2-x4lNHmfg.sSNusTx7Ms-Cm_58h2NPjaTOyKBFYcb-v3yoyfy-8xI
7706589959	02	https://00.img.avito.st/image/1/1.zJ1FOLawYHRzj-J5UXfM4lSYYnT1kWh-8w.9LuGlVWkJaqrDkpOGqAOQT8uO_DRm89E9-RuvS8ehfc
7706589959	03	https://00.img.avito.st/image/1/1.Y6bnjrawz0_ROU1CrfNXlLwvzU9XJ8dFUQ.KzrYLpRSy2PtxND4gk_iyp8P4uZBd6jXkBSytMIIMW8
7706589959	04	https://00.img.avito.st/image/1/1.Da_6fbawoUbMyiNL7Ak0kqHco0ZK1KlMTA.JBoY6ixay9OF68z1STVxMUZWs5HFjjuZii412E8CsYU
7706589959	05	https://00.img.avito.st/image/1/1.11AX5rawe7khUfm0Nbm1KQZGebmnT3OzoQ.rbt0c0CynYRo-ZwETz0m0Ouomd3xE1nq8KnC2PLfmUE
7706589959	06	https://00.img.avito.st/image/1/1.njZ5rLawMt9PG7DSScaBTmgMMN_JBTrVzw.AtuRWqkUaWZXnKnkzmGY7t5dvu_nUT0y9SgRNBQJoVI
7706589959	07	https://00.img.avito.st/image/1/1.65ADkLawR3k1J8V0WavA7hIwRXmzOU9ztQ.jBKdw2T9l5bHUqLQUc0DNur0FRh86UCx0JaJ4G2nsuE
2203880083	01	https://00.img.avito.st/image/1/1.sJ-LFLawHHa9o5575xrQ5pq0HnY7vRR8PQ.T9kw4vQxAj1nWzodV-TmBjbdaVI8xRl8-bXouoOGtek
2203880083	02	https://00.img.avito.st/image/1/1.JrBrQbawilld9ghUK3lTynrhiFnb6IJT3Q.EUv2S0ag8etJz3xo94nT8CuEJzHnuWplhH4ncwrxUhs
2203880083	03	https://00.img.avito.st/image/1/1.o8TNFrawDy37oY0ghyyPuty2DS19vwcnew.UB7C3ILQaH3yYVe5GVDBa7a6fGW8OXBF8HcVQ_nK7Mo
2203880083	04	https://00.img.avito.st/image/1/1.ll1PfrawOrR5ybi5b0zGIl7eOLT_1zK--Q.XVwYy7v4WulIj0rQVs8gfSb6urKPTV_6e9kGGXJwuD8
2203880083	05	https://00.img.avito.st/image/1/1.rQXQtbawAezmAoPhhuusfcEVA-xgHAnmZg.C3Mdw91cwcFMKqekuZIXbzNoVWzG-aYWak9Gq9WYCFk
2203880083	06	https://00.img.avito.st/image/1/1.h1wNPbawK7U7iqm4DweaJBydKbW9lCO_uw.7v6RDaJgn9JRUj9oux_0FN6oWr9bEPV5dzORJ0qpGh8
2203880083	07	https://00.img.avito.st/image/1/1.xNUd1LawaDwrY-oxGaverQx0ajytfWA2qw.nF-SrX-qYhtJmCgI-eQSfP7trUBOSad8h0d8QPerz2M
2203880083	08	https://00.img.avito.st/image/1/1.j5LLGLawI3v9r6F22TaN7dq4IXt7sStxfQ.YXzqEcbMur6aguDP2KwVS-uzqW4ORZ7d7F1e_awpTHU
2203880083	09	https://00.img.avito.st/image/1/1.OJ-v1LawlHaZYxZ705Rc5r50lnYffZx8GQ.XcoMc50HKs3zaqZMSBjj_738tYlrScZEPUB54PmzE2A
4762929752	01	https://00.img.avito.st/image/1/1.vT_7wbawEdbNdpPbjf-4AaBgE9ZLaBncTQ.SBK8qLkiZhQ28nSpEpoOO3X-MGZHnllNROujvXyNQ6c
4762929752	02	https://00.img.avito.st/image/1/1.HaKgTrawsUuW-TNGlhIz3LHus0sQ57lBFg.I-wQrK0aw_I0ZcpEAMCTVRcMEybAgnpT5z0BZaWnT5c
4762929752	03	https://00.img.avito.st/image/1/1.8MnW3bawXCDgat4tuuqY9Y18XiBmdFQqYA.f9-ZI7koCZCMyITsXBkz3H5VNeiZXLTugb2jmdyKpy0
4762929752	04	https://00.img.avito.st/image/1/1.MnCuO7awnpmYjByUxisYTPWanJkekpaTGA.CIzMAV_bYyvx7BEGFDfhu2yrIPq9Sfs9wUtqeti-3fo
4762929752	05	https://00.img.avito.st/image/1/1.Zg4ifrawyucUyUjqYnstdDPeyOeS18LtlA.WTyx6GJRWulX7A54Z6EVMIUXLeOiIvYYISDez81rij4
4762929752	06	https://00.img.avito.st/image/1/1.4JhX1LawTHFhY858G5f74EZ0TnHnfUR74Q.m-BH4wdyFwGdalf_uAhUSBn461DPZf220MRutfLKXjk
4762929752	07	https://00.img.avito.st/image/1/1.FLjABbawuFH2sjpc5AE_xtGlulFwrLBbdg.5L1zugeXvcngbYVR10BGjP0O2kISbG_M_psmoCqI-OY
2171731175	01	https://00.img.avito.st/image/1/1.XQUwTbaw8ewG-nPhBmw8fCHt8-yA5Pnmhg.3dFM4EURU4Vct42Uq_OrzJxm0WZ379elKft_0AfQ1cM
2171731175	02	https://00.img.avito.st/image/1/1.90QNArawW607tdmgbwmWPRyiWa29q1Onuw.5v13V4MI_5ENP9jkQ2WwyjJ5-_5QUTYW3yBapRsj8tQ
2171731175	03	https://00.img.avito.st/image/1/1.QzAKELaw79k8p23UAD0IShuw7dm6uefTvA.VxOEInmaUTKd9hOaUmzfwat4q08h0POiICxDc4ufLp4
2171731175	04	https://00.img.avito.st/image/1/1.JzANArawi9k7tQnUT2JHSRyiidm9q4PTuw.RTDLVFW0WxlxDv0Z7YYe5eCjpev1RL6VxgUavSiBHDM
2171731175	05	https://00.img.avito.st/image/1/1.7uZrQbawQg9d9sACOyKZnHrhQA_b6EoF3Q.1DkHgfh6WI1tVSkSrmWtQzUVEg0J502flCZjWSM06iU
2171731175	06	https://00.img.avito.st/image/1/1.7eVbRrawQQxt8cMBDRXvmkrmQwzr70kG7Q.u97ZpdgUla5z7H86bRL24kAJEmBFgc0EwTpnI4Bozlc
2171731175	07	https://00.img.avito.st/image/1/1.MflYeLawnRBuzx8dNjhnhknYnxDo0ZUa7g.3otxEpAKk4H16PgU8a_K245vo4rXJemJ62de0LRQcuM
2171731175	08	https://00.img.avito.st/image/1/1.0jaovrawft-eCfzSgO26T7kefN8YF3bVHg.cTtdUkgCzNF5n6bOiWCZmaDCAXWJHUzv_1immn_X2EE
2171731175	09	https://00.img.avito.st/image/1/1.d1DaHLaw27nsq1m0uDUiL8u82blqtdOzbA.YNJflYXyrhDXFkhNJEV0ha3DhPM7FprFLSqrBmV_2MA
2171731175	10	https://00.img.avito.st/image/1/1.4jWSfrawTtykyczR2h2XT4PeTNwi10bWJA.PITp80LSbepyjcSs6RzpeW6Cto4TVcos_nsZT3KlKqg
2426863105	01	https://00.img.avito.st/image/1/1.6QVfe7awRexpzMfhAWiTfE7bR-zv0k3m6Q.l3zCjpKcjkQqmDTTMDc5u60gEQulph-RrO4OJHiN_s4
2426863105	02	https://00.img.avito.st/image/1/1.ll1kfrawOrRSybi5RGDHInXeOLTU1zK-0g.rN2JLuKNe0CWIUVGDtNMEaPGrKdkuvIHjOuBwVeuiIU
2426863105	03	https://00.img.avito.st/image/1/1.9akCc7awWUA0xNtNZATC5GLSW0Cy2lFKtA.9l_jbGvSEz48UHUg2xvus-sEuI9MvyUhKxfLkkbHljk
2426863105	04	https://00.img.avito.st/image/1/1.oRpYUbawDfNu5o_-FgvpYEnxD_Po-AX57g.H4N29VpN2A3ggRyJQjqTnfkmYD7crwnM1pVXdL4uBsY
2426863105	05	https://00.img.avito.st/image/1/1.8YVH6bawXWxxXt9hKe6C_1ZJX2z3QFVm8Q.cSDnBdAgKECbu3ukMIZAhDLckAj-0OY2Plh04Td6wps
2426863105	06	https://00.img.avito.st/image/1/1.SOHBzLaw5Aj3e2YF3b1OntBs5ghxZewCdw.GFGGyBZR2JB26ok__wN40rbwHGVx8286ilfOPtQiD4g
2426863105	07	https://00.img.avito.st/image/1/1.F1INzrawu7s7eTm2L-pGLRxuubu9Z7Oxuw.g9vK66hgVPa71c6IFdLJFMpFUMtD9I1W-7jIroSCvls
2426863105	08	https://00.img.avito.st/image/1/1.61ADhrawR7k1McW0WeXFLhImRbmzL0-ztQ.IXicAmthh0sV-OVRzj6ko8DQ24VIt2_vPvpMez2Y5Q8
2426863105	09	https://00.img.avito.st/image/1/1.eYVop7aw1WxeEFdhFtJ--nkH12zYDt1m3g.n2rwlltAJ_sMgi1YkDJrzGFm188brVWhmT11pcOiy44
2426863105	10	https://00.img.avito.st/image/1/1.CYVERLawpWxy8ydhWihA_1Xkp2z07a1m8g.E7gBBLRQ7gkFA-yWNFWATDwJRNXA4skVhD97asQI2J4
7226391112	01	https://00.img.avito.st/image/1/1.63qF-LawR5OzT8We39_aR95ZRZM1UU-ZMw.z0qrUYRe60BbIcxR-H8NwZW1krc83Xbv0rIyuYenZqc
7226391112	02	https://00.img.avito.st/image/1/1.6_APYLawRxk518UUVVf8iB7ARRm_yU8TuQ.r2qHy-NrB6LgDvy-qc_kNi-KbOt4sLx3mCXqNIk4yzU
7226391112	03	https://00.img.avito.st/image/1/1.O9pukrawlzNYJRU-FMIq5jUzlTPeO5852A.M0bAgpdjUP97NQgmXeu9OMiclk4lLnvmmTgvy7RwY3w
7226391112	04	https://00.img.avito.st/image/1/1.tQZVdbawGe9jwpviM0uxeUTVG-_l3BHl4w.dp4j2YoYWxUYKH_QTYbyBrKmZtcv2CI9W8LPjAfurwY
7226391112	05	https://00.img.avito.st/image/1/1.Grc7fbawtl4NyjRTAwlTzSrdtF6L1L5UjQ.NTGm7soFEuoNL1DnI3maTKIfiskDq27q_WxQs9l3CRo
7226391112	06	https://00.img.avito.st/image/1/1.Yhz7f7awzvXNyEz4s3p-ZOrfzPVL1sb_TQ.p1BOVqVEz8T02o-o758UdMSYhgZGe25IW1FbBxlGUGg
7226391112	07	https://00.img.avito.st/image/1/1.MvneO7awnhDojBwdtndcxYWanBBukpYaaA.WCsarR-HpAMAQlVh6kjtFX-Un8m-_anSQrEJPvu_eJk
7226391112	08	https://00.img.avito.st/image/1/1.Kb5YfbawhVduygdaBgUrwUndh1fo1I1d7g.bE7_qSf8zPRxashVtcVDTJJNu6_8yhwmdgZK9P1Ee-8
3642782395	01	https://00.img.avito.st/image/1/1.70wN2rawQ6U7bcGoX8HuMxx6QaW9c0uvuw.FHgZYfwNrc3fHhmHRBAf9fxlDeEHKw0xFwLJTx8tEVU
3642782395	02	https://00.img.avito.st/image/1/1.tjZmWbawGt9Q7pjSBmfWT3f5GN_W8BLV0A.__sHl9FE-UqG7W6aavpHeVq26tWaUiHtBmmWWtflVmM
3642782395	03	https://00.img.avito.st/image/1/1.e_AMzbaw1xk6elUUdtgHiR1t1Rm8ZN8Tug.JTs05xGKQj69p-0t6y7Cbyv518hpUon1rUp2tnH7cPo
3642782395	04	https://00.img.avito.st/image/1/1.rjZTL7awAt9lmIDSA0nlTEKPAN_jhgrV5Q.n98ZVOZWd9ZeGVgPKAUXzd8E24VWZkhMcL-K4NyqeyE
3642782395	05	https://00.img.avito.st/image/1/1.ielYRLawJQBu86cNRgaekUnkJwDo7S0K7g._s6o4Rb2s4bj4V_tz7FuMDnj4lrkA2-v-mtvZzdeajY
3642782395	06	https://00.img.avito.st/image/1/1.uzAPb7awF9k52JXUdSGvSB7PFdm_xh_TuQ.N7yzxr5p3_yQnrpD2Sl57qhNAYzjzQQ7TxLJK3Jsu9g
3642782395	07	https://00.img.avito.st/image/1/1.GeZYeLawtQ9uzzcCZkBOmUnYtw_o0b0F7g.ZmVbLnZNaLWlRcKQD6FZ6p7f0ELXUgYOMULLgIwWAfU
3642782395	08	https://00.img.avito.st/image/1/1.LHiYgrawgJGuNQKczPptWsMjgpEoK4ibLg.oSh3mIpR9OF5j66oGBp-Q2JkjOv2ZeyosVQqNPtwn38
3642782395	09	https://00.img.avito.st/image/1/1.kudLfrawPg59ybwDYxTznlrePA771zYE_Q.lLHOA36amSl9_7bti5uo8WRh3wn9QOoVyUWjCq5-OZE
3642782395	10	https://00.img.avito.st/image/1/1.3ADB47awcOn3VPLk9dy6edBDculxSnjjdw.zOkwCkBicubopn4QFkHdUiVhDXqmiWBLFN41ziGcezE
2619583040	01	https://00.img.avito.st/image/1/1.ksb7fbawPi_Nyrwi03vjvOrdPC9L1DYlTQ.YXrXT_dh5i2hIGj9JgPSlMFHpVYmUYloO9WFC31JMtA
2619583040	02	https://00.img.avito.st/image/1/1.Vg46fraw-ucMyXjqGhsddCve-OeK1_LtjA.QVh-zSyjnOrwJ9bmw-UR8kO_FxFIo9Xzm4W4meLVcOo
2619583040	03	https://00.img.avito.st/image/1/1.PjYLXrawkt896RDSe342SRr-kN-795rVvQ.arzJAtrjILa9hqNAkckWw3Ee0YNFmBKnHfyJNA38oUQ
2619583040	04	https://00.img.avito.st/image/1/1.nJ1FeLawMHRzz7J5cXac4lTYMnT10Th-8w.AYFiNWUI49074EbReSZHHhD96IUYWoTlAexTYWSkDkQ
2619583040	05	https://00.img.avito.st/image/1/1.c11weLaw37RGz125GnUlImHY3bTA0de-xg.m1SsAOccKvSjJofST7AlJiq9_6FANSc07Ij8c5tOCXY
2619583040	06	https://00.img.avito.st/image/1/1.qQPQTbawBerm-ofnji_IesHtB-pg5A3gZg.9nnVgi2-0HOmhRk2BXffxn_wHBTxUFBiLJk9lcxjMlg
2619583040	07	https://00.img.avito.st/image/1/1.GxFNGrawt_h7rTX1dxICaVy6tfj9s7_y-w.7Yb3fgjtEzZESKdn4ddviowiB_4oUi4h12lJQYRpdjc
2619583040	08	https://00.img.avito.st/image/1/1.sTQszbawHd0aep_QQsuvSz1tH92cZBXXmg.GyxKXvDvFrl5vBbMcFJ44oXnpsg67VOxzIRv-kbwSG4
2619583040	09	https://00.img.avito.st/image/1/1.FNjBNLawuDH3gzo85VBdotCUujFxnbA7dw.NFcLbzvbC1puMj47T5ieBLZYSrDf6CjANmNk6Z3sv3M
3099618521	01	https://00.img.avito.st/image/1/1.2gZrqrawdu9dHfTiU4W5f3oKdO_bA37l3Q.D7lhxCbfut0mAJnQrxyNbCjayi0NV11tRS5l5hERfYs
3099618521	02	https://00.img.avito.st/image/1/1.qJgxlLawBHEHI4Z8bbK_4CA0BnGBPQx7hw.zV5HAxZUt5udp_-aX8friDwl14Fg45apJY4g_NkQgig
3099618521	03	https://00.img.avito.st/image/1/1.uYVpELawFWxfp5dhF16l-niwF2zZuR1m3w.4P2tVCEKzIf8GApwr5ocXQ_Xt2dAWGsHJ-YCfzTt5Sk
3099618521	04	https://00.img.avito.st/image/1/1.kZzYfbawPXXuyr949hOR48ndP3Vo1DV_bg.TaLHf0JzJOSu4JXS0mtJeHt3sT8yFR110uA-DWPRcDo
3099618521	05	https://00.img.avito.st/image/1/1.IYViM7awjWxUhA9hLGcP-3OTj2zSmoVm1A.b3AuMPo8VtQuIlv2P7SHOLO5wzSlmwiXFN26DSdroZA
3099618521	06	https://00.img.avito.st/image/1/1.9S1YJbawWcRuktvJPhKUVEmFW8TojFHO7g.0751A6uiZaPxNK2Jl0VLd_TzmuZlQZ9oj6MgYsmjr6A
3099618521	07	https://00.img.avito.st/image/1/1.wtgLfrawbjE9yew8A0W8oRrebDG712Y7vQ.kBpvbWPpbs8wS4L_MeefjVudGuSV6Rz3uABGUsh_UhY
3099618521	08	https://00.img.avito.st/image/1/1.RlJrbbaw6rtd2mi2a1xUKnrN6LvbxOKx3Q.ZVja2CEkM_HJfGziGOmQl1EBQKVgj7YlKXsrF_hu6ns
3099618521	09	https://00.img.avito.st/image/1/1.NH711LawmJfDYxqakcB5BOR0mpdFfZCdQw.83s8EpGr5e5DHDUhnKIjQQFr6BKWxbnmOryBI5bCL_g
3099618521	10	https://00.img.avito.st/image/1/1._4azGLawU2-Fr9FiwUes-aK4UW8DsVtlBQ.Fx-Z6wAQcEvzWvXl8yd3yO4jRqcQyvrj-XbFPn4DuL8
7578778078	01	https://00.img.avito.st/image/1/1.YaTYRbawzU3u8k9Almhi3Mnlz01o7MVHbg.cum_cjcF8ImqP2KDJW3XW-I-rdkaQ5kMQLDjyUmhvnU
7578778078	02	https://00.img.avito.st/image/1/1.kHCB27awPJm3bL6Urb3kCpB7PpkxcjSTNw.KS54yYg0oQhRv9UsvOD-YxS1gzxMQuRVI3DkRlz0qYo
7578778078	03	https://00.img.avito.st/image/1/1.mjaALrawNt-2mbTSuFjmT5GONN8whz7VNg.J8onE_OIohCU5VVqbqXHxNAnsy71ScidIBUcVDSvlsQ
7578778078	04	https://00.img.avito.st/image/1/1.dQSenbaw2e2oKlvg-NQ6fo892-0uNNHnKA.yV3-OROXcO3sjwDuiOy32PFav8dnDmKjzfZsxbvlKEQ
7578778078	05	https://00.img.avito.st/image/1/1.djZ6d7aw2t9MwFjSGnJ3TmvX2N_K3tLVzA.-z8pG55W2jnt8ItiAMwuuhH-Rpe-tnBdNWDVZaPmwGo
7578778078	06	https://00.img.avito.st/image/1/1.8YVH87awXWxxRN9hKaSD_1ZTX2z3WlVm8Q.-d9ezQ7fyqp56aiCNkpNB4q3kZwBzJ6k8kc5sq_9pM0
7578778078	07	https://00.img.avito.st/image/1/1.uYVRX7awFWxn6JdhL2mh_UD_F2zh9h1m5w.AENrO2FYCRgMkbalR-bLDK3xFw1iCbn40IzaulhecKQ
7578778078	08	https://00.img.avito.st/image/1/1.ibFYRbawJVhu8qdVRkeLyUnlJ1jo7C1S7g.N8i_xA9XQn8ORgT5LCiXjk9v7H8ynMr6LNOZoBHItdU
7578778078	09	https://00.img.avito.st/image/1/1.RNjAUbaw6DH25mo8xDRHp9Hx6jFw-OA7dg.mja75GvR3ZuTEysXgRMrVmt7Aj2euKWidLf3eSgun04
3899466985	01	https://00.img.avito.st/image/1/1.NNLx1LawmDvHYxo2lcQhquB0mjtBfZAxRw.55FlXmR7Qss5yRZe9qg15i8YWDDJgeeVU6-PsuAWVVM
3899466985	02	https://00.img.avito.st/image/1/1.RCjAeraw6MH2zWrMxG8QV9Ha6sFw0-DLdg.9TTB8uTE_4tRBvioQbZq3vX_D2cBb7Vhuqo7trfHSew
3899466985	03	https://00.img.avito.st/image/1/1.gJzOHbawLHX4qq54wi_w5t-9LnV-tCR_eA.WN-A8fS7O80STZA2zV0_JIaQuyNzxorUc1sGeR0UhKA
3899466985	04	https://00.img.avito.st/image/1/1.cm3IO7aw3oT-jFyJoEoqT5Oa3IR4ktaOfg.3u1M1YNXDq9vqSrlkyytOcNixbkEO9x1E-X5S9H35L4
3899466985	05	https://00.img.avito.st/image/1/1.EpMuobawvnoYFjx3Bul0r3UAvHqeCLZwmA.ZfX8k0W2CRMXqUDti2z-zYyRGYADK_Wiiktcng2HHvw
3899466985	06	https://00.img.avito.st/image/1/1.2MndgrawdCDrNfYt4cXb94YjdiBtK3wqaw.BnV_8pkL6b5W_-dQlU5h7Lwdk0Qr-3ApPNS47fM5-w0
3899466985	07	https://00.img.avito.st/image/1/1.51DO9LawS7n4Q8m0jI_hL99USbl-XUOzeA.XuoU33EoWGR8pZmZP_fyGO687gisjCf5VvYwmBOqINM
3899466985	08	https://00.img.avito.st/image/1/1.J2QNabawi4073gmATyFqHhzJiY29wIOHuw.pVqSP3r_nnxDxlTzCKOdWGpTx8_5WZDLbl7qi5RdBek
3899466985	09	https://00.img.avito.st/image/1/1.tjZ5MrawGt9PhZjSGSCtTmiSGN_JmxLVzw.pjsNnDVsqmBiR6-qq8fVwOlENHQ0k2Hls32H5RSkSEk
2010978374	01	https://00.img.avito.st/image/1/1.a1GJ2Lawx7i_b0W10-EDKJh4xbg5cc-yPw.ht9XTxvuLtv2sQIf0jreiB2FmCm1CDeDwPZyTLmQNlY
2010978374	02	https://00.img.avito.st/image/1/1.8BzP-LawXPX5T974o5O8Zt5YXvV_UVT_eQ.0HoTrjFFCnDuH8nEyE5aV-yIuu8nRv-Mnbqp-IZTkcQ
2010978374	03	https://00.img.avito.st/image/1/1.XjZlrraw8t9TGXDSVc8hT3QO8N_VB_rV0w.PNAit1J-HbTx5hOvjdvZibwzyOjAczIlDROU8oVkZ_o
2010978374	04	https://00.img.avito.st/image/1/1.cjDRzraw3tnneVzUucMmT8Bu3NlhZ9bTZw._Mv-aNS9ZsPnVSQ3EUBlhv-KChLZliZmS3nAmK7zOnE
2010978374	05	https://00.img.avito.st/image/1/1.65AKBbawR3k8ssV0UB6l6hulRXm6rE9zvA.CRbWYXbf1C4S5j3Uxg5jY0FoToDh4lYEC4j7ecK3PeE
2010978374	06	https://00.img.avito.st/image/1/1.vYVbTLawEWxt-5NhLS61-krsE2zr5Rlm7Q.Sx_rGsQ1fA9VlRK3Oly7fKdxNr0JUsVet4hc5yZG6gc
2010978374	07	https://00.img.avito.st/image/1/1.qjEsXrawBtga6YTVdDSATz3-BNic9w7Smg._J93YFXXfR81AArN5EP6BbNTQbY0qL6-p8C7SYOI6MI
2010978374	08	https://00.img.avito.st/image/1/1.OnF0C7awlphCvBSVDHc8Ty-qlJjEop6Swg.qkBGFv-6mrD9HouP-D62zpcvKNFy7A6ZJi4XCce5fNI
2010978374	09	https://00.img.avito.st/image/1/1.oSDYUbawDcnu5o_Ell_qWsnxD8lo-AXDbg.1IWkVlJuv2sKLqqC5KPL76ghtlNRRrI6Ve_GxLiKWbw
2010978374	10	https://00.img.avito.st/image/1/1.sQ3DTbawHeT1-p_prTexddLtH-Rz5BXudQ.MKUzNYjYt0JX6mpvNo-qzCwcAC8IoKuGsCqWNXiWFJw
8277183012	01	https://00.img.avito.st/image/1/1.3AjSKLawcOHkn_Ls5h-sPsOIcuFigXjrZA.SzDWDplHFv69mKOXIZ0DhCuS-wimOWWg9q_PQ0grQwc
8277183012	02	https://00.img.avito.st/image/1/1.gQcn0LawLe4RZ6_jKZrxMTZwL-6XeSXkkQ.QHdpPEUjXcW42YJQB-CYTYjIxm7yKNcSv7n_LY29h3E
8277183012	03	https://00.img.avito.st/image/1/1.bI8Y7LawwGYuW0JrTPVXuQlMwmaoRchsrg.7Tg8nzv0WcKwhXfTKEEGcbi1Nbi-03psp2DFOeF4Iog
8277183012	04	https://00.img.avito.st/image/1/1.BI8bzLawqGYteyprH_Q5uQpsqmarZaBsrQ.a4PftEbP6pNXmi5p6appPZiJ0URb9i7tg-xVgAuKXdU
8277183012	05	https://00.img.avito.st/image/1/1.QYc-kraw7W4IJW9jMM8lsi8y726OO-VkiA.X4v6nF_tT76q4ExYcC-kIdV0FLO_AoOxe4W5lOfDmUo
8277183012	06	https://00.img.avito.st/image/1/1.BSMxlbawqcoHIivHN9llFiA1q8qBPKHAhw._6Qe4d4zumtzZLv4BAVmIkXnXWDipbSfZsuNA1U34oA
8277183012	07	https://00.img.avito.st/image/1/1.pbWYarawCVyu3YtR3iicg4nKC1wowwFWLg.tKPz8zdWsnWBbo6oWsRKcnTiLtW04i_W5UJgWZkKYjQ
8277183012	08	https://00.img.avito.st/image/1/1.gN3yhbawLDTEMq45_rPj6OMlLjRCLCQ-RA._m-VD0jr2ic99pJLoCrQh7uOWtIy8mO0T87coAwZm3o
8277183012	09	https://00.img.avito.st/image/1/1.G0dNh7awt657MDWjd89XcVwnta79Lr-k-w.cZpRqHlUUS_H-n1Z3l_wpFNXx4tmKsugYw3pHPvBYuU
8277183012	10	https://00.img.avito.st/image/1/1.dSMtfbaw2cobylvHS0QJFjzd28qd1NHAmw.uSvG-haAOn1s3BKVWC05kat1dsht6Usg1xwdPwixB_o
2458881786	01	https://00.img.avito.st/image/1/1.ouTbfrawDg3tyYwAk3DCncreDA1r1wYHbQ.5FYP8HafEvn0LU3u85DjquH6_1wlXh_4j-FI9PrNuiw
2458881786	02	https://00.img.avito.st/image/1/1.W-OI8raw9wq-RXUHsu8zw9NT9Qo4W_8APg.OTh5zStbeqpdAaWdkv68dD-jSK9EJKBHuqc2hZX4FKo
2458881786	03	https://00.img.avito.st/image/1/1.4jB__rawTtlJSczUN_3hT25eTNnPV0bTyQ.GxBnrG2fZrldPKfzLpiWL9VMybesLJs-BMfE4X7V_dE
2458881786	04	https://00.img.avito.st/image/1/1.rjZTabawAt9l3oDSAxfnTELJAN_jwArV5Q.5s2NFcLiRxtSocs-ZSCLUpZjdL5kuph1Zvk3Ug59qnk
2458881786	05	https://00.img.avito.st/image/1/1.ZW14TbawyYRO-kuJPnwEFGnty4TI5MGOzg.ttj2wLL8evfxJgAT7nQ_zV0JJPMYz5FIcYvXNiG5PgQ
2458881786	06	https://00.img.avito.st/image/1/1.BMooTbawqCMe-iouLHVe6HPsqiOY5KApng.g3gX--t3qidQaJl70UKyL3LYdKvStnFWEYMuYSGZ0cE
2458881786	07	https://00.img.avito.st/image/1/1.OQxIzbawleV-ehfoNukhdFltl-X4ZJ3v_g.qv5PeDg3yZd_Tl1NWLRuySGHea9ckQOxXC46ZHqNUdA
2458881786	08	https://00.img.avito.st/image/1/1.3gc_Irawcu4JlfDjD0W2O2SDcO6Pi3rkiQ.kbIO4chjWxw49jOuZlaPsJgxlq-wFvwHzL8OPf-WTqU
2458881786	09	https://00.img.avito.st/image/1/1.DEDAerawoKn2zSKk1AZYP9Haoqlw06ijdg.PRlBQfYGZAPwCaShi4e2fAWBp_agQz7unNZe68IWl0s
2458881786	10	https://00.img.avito.st/image/1/1.bQSaBbawwe2sskPgzAAmfoulw-0qrMnnLA.6qqJiGW2G1_mkPqUhnCosqSvIVOy3yJG2Kfg9YgTCCg
2011655065	01	https://00.img.avito.st/image/1/1.SKRBybaw5E13fmZAXeBm2lBp5k3xYOxH9w.Ml8yqyRUJUoBHDQ3hkkN9SzVkxUCMaWH3qLU7YeR7-o
2011655065	02	https://00.img.avito.st/image/1/1.V0pfGLaw-6Npr3mufR03M064-aPvsfOp6Q.nXS__Zdlew6lVECJzx3BM11YajFq4GuYLmw0hCK_ij4
2011655065	03	https://00.img.avito.st/image/1/1.lE4Z1bawOKcvYrqqPa-4MAh1OqepfDCtrw.9RA4bH92mn92RASPIC0bKizShCD3areQpsMF8_DCiTU
2011655065	04	https://00.img.avito.st/image/1/1.g1ABMLawL7k3h620CxKALxCQLbmxmSeztw.Ue9Sut1tuV5OztPHq4cnjTt6dN1Vzj3vskjp0yLiHXI
2011655065	05	https://00.img.avito.st/image/1/1.Sszbfbaw5iXtymQow3A-tsrd5CVr1O4vbQ._5loRKxQ_65QDb34Md6GxUp5D_f_XV3Y_yUGN_DxcSI
2011655065	06	https://00.img.avito.st/image/1/1.VDBB1baw-Nl3YnrUZfQET1B1-tnxfPDT9w.Syy3nWXZPuEOHmG1wuMS69M1Gs04gpqOrDhiJp7r9fY
2011655065	07	https://00.img.avito.st/image/1/1.6YVRV7awRWxn4MdhDyDx_UD3R2zh_k1m5w.zhyqP6RYKDUPkWdIEsmpJgDyVLYOSFtkUByOM20AiKM
2011655065	08	https://00.img.avito.st/image/1/1.WJhFVLaw9HFz43Z8eT1B4FT09nH1_fx78w.fmxPuxBRxXhdwJVxv9a_TLXiMJlLj3glTfYbL12dCzs
4250908262	01	https://00.img.avito.st/image/1/1.hDDB4LawKNn3V6rUxe7kSdBAKtlxSSDTdw.3ICXIXRuH7ronChwmALp-8v5qgCYO3d7iQ2N-2TO6YA
4250908262	02	https://00.img.avito.st/image/1/1.3j8_K7awctYJnPDbDyz_A2SKcNaPgnrciQ.xW7qM5xylfaG144vvOPVZbSSaRCkjoG3ZUjxo2RORiw
4250908262	03	https://00.img.avito.st/image/1/1.Kb7ydbawhVfEwgdarAkrgKnUh1dC3I1dRA.L2tHNIu_wCUTjcPypgQcCNhFvnl15B40nRi0fN0SVgk
4250908262	04	https://00.img.avito.st/image/1/1.r1B8CrawA7lKvYG0LgziKm2qAbnMowuzyg.-ebCFpY7oZt5fJlyA4-g3n62up4cKhEjHxLNBRKBd_U
4250908262	05	https://00.img.avito.st/image/1/1.5jYflLawSt8pI8jSX5_ISA40SN-vPULVqQ.Oqfns1_m9JVtZjKy5ZQDkQPAZetVUyq9WB22YCGw9EE
4250908262	06	https://00.img.avito.st/image/1/1.d1Ap2raw27kfbVm0S_9tKDh62bmZc9Oznw.eCZj7CU4Yv98p4AJnHQEFDdcBa553gvlVadpo6WKUKw
4250908262	07	https://00.img.avito.st/image/1/1.fHTAULaw0J3251KQtBl8C9Hw0p1w-diXdg.J6rb6eO0d84PCt4qgcDwLfgE1JcPURbYXq_byjdYJU8
4250908262	08	https://00.img.avito.st/image/1/1.ZjvRfrawytLnyUjfkTcCQsDeyNJh18LYZw.ehuad4_ShMS-78yQTVMVmxRL8OXi2RV4Xmfcb9dnb7E
4250908262	09	https://00.img.avito.st/image/1/1.aJg4lLawxHEOI0Z8ZKF-4Ck0xnGIPcx7jg.xIdyJhZ99MXWD-8TnUKfJUxPwiry0W-w7YRUb-rn1pY
1979051299	01	https://00.img.avito.st/image/1/1.GzuNFbawt9K7ojXft0VIRJy1tdI9vL_YOw.KF4FAW1OP1MX8p1cjNx_zv_cllserHaLwc-SzWdc388
1979051299	02	https://00.img.avito.st/image/1/1.1jZTcrawet9lxfjSc2GfTELSeN_j23LV5Q.j2LPQ3rhKxVoq49FV5-r2k8wiWnXW74v5oQ1MuO9iLU
1979051299	03	https://00.img.avito.st/image/1/1.lctoTLawOSJe-7svTnbSsXnsOyLY5TEo3g.rzDohaXn8GzjH8GzBNF0U7zJk-gcOLbDIAm-ESB_2SI
1979051299	04	https://00.img.avito.st/image/1/1.aQIuzbawxesYekfmcNgXez9tx-ueZM3hmA.SHBHbHkOyLjgl7notFFKY_7zU6170xaI1m2AEmQX6Fo
1979051299	05	https://00.img.avito.st/image/1/1.TNbp1Law4D_fY2Iy_d1Rrvh04j9Zfeg1Xw.-xHVZl7Q-YKGUxd3a5XbUc15A_-ksSfZ21Yaz97KdQI
1979051299	06	https://00.img.avito.st/image/1/1.ORlOTbawlfB4-hf9MF1xY1_tl_D-5J36-A.TlJNN6rep2ucmdHS06PJ-uQgdeCTZVjJoE0DIRS9Ohc
1979051299	07	https://00.img.avito.st/image/1/1.IQVif7awjexUyA_hLE8Le3Pfj-zS1oXm1A.fIJfuuQTS7KgMSiJgbJ1gXr4qj-MyP5PTfWntL29FJQ
1979051299	08	https://00.img.avito.st/image/1/1.YunrfrawzgDdyUwNoz8EkPrezABb18YKXQ.bRC81dJb1fnrSqE5GdXVNYKhPa0cXbR2HXMyMmkm6nE
2267532363	01	https://00.img.avito.st/image/1/1.cjX03raw3tzCaVzRnJc0T-V-3NxEd9bWQg.ZoHZNcY3FFfoN82IMKWLgpL44YVC2zHvq7ObW32yaaU
2267532363	02	https://00.img.avito.st/image/1/1.7CzBmbawQMX3LsLIlYr-VNA5QsVxMEjPdw.eWbDiVOZJrWmRT1YomRuIt8qL5-pwOh-6bw4qpH8FjE
2267532363	03	https://00.img.avito.st/image/1/1.pNfp1LawCD7fY4ozrd67r_h0Cj5ZfQA0Xw.9BpTiZDqyr3MYP3AxUZh5si55KT9Fx036B2dHo7UgDY
2267532363	04	https://00.img.avito.st/image/1/1.WRmnTbaw9fCR-nf9mRQfY7bt9_AX5P36EQ.RrSZnyc8fCr1AW4T59e8lx4F1W_tzoRa_XcQiKy_5pE
2267532363	05	https://00.img.avito.st/image/1/1.Hy65GLaws8ePrzHKi1BsVKi4sccJsbvNDw.XL79anKVqjmZsZlhIrU2f74FaU9jMKKH2c9JXggzNaU
2267532363	06	https://00.img.avito.st/image/1/1.bQUrhbawwewdMkPhfcAXfDolw-ybLMnmnQ.6ygbY_h6pEgKTEAeUQ7K8Jry5e5Wn2I6w5ocKcLZqp8
2267532363	07	https://00.img.avito.st/image/1/1.uiZtUbawFs9b5pTCFTekWXzxFM_d-B7F2w.lx0b7L28owkRHkiYoDr5yAk-HfK674I1rv5cRr6yR3Y
2267532363	08	https://00.img.avito.st/image/1/1.8QVfPbawXexpit_hMR6PfE6dX-zvlFXm6Q.VNGp9ptoGZJ2LXTN5CLHYK5DMO5kiTX8ajkNTlty_II
2619258421	01	https://00.img.avito.st/image/1/1.Ng61frawmueDyRjq1SZ5dKTemOcF15LtAw.7wD-NMFhRieXhcJM04ck9Y_6E-UwP-ZKFbIzJNOr6Vc
2619258421	02	https://00.img.avito.st/image/1/1.NHxp1LawmJVfYxqYDdx8Bnh0mpXZfZCf3w.p5xIa3PbG5QtdQoqt-nYtKl0yZXzJNSzC97dRcj3iig
2619258421	03	https://00.img.avito.st/image/1/1.bjZ4rLawwt9OG0DSKMV5TmkMwN_IBcrVzg.iyMGNuScK5Jx0INZ2BCTV4w5i0pzjFpiGWUx31NccHY
2619258421	04	https://00.img.avito.st/image/1/1.rQU0bbawAewC2oPhYl_IfCXNA-yExAnmgg.STHXD7YFN_Hgk1EryLWVEYCn0j2oVGZjma6Qn_Ny6D0
2619258421	05	https://00.img.avito.st/image/1/1.OQP3zbawlerBehfniZFaeuZtl-pHZJ3gQQ.NCTwRJ0-AxCnseiASzM6rLXlrpaML2Ja88MeCcuF9qA
2619258421	06	https://00.img.avito.st/image/1/1.djZna7aw2t9R3FjSBx4fT3bL2N_XwtLV0Q.VzD7r3OouT9dH49rMBGa3Zf8qbp9fmAtBdgBdVmeKq4
2619258421	07	https://00.img.avito.st/image/1/1.oEwBzrawDKU3eY6oTeDzMxBuDqWxZwSvtw.cGyotRGHqq1ABIt7XoMZurcbGrKSRbYhFqEsDBFyXnQ
2619258421	08	https://00.img.avito.st/image/1/1.fz4NBbaw09c7slHaf3gDRxyl0de9rNvduw.VnUF0UcwtddYZHLs1obJ6bCoA1ECaMrgaaO2nnNyYV0
2619258421	09	https://00.img.avito.st/image/1/1.YcrYS7awzSPu_E8ulhYEs8nrzyNo4sUpbg.DsWxxzPJqXKwEYI3XAkOqQFLlrxQCe1vI9YG6DO_274
2395767094	01	https://00.img.avito.st/image/1/1.bJyJhLawwHW_M0J43fV15JgkwnU5Lch_Pw.3egWYMneKvjw747zqhZaJYPc3I0bnBaozKmokJVnf_M
2395767094	02	https://00.img.avito.st/image/1/1.FqVrCrawukxdvThBS2Y723qquEzbo7JG3Q.vglbep_W4cvhbKE8v5nKdJYBjVmDjSrsHxwbMMKC0GQ
2395767094	03	https://00.img.avito.st/image/1/1.g3AMv7awL5k6CK2UBvnjCR0fLZm8FieTug.t97LKCRX43IyIY2EjRO-zknPHytFQG2N2759xMv3G2Q
2395767094	04	https://00.img.avito.st/image/1/1.pZGYTbawCXiu-ot13g-46YntC3go5AFyLg.aLrEt2LiWoxtDOulWTqL8CpzgcIwuwhGVKnWLlO16Z8
2395767094	05	https://00.img.avito.st/image/1/1.n1B-erawM7lIzbG0TBzbKm_aMbnO0zuzyA.Zu1E3Hz3621Bhd0U3CetV1ptNt6rec68zV5CAgI2VbQ
2395767094	06	https://00.img.avito.st/image/1/1.AT9iTbawrdZU-i_bbD0rQXPtr9bS5KXc1A.pfciTR0ckGKWtwo-GG-6AZXA1hTwQ283EKrAtVL3Tac
2395767094	07	https://00.img.avito.st/image/1/1.WJhUVLaw9HFi43Z8aC1D4EX09nHk_fx74g.19tVOvF4JcRv-ip2sKXsiyTQPrYaibulfq245LAC3Us
2395767094	08	https://00.img.avito.st/image/1/1.oFkB27awDLA3bI69TaXRIxB7DrCxcgS6tw.vHHu1ZfDISycz7hIAgyufXi9ivio77UmbJyIzieKTn8
2395767094	09	https://00.img.avito.st/image/1/1.-TTYUbawVd3u5tfQpn6zTsnxV91o-F3Xbg.JoxdAXRFucE5BDK_0fTEDeQUSCNzcmz41Mlte4KXNgg
2395767094	10	https://00.img.avito.st/image/1/1.ajBHnrawxtlxKUTUH4d1T1Y-xNn3N87T8Q.TTA510nfE1vZfYWlnMmYx9rkTndpLpK7NcHXXgtJYuQ
2619806986	01	https://00.img.avito.st/image/1/1.CNzc9rawpDXqQSY4wPIlos1WpjVsX6w_ag.jg-xX-PRhx0kLX8rp0jtL8PDIDmBcNZ84mqL30PQO5I
2619806986	02	https://00.img.avito.st/image/1/1.F74NBLawu1c7szlaL3htxxykuVe9rbNduw.cfVsMSsiF_tFRvux2uA3DuCk4Xr_MFIAPKmYxLGjbII
2619806986	03	https://00.img.avito.st/image/1/1.lKix1LawOEGHY7pMlYb10aB0OkEBfTBLBw.UDyfvp4q3zIEcrGl-f6s87YUJbWFZGrsOfCfCFYGQ7w
2619806986	04	https://00.img.avito.st/image/1/1.fktrQbaw0qJd9lCvGxQMMXrh0KLb6Nqo3Q.UGKgNjUl2TbuuSMeJ82WIgDZnyAet0LCsRAVykvPauw
2619806986	05	https://00.img.avito.st/image/1/1.N3QNGLawm507rxmQbzguDBy4mZ29sZOXuw.8LcEFwd1aSa4ZEjAWU6JlOhn5ayFxEFATBUBQZeBmRA
2619806986	06	https://00.img.avito.st/image/1/1.0ja4rrawft-OGfzSkPmyT6kOfN8IB3bVDg.YemLM0UxxUG-hqvPWGXwvfJZZplb5-8LV_BkFkD38qo
2619806986	07	https://00.img.avito.st/image/1/1.g7AKCbawL1k8vq1UABfOyhupLVm6oCdTvA.R-u1a1QkqrcrAU41NurNtsYndRH3A3F8VLe_pcfbnUU
2619806986	08	https://00.img.avito.st/image/1/1.Sx2tGraw5_SbrWX5tw9RZby65fQds-_-Gw.jE-Hevxe3rmeVji_QHA9fw-HLlEsWGoGsrpCzOboQUE
2619806986	09	https://00.img.avito.st/image/1/1.plfXfrawCr7hyYizlyyiKMbeCL5n1wK0YQ.W1AVS6Dq7KFoADIwdLdHE4o_7QuZn1294ja5rkbAxBU
2619806986	10	https://00.img.avito.st/image/1/1.Fulrc7awugBdxDgNSy9xkHrTuADb2rIK3Q.nKADobZtMcYSuNDciQOOgfULQKZ_MTeUi-luICDpFWk
2011816461	01	https://00.img.avito.st/image/1/1.M0gtH7awn6EbqB2sRzt8Mjy_naGdtpermw.Ox9BjF4ctGABBIoz2f7O7sAJSD1KIMhwsDdF9JGwoqM
2011816461	02	https://00.img.avito.st/image/1/1.WQxuzbaw9eVYenfoUNhDdH9t9-XeZP3v2A.AbVxOHt0M4bFkuHQVVVkrHcNhP-olbIzFPBT-NEwd68
2011816461	03	https://00.img.avito.st/image/1/1.n1AWkLawM7kgJ7G0JKL4KQcwMbmmOTuzoA.kUdKSAcjMGoUY3V_iS6qAq8gI5rOxeaXIM8QmXxMQxM
2011816461	04	https://00.img.avito.st/image/1/1.iDMB17awJNo3YKbXHYn0ShB3JtqxfizQtw.5fO6vOx0HzuZU9yPS1kRE8QkPWeirBgdxc4iSkWR28A
2011816461	05	https://00.img.avito.st/image/1/1.qIS2FLawBG2Ao4Zg6kqv-6e0Bm0GvQxnAA.brtx9c4v0LwcxgRBKhV2RBr9Kc-ql-DrP-heoZl7r18
2011816461	06	https://00.img.avito.st/image/1/1.rQZO3bawAe94aoPiGLeyeV99A-_-dAnl-A.qFOueIsZ4d5qJbow5tr9RGjTgT20Ve-p6AVweZJap5M
2011816461	07	https://00.img.avito.st/image/1/1.cja0fraw3t-CyVzS3B8UT6Xe3N8E19bVAg.hF95WOf7Fuk9v6xmgH28zlGbi7l_y9h8dHy1dQ79peQ
2011816461	08	https://00.img.avito.st/image/1/1.W1GgOLaw97iWj3W1mj05KLGY9bgQkf-yFg.pnipZGYakUPDp0F8JoOTVwMxK8meBRImiyV2op4JtHg
2011816461	09	https://00.img.avito.st/image/1/1.CzAAZLawp9k20yXUGkhdTxHEpdmwza_Ttg.TVeUuyKADDKfGz7E3bBiiBrudcHR73-dvudl1pyCS-Y
2011816461	10	https://00.img.avito.st/image/1/1.MdLYRLawnTvu8x82tlglqsnknzto7ZUxbg.sJfdeeqXkyThnC2AxqVa1jj8hOE8zg1yq-u962nvOBU
2491261232	01	https://00.img.avito.st/image/1/1.GKdBybawtE53fjZDfdE22VBptk7xYLxE9w.YKm7OVIQTXXPO7iR8FC252ALQZRr9J3GpWfY1miqkAI
2491261232	02	https://00.img.avito.st/image/1/1.qISV1LawBG2jY4Zgybar-4R0Bm0lfQxnIw.aVGZsjCqOr3uMPbtigT3BJP_6rQ2qAzNExeFqVqQASE
2491261232	03	https://00.img.avito.st/image/1/1.774N2rawQ1c7bcFaX6XtwRx6QVe9c0tduw.TnjjQqvd85GcokTUF4kgxSn4XvG-vwWJo7Y14hAbcfI
2491261232	04	https://00.img.avito.st/image/1/1.fl9rH7aw0rZdqFC7Gxp8IHq_0Lbbttq83Q.pU6g0tQGHFyYjkO8e9IgrkGnSkaYulYq51cHiouZ3no
2491261232	05	https://00.img.avito.st/image/1/1.PjYKPLawkt88ixDSehQ9SRuckN-6lZrVvA.Bg2yJ0fIYktL5uu0wr49lvGcNbpe6K-BrxUn7qiRbp0
2491261232	06	https://00.img.avito.st/image/1/1.t1AWOLawG7kgj5m0dFrSKQeYGbmmkROzoA.f3SKn8ZL_Cr8yN53GLk19YCZeYLYyOtDYNKaYRD17RY
2491261232	07	https://00.img.avito.st/image/1/1.0QPezbawferoev_n8Nqwes9tf-puZHXgaA.rcSHiqtziZ9Z5uF3cH74ciIQxFD6GBnSOcBgx08zn7s
2491261232	08	https://00.img.avito.st/image/1/1.VBeR1baw-P6nYnrztaRLaIB1-v4hfPD0Jw.M0S-oe80XQK6OvIdEOENfc1BXP-o5OWpu6Lhnzbd2Lw
2491261232	09	https://00.img.avito.st/image/1/1.Lf1wTLawgRRG-wMZJnhch2HsgxTA5Ykexg.qFwvcx5pkf1waGq9CRc6f6-jLcTs4qPaSVN-jDU8_-I
2491261232	10	https://00.img.avito.st/image/1/1.KHpB0LawhJN3ZwaeHZg9AlBwhpPxeYyZ9w.2cO_dr66uK70AgH1dK2huotpe0b2FDHI1WAiJzuzl0w
2363210801	01	https://00.img.avito.st/image/1/1.nQUvhbawMewZMrPhGcPjfD4lM-yfLDnmmQ.L19GurfcvZDQ2b_mXGWzgioCfi_S1RQIpBZRZ7PQoQs
2363210801	02	https://00.img.avito.st/image/1/1.eoZrvraw1m9dCVRiE7MT_3oe1G_bF95l3Q.dFKiCUQvbRPWQYMNWwbvhToBlVUrvSL1VdXD9o5h52Q
2363210801	03	https://00.img.avito.st/image/1/1.wzyNFbawb9W7ou3YhyaRQ5y1bdU9vGffOw.B2dy49lPg1b1oqjOvPlW7OR1WyXUZvlo0JR4uuTMzYQ
2363210801	04	https://00.img.avito.st/image/1/1.9uVrCrawWgxdvdgBC2XZm3qqWAzbo1IG3Q.NW-97FMXb76JMGKjeJDXXdjItUxGjj7FiRSdJpYvgsA
2363210801	05	https://00.img.avito.st/image/1/1.wCGBzLawbMi3e-7FjbveXpBsbsgxZWTCNw.peL3vXHMEA0ZyOhMKLbd2_SR0WGEueZ-MGc0Bv3q6Eg
2363210801	06	https://00.img.avito.st/image/1/1.vV1Y3LawEbRua5O5LtKlJUl8E7TodRm-7g.bEGYx4m2laaKvLuwbCxq4AbxQb-R7trYwWby_MvmsdI
2363210801	07	https://00.img.avito.st/image/1/1.wuorfrawbgMdyewOI02lkzrebAOb12YJnQ.QayuIKPOJFwd7zi3edbgW1SAiFgRlt-mLjFpAjvP-YY
2363210801	08	https://00.img.avito.st/image/1/1.BQZYVbawqe9u4iviXnkMeUn1q-_o_KHl7g.k1d3HLFL_V5u860w7zG_zHfU9AAFOUiUrTehjN9Kv2g
2971273101	01	https://00.img.avito.st/image/1/1.QBzbDLaw7PXtu2741yUSY8qs7vVrpeT_bQ.9jvt4aGG4v5kaoJt9hvaW8xL7i41uFsr0TBGca3puhE
2971273101	02	https://00.img.avito.st/image/1/1.Oja_Xrawlt-J6RTSx3ZZT67-lN8P957VCQ.3XA4bg9zAuVIgxAGneB0Kcms0g2oQO9tAwFYlNVXyCw
2971273101	03	https://00.img.avito.st/image/1/1.Rw4NPbaw6-c7imnqDyBbdhyd6ee9lOPtuw.tTIOCYg3PcOL9mDoYh518DjtLLVXhguHAl8Jm7DRKHQ
2971273101	04	https://00.img.avito.st/image/1/1.yQPJTbawZer_-ufn12apetjtZ-p55G3gfw.fbv5Ock2FEXFVgTjs9kYJYX4GwlcphIOakRvCf3YFi4
2971273101	05	https://00.img.avito.st/image/1/1.VkLbfraw-qvtyXim-x96PMre-Ktr1_KhbQ.k-EJzpX0GRnPcf9ui2C2Zz0c3E4v8if3Tmz6fskD7bM
2971273101	06	https://00.img.avito.st/image/1/1._5OVGLawU3qjr9F35wv47IS4UXolsVtwIw.pWY5cSkcbfAEr8Pb3rqPdVl30tpGbWnU6AZKRk8nctc
2971273101	07	https://00.img.avito.st/image/1/1.5QSctbawSe2qAsvg2uqofo0VS-0sHEHnKg.iOo_5IgRWDVWFpQetrkLJYffpznwgTeyqrS77B15YGw
2971273101	08	https://00.img.avito.st/image/1/1.JjJrc7awittdxAjWK0NHS3rTiNvb2oLR3Q.qqym6AIPurF40tf2ilMfngIv-VrQ2_FmeQ6jC66cYUc
2971273101	09	https://00.img.avito.st/image/1/1.65AKGLawR3k8r8V0UCOi6hu4RXm6sU9zvA.pNfW8yTs2UUa_PQNM3kmkkWEJL-Fdr2ReHNJCTrpsdo
2971273101	10	https://00.img.avito.st/image/1/1.Rj5rH7aw6tddqGjaax5HQXq_6NfbtuLd3Q.iqpQ45ogoH8LQSTILNz4uVcvwc2xrFXy61KVeOAQDLo
3674987705	01	https://00.img.avito.st/image/1/1.IzABTbawj9k3-g3US0E_TxDtjdmx5IfTtw.zTj6zyQmmSO1oHk3jf8fQPYdGCJPKgMAxqbq6zfAbiA
3674987705	02	https://00.img.avito.st/image/1/1.3EzBm7awcKX3LPKo9ejKNNA7cqVxMnivdw.xOoTGzvrS3eI8-PTO5u1T9xUc4X4PdURM270UaAJR7A
3674987705	03	https://00.img.avito.st/image/1/1.5Jwg_LawSHUWS8p4ZPev5jFcSnWQVUB_lg.rZabM3wxpXiW1bW32U-yvwdkiy-msqomonQtP2zQWuM
3674987705	04	https://00.img.avito.st/image/1/1.iIUBybawJGw3fqZhHfei-xBpJmyxYCxmtw.MVf-Ho7iaLONqqw81QA4FouGLGRdZZzPMyNFf7InRlA
3674987705	05	https://00.img.avito.st/image/1/1.XjYK9Law8t88Q3DSOv1bSRtU8N-6XfrVvA.Y03MA9scexjCS9S7fyeaZmKB0RlLaise9F2ljRxUAe0
3674987705	06	https://00.img.avito.st/image/1/1.GWhYSrawtYFu_TeMZgJmEUnqt4Ho472L7g.80LMYDQqyApECa9OJCGLfPuqNCdv44qHRoUUCRagotM
3674987705	07	https://00.img.avito.st/image/1/1.-MwB17awVCU3YNYoffibtRB3ViWxflwvtw.BQ27N7eYiHj4m1WZ8z0o3bBFmjjCxzSBW7_5tHte4oc
3674987705	08	https://00.img.avito.st/image/1/1.oKkBybawDEA3fo5NTbeP1xBpDkCxYARKtw.iZBdhupRdMVnt5QOOYDv-PCHn8Lwe7anpQRa4aQ1sNE
3674987705	09	https://00.img.avito.st/image/1/1.9EDAULawWKn259qkpC_0P9HwWqlw-VCjdg.htOK8pyG0i_XEd0uQrUH_PxtZvvGrmeaRVKUEebidro
3674987705	10	https://00.img.avito.st/image/1/1.VcVoTLaw-Sxe-3shTnUcv3ns-yzY5fEm3g.QNMgaSz8AgOgCf-iBlb_jMzanCQJkxbscrchGW0JZgc
2203868553	01	https://00.img.avito.st/image/1/1.P1AoaLawk7ke3xG0WigjKDnIkbmYwZuzng.B3ee6Z08OmcXlqGS16AHG7JOnpwJtS60khEjKHavsF8
2203868553	02	https://00.img.avito.st/image/1/1.AQINzbawres7ei_mA8F9exxtr-u9ZKXhuw.To_kIOCbt51fk0bSAZaCoM4a78eM_yWXrjhrWVjpaB4
2203868553	03	https://00.img.avito.st/image/1/1.sja_vrawHt-JCZzS16zRT64eHN8PFxbVCQ.qn58P-HCbMs1DY4lQOcnLKWPyq2tRA15snmFiBX9nqs
2203868553	04	https://00.img.avito.st/image/1/1.2Fzc4rawdLXqVfa44K33Is1CdrVsS3y_ag.HGKzI-33b648Hygf9cV3sOiaY3JGsQy_oSNwGWUSw5o
2203868553	05	https://00.img.avito.st/image/1/1.s1wi2LawH7UUb524SIKxIzN4HbWScRe_lA.Z_gKhKI_eiGbB881VeCQaS3ji0XuZvBszY540Li2aqc
2203868553	06	https://00.img.avito.st/image/1/1.y1cTmLawZ74lL-WzCeuFLQI4Zb6jMW-0pQ.CCo2HDNF1RNpo7BL7d924orTtKsqVb86RuF9bt7F-6o
2203868553	07	https://00.img.avito.st/image/1/1.x5JXGLawa3thr-l2VQ_H7Ua4aXvnsWNx4Q.JEcKMbzXbc_oMmzImWPYamzHy_zLpzx_84sRsJhRiqU
4122928048	01	https://00.img.avito.st/image/1/1.E1qF37awv7OzaD2-r58rZ95-vbM1dre5Mw.-58WK4ndArvPdsiny9-Pt9HAGCcLDGWzgRKsca1bmu0
4122928048	02	https://00.img.avito.st/image/1/1.x0gNGLawa6E7r-msDzuuMRy4aaG9sWOruw.1pTc-XTxI2NBqgPwF_Gi2MoglQqqNVV0qJR6-mQS56c
4122928048	03	https://00.img.avito.st/image/1/1.y1ceeLawZ74oz-WzBDeGLQ_YZb6u0W-0qA.URCpyfWF2RSqx-k5WYeT4ZvcuT3h4b1jGhRbkPbfbuY
4122928048	04	https://00.img.avito.st/image/1/1.tQXL1bawGez9Ypvhrbuvfdp1G-x7fBHmfQ.2kBK-fax5wCv1H8t8rApDWErGJHHF9uBNGomyUzPcL4
4122928048	05	https://00.img.avito.st/image/1/1.lcMwTLawOSoG-7snFlrauSHsOyqA5TEghg.pInWxAU3AFvLrcjZNr4t-eA766XafttNgO1dhqezFyw
4122928048	06	https://00.img.avito.st/image/1/1.WQwdTbaw9eUr-nfoI0REdAzt9-Wt5P3vqw.tH1WKO-NKPDhsMJFqYt3T_VI9hmzJU15l6uQSRl5XHw
4122928048	07	https://00.img.avito.st/image/1/1.ARr-TbawrfPI-i_-8F1yYO_tr_NO5KX5SA.tX9lPN9H5mDSNAfr_tYBOce29agNpUFA2obFspQC388
4122928048	08	https://00.img.avito.st/image/1/1.3SVY0rawccxuZfPBbuHLXUlyc8zoe3nG7g.Iig0cBzIZGyLhDW12nDUV5Raxse6pOImLc5KjINuuec
4122928048	09	https://00.img.avito.st/image/1/1.WjXjzraw9tzVeXTR28MXT_Ju9NxTZ_7WVQ.C1ec8ayGwacY2CtIyUbYEFqsRD2aobRBE2V8CKKccHA
4122928048	10	https://00.img.avito.st/image/1/1._y4TGLawU8clr9HKYQeOVAK4UcejsVvNpQ.itWV1I6PFE2UsJ57a9PWfNA08UKtsC3pYug1WsCTsdA
7866507897	01	https://00.img.avito.st/image/1/1.MIMB2rawnGo3bR5nbYZ6-RB6nmqxc5Rgtw.q9j_JAL_hl9M9uJ4UAY2r9cwe0R5HZhhLJztycOgIrA
7866507897	02	https://00.img.avito.st/image/1/1.BJ1KNLawqHR8gyp5TnQa4luUqnT6naB-_A.6oMLZHIaKWy33ZTCaq1SPfq5AcSUCSvs7Y-t2YUbvxA
7866507897	03	https://00.img.avito.st/image/1/1.73gNPLawQ5E7i8GcX0_2ABycQZG9lUubuw.ct_m4sGbiPf7PcT97Wl-EOMJjx52xnfM-M0kM4Cy1Ck
7866507897	04	https://00.img.avito.st/image/1/1.r1AveLawA7kZz4G0fRqvKD7YAbmf0QuzmQ.6mKQBeDE8Z9SPtjxN7LyoluMFSt2FkKB3usH7vdZQhU
7866507897	05	https://00.img.avito.st/image/1/1.R14N8baw67c7Rmm6D8xqIBxR6be9WOO9uw.eZVJePEvxuIuXnZgGZqa3RFghO4vggBztMjaZ7bqgWc
7866507897	06	https://00.img.avito.st/image/1/1.gQVesLawLexoB6_hUPrnfE8QL-zuGSXm6A.I3fDfpmaiKCzNMl9hdlbFqJOZJgi1KgbiOZZxKxgSvk
7866507897	07	https://00.img.avito.st/image/1/1.AJ-XlLawrHahIy57m9Bj5oY0rnYnPaR8IQ.Y48L8MPcWtMjhot7U4j4U00csLjk9CXKPzmao4NVSOI
7866507897	08	https://00.img.avito.st/image/1/1.9XVY2bawWZxubtuRPsLoDUl5W5zocFGW7g.D83fuD71wPWxMKBUCfVdKAr9r3jCxKmCTMLvR8uvdTg
7866507897	09	https://00.img.avito.st/image/1/1.YNxB17awzDV3YE44Df4BpVB3zjXxfsQ_9w.XYkHY9R1TaIZ8ZzYXOnqwyH343TxhazDINMtUGqNevs
7866507897	10	https://00.img.avito.st/image/1/1.hc1bELawKSRtp6spXVbRskqwKyTruSEu7Q.g-Q5d8QrEGO1AQEsQ5UpQu77g09_MziV65dlHSpWSkM
4283460670	01	https://00.img.avito.st/image/1/1.-4XNGbawV2z7rtVhtwKH_Ny5VWx9sF9mew.3q44qKRBtuwDJpSQDodsK70vTvnUC_f57DVI8Myst5s
4283460670	02	https://00.img.avito.st/image/1/1.ZDHd1bawyNjrYkrVmeg3Tsx1ythtfMDSaw.gGK70sz_mavK56qjVd_OREUluelD8D3xwBObGlATKtg
4283460670	03	https://00.img.avito.st/image/1/1.eYVfMLaw1Wxph1dhIX0H_E6Q12zvmd1m6Q.LasaEuNADCry3UCR6h5XCVcKUIYmwoOFgoWL84W1SdM
4283460670	04	https://00.img.avito.st/image/1/1.x0s5GLawa6IPr-mvO1OiMii4aaKJsWOojw.xpajmMTEB-BnpjzATHJCNo-BC39Bveo51tOxuxE6jBc
4283460670	05	https://00.img.avito.st/image/1/1.yjdVvrawZt5jCeTTTa3cT0QeZN7lF27U4w.B8Cajn8D6sTRxMTNqd2gipEWKDLcMWmNgPEhlVo9ED4
4283460670	06	https://00.img.avito.st/image/1/1.EkZtY7awvq9b1DyiRR8VOXzDvK_dyral2w.nfcwQdHcfBkaoUtPhnHpcNQ7Z8QLXH3UaM428XIlKjM
4283460670	07	https://00.img.avito.st/image/1/1.6QViD7awRexUuMfhPDzEe3OvR-zSpk3m1A.mQ15BJLhfATYWV-R8ppWsPdx-E51dDay7yqpFxwxqgA
4283460670	08	https://00.img.avito.st/image/1/1.VyPDGLaw-8r1r3nH4SURWdK4-cpzsfPAdQ.6uRRysBHSRuXaF_Zdlj79jFy4gWAzKmm-EdkYulhLX8
4283460670	09	https://00.img.avito.st/image/1/1.sQIITbawHes--p_mZm_NexntH-u45BXhvg.9Cy8qtARtUSCbFBv5FPTH7-m4dYUWKRX3trcCZqPX44
4283460670	10	https://00.img.avito.st/image/1/1.oDwB17awDNU3YI7YTfndRRB3DtWxfgTftw.V-gPxXl6YbmlRtELuubxSjF2eA7fn0ysq006GjiIVPo
2043220184	01	https://00.img.avito.st/image/1/1.99ANaLawWzk739k0b0u8qhzIWTm9wVMzuw.cL3MwGTEy-jCPhvAsme4vlIaYNwNKI1UvYIZ79VaiTs
2043220184	02	https://00.img.avito.st/image/1/1.q1cy2LawB74Eb4WzaILtLSN4Bb6CcQ-0hA.TmAD6haQ5IySrP44AXFNW6ACh56rGy_Yhj9n10WZoS0
2043220184	03	https://00.img.avito.st/image/1/1.rLDCurawAFn0DYJUlvSj-aIbAllyEwhTdA.qntIPMihGYM4ulhJKh25sSEeei79u0TXQp9dIbd5Tzg
7866706009	01	https://00.img.avito.st/image/1/1.1QUyjbaweewEOvvhFM62fCMte-yCJHHmhA.HHAFV_VSl2whWsKz49M0OJc7qPJcXx3Rqx8At8P427U
7866706009	02	https://00.img.avito.st/image/1/1.Q7ABMraw71k3hW1UC09AzxCS7Vmxm-dTtw.Av-hXm2P7uAYNA_pp4EAbZi9Lww38I_Us0UdvPv4Tyg
7866706009	03	https://00.img.avito.st/image/1/1.XQYHNbaw8e8xgnPiMSgLeRaV8--3nPnlsQ.0mw7EyGiXgdBvAjjC2nsYEDi-U__0sfaaqp-svslynQ
7866706009	04	https://00.img.avito.st/image/1/1.bjZlurawwt9TDUDSNYsRT3QawN_VE8rV0w.cPI8-R2ZkcB8wLDqrM-sWC0gXSLlj0om2brrAU4Cn38
7866706009	05	https://00.img.avito.st/image/1/1.cIYyVLaw3G8E415iXk0n-SP03m-C_dRlhA.OZwGwmUKq7prIhj-ZQ0ZqKB16kgUekoNwUIKB0Uc030
7866706009	06	https://00.img.avito.st/image/1/1.U1VNFLaw_7x7o32xZx1bKly0_bz9vfe2-w.s4ZyVIwTpx4IZxiRiyYZXfGQZTOhjJA4folm_sdEaAY
7866706009	07	https://00.img.avito.st/image/1/1.CQVEI7awpexylCfhWnNGf1WDp-z0iq3m8g.JgsU2n5ad13SOK1Qv-ovqLW-5O40MjYN8dcb41yoRPo
7866706009	08	https://00.img.avito.st/image/1/1.EFzZpbawvLXvEj649ZkXI8gFvrVpDLS_bw.w-DO62YLif5H7brYT4O-YOoU5LFt_-1OD_ieYa1dpR8
7866706009	09	https://00.img.avito.st/image/1/1.I3ADhrawj5k1MQ2USeINDhImjZmzL4eTtQ.gNAAWHSpppSDuxiT-1Db8jI5PKbQcNHmw-2pXeP_T5w
7866706009	10	https://00.img.avito.st/image/1/1.K2FtFLawh4hbowWFNxguHny0hYjdvY-C2w.PqDCp3FD7yHfMsbvjA1fj_w4GXpo7vJN7Qip2JrOiBM
2939475774	01	https://00.img.avito.st/image/1/1.p005GLawC6QPr4mpe1LaNCi4CaSJsQOujw.LyeNo0sQpXkpk6TCC5wnu1WxQg1tN6zVkekoheOlEkM
2939475774	02	https://00.img.avito.st/image/1/1.tQXOzbawGez4epvhqK-qfd9tG-x-ZBHmeA.MQmMSll3T1Gdf32VVVtBy241gqjrtCZpmEOGjP-ZDYg
2939475774	03	https://00.img.avito.st/image/1/1.DfVbWrawoRxt7SMRTQITikr6oxzr86kW7Q.AMZl9tYVedH6iJWpVvqK2xCFIleQjK8Itl-HjpH2D6E
2939475774	04	https://00.img.avito.st/image/1/1.D1gNArawo7E7tSG8HzJuIRyiobG9q6u7uw.82fiM_YN88jtMtpCccIcXuB0fi5tyHGJnrEddGWftH0
2939475774	05	https://00.img.avito.st/image/1/1.7PzBnbawQBX3KsIYld73hNA9QhVxNEgfdw.NQSFT_g2nC101VSndtQnNy0x1vTdsJWMQGBn9IhD1VY
2939475774	06	https://00.img.avito.st/image/1/1.kLmUqrawPFCiHb5duNzdn88LPlAkAzRaIg.G6VAEAY3WvGaJuQQPXpkKoJgxzf5lIggfeqXT5WMxpc
2939475774	07	https://00.img.avito.st/image/1/1.ggZqXbawLu9c6qziYjOafnv9LO_a9Cbl3A.CZa5IX9O-XafOMKz1xuB29jUM9Skw_DmsYC0tSTD1Rk
2939475774	08	https://00.img.avito.st/image/1/1.wdzYS7awbTXu_O841iSlpcnrbzVo4mU_bg.im4sulUrr8IgKQCVeW5I-N7AdD15Vt-ThPMD6mLmx8g
2939475774	09	https://00.img.avito.st/image/1/1.oJkB2rawDHA3bY59TaTp4xB6DnCxcwR6tw.qz2SR7eirr-x8rCkeZuc0tkddv6ggAofxUMhyNX8WeA
2939475774	10	https://00.img.avito.st/image/1/1.HlTIfrawsr3-yTCw-FICK9nesL1417q3fg.tHYrtl_ypMZA6O55quuBGLpyexSjtk9Yh566RKSAsp4
3898845685	01	https://00.img.avito.st/image/1/1.MG3BzrawnIT3eR6Jrf5nEtBunoRxZ5SOdw.k35pANgd9jQ0qqkaLhpVKDieWUiLR25PxlLLGVJAyOk
3898845685	02	https://00.img.avito.st/image/1/1.DoFrRrawomhd8SBlezpC-3rmoGjb76pi3Q.PnLAFLmtj3K4rRlsD0ERoyVggUrlp0S5lPqOwwc48UA
3898845685	03	https://00.img.avito.st/image/1/1.NcaQTLawmS-m-xsi9gh_vIHsmy8g5ZElJg.bC3T23q_q5C82UTXHFWQBipJuePTZp4yFVmHEP-pjvU
3898845685	04	https://00.img.avito.st/image/1/1.mJ-_VLawNHaJ47Z7gx7-5q70NnYP_Tx8CQ.3u7gBFFBk6C-pDxqw2ArjDIoYWNNDooeW7p7H6a64Y8
3898845685	05	https://00.img.avito.st/image/1/1.YXlYfLawzZBuy0-dFj1_Bkncz5Do1cWa7g.ssCSvKErArspmUBJEBU27JugsJRZhBga4F4iMgdgFzI
3898845685	06	https://00.img.avito.st/image/1/1.0QwfTbawfeUp-v_oMVbMdA7tf-Wv5HXvqQ.BTfHehYztNSaTNxBfWtBeGK5v0N6ShA5m35MwHov6YE
3898845685	07	https://00.img.avito.st/image/1/1.nJ0SyLawMHQkf7J5Jvaz4wNoMnSiYTh-pA.qpxyX9rZHpNf3R6_mzlGj8wt7eX46P5MdME8B12FY7s
3898845685	08	https://00.img.avito.st/image/1/1.fyoNabaw08M73lHOfzwzUBzJ0cO9wNvJuw.u_GSQBt7RcOMwUMSeYLGB9cEDfMO3_yBOabU0T_f3ko
3898845685	09	https://00.img.avito.st/image/1/1.D8oN2rawoyM7bSEuH84MtRx6oSO9c6spuw.uElVyE2327_vEdH5qwfyOIwyuyKf5TNKXSTPOvQLgGM
3898845685	10	https://00.img.avito.st/image/1/1.3dVYLLawcTxum_Mxbme1rEmMczzohXk27g.NlwaolScvst6uELMoWs0b2dKu3kFvRnoDiIquV99tjc
3962830656	01	https://00.img.avito.st/image/1/1.1J0QlLaweHQmI_p5NPf_4wE0enSgPXB-pg.Qs7kpqyYZv2WK9JVmOuh_n6JATAzA1POVZ4bp4sJZEA
3962830656	02	https://00.img.avito.st/image/1/1.dJz6pLaw2HXME1p4nvUL5esE2nVKDdB_TA.qEJQk1oKRT6dVf5JQbIyXQpmESsq6DXO9iFNTzfC-FQ
3962830656	03	https://00.img.avito.st/image/1/1.mISH1LawNG2xY7Zgu5aZ-5Z0Nm03fTxnMQ.e2IEq4BPmvaONSWi9ttoDcRsN83pBGmDmI0CJKwLHUU
3962830656	04	https://00.img.avito.st/image/1/1.qjdCfrawBt50yYTTGhy3T1PeBN7y1w7U9A.q5PSuXbp9eaphKn5SRaMlA5hgEewNYF6T4aTo4K-u0A
3962830656	05	https://00.img.avito.st/image/1/1.LE9Z1bawgKZvYgKrDe0CMUh1gqbpfIis7w.RW3VWscJpGmxEZsF8WU_Q4lefVSLsVJmN5qh5eM7Wdo
3962830656	06	https://00.img.avito.st/image/1/1.E3ADirawv5k1PT2UKe4-DhIqvZmzI7eTtQ.iFudX4mUL2io-IMucVzWoZSiEaU0QZonUdDTunxtt4M
3962830656	07	https://00.img.avito.st/image/1/1.KrUrfbawhlwdygRRcw1izzrdhFyb1I5WnQ.8kLiRPRp4vhB8o53OEZoLIvEuoXTez61IuLWaqiGPMw
3962830656	08	https://00.img.avito.st/image/1/1.JCjAXbawiMH26grMhEk-V9H9isFw9IDLdg.OWP6EnwgM1NSF3-pQ6f8sbKs_kePrnW4EKkr8To2lQY
3962830656	09	https://00.img.avito.st/image/1/1.Db1bQ7awoVRt9CNZTT8Kwkrjo1Tr6qle7Q.2l-H9Y5HJEYSKsp84PIL4pmc69KJVKkPL0wxSbGA64g
3962830656	10	https://00.img.avito.st/image/1/1.CYViLrawpWxUmSdhfBIm-3OOp2zSh61m1A.YiJdRHfF6gYL-3g7NFobm0Ld9-ZqQqeSmtEqodazWwA
7578586216	01	https://00.img.avito.st/image/1/1.Mg7rf7awnufdyBzqg38ndvrfnOdb1pbtXQ.-zseUR6sX1exZIG5Rf09pkNFfCP5_UIImglhvC3hna0
7578586216	02	https://00.img.avito.st/image/1/1.WjXnTraw9tzR-XTR32MVT_bu9NxX5_7WUQ.vUUaTl7GJoWCruiVs6VfBW-WEvC6pbDwa9iI_EvOiYU
7578586216	03	https://00.img.avito.st/image/1/1.3pJrFbawcntdovB2WyaK7Xq1cHvbvHpx3Q.HeE3oIzMmWzykf4UOCafu90ABBjHbf7Qupsq8N0KTcU
7578586216	04	https://00.img.avito.st/image/1/1.koxLeLawPmV9z7xoY1LG81rYPGX70TZv_Q.WF_Fbdo6YmCFUF-HW8TxJF0yejBVhU1VVPeqk-waSrE
7578586216	05	https://00.img.avito.st/image/1/1.QxAAa7aw7_k23G30CiIWbxHL7fmwwufztg.CES8_wsYSuptZOXWkpug6eR_YE5JGkwT0O2PbwM1u8U
7578586216	06	https://00.img.avito.st/image/1/1.HKhF1LawsEFzYzJMcfB80VR0skH1fbhL8w.db2aYJiFVXyJW88rdjKUQrKa5P9FO3hZCKIbBagMvlU
7578586216	07	https://00.img.avito.st/image/1/1.gvZtx7awLh9bcKwSZZXXiXxnLB_dbiYV2w.FC017Irf9OL5RptSz_hnvCtU1YFAA-BB8sJ9BWoYgfk
7578586216	08	https://00.img.avito.st/image/1/1.mISIlLawNG2-I7ZgtKKY-5k0Nm04PTxnPg.ERP-DIhRQ_NqVo2vrTaR9JLbg0in8jLrfQx91a167z0
7578586216	09	https://00.img.avito.st/image/1/1.WJLb1Law9HvtY3Z259US6Mp09ntrffxxbQ.-RE4RE1SjW00_xBAQsDCuN9JNT-Kt0lksn9LaVxyiVc
4187123140	01	https://00.img.avito.st/image/1/1.0jdVnrawft5jKfzTfYXET0Q-fN7lN3bU4w.SH5uLNCTBgBuzBk6s2uTEu6aq_Z-LDMQQDnfH_5aNqA
4187123140	02	https://00.img.avito.st/image/1/1.eQVRnbaw1exnKlfhL7xtfUA91-zhNN3m5w.JVrblD7qMDSNFcbHHV6UnNWZGnRh4ndggUVX064SCm8
4187123140	03	https://00.img.avito.st/image/1/1.MQNYRLawnepu8x_nNlQoe0nkn-ro7ZXg7g.AXxkoxux-0eQOnBcVkO19Azqg3OrupArCAX_TTjpEpY
4187123140	04	https://00.img.avito.st/image/1/1.ajdZ_rawxt5vSUTTAf96T0hexN7pV87U7w.O131b1MY9TikQsT4PldW-jKrOpFfWNbIAhJT2QDIZS8
4187123140	05	https://00.img.avito.st/image/1/1.BQXLdbawqez9wivhzUkffdrVq-x73KHmfQ.Itu6ObnekSVFrIH8F_GKm39SuK02bIPwPYCm1lUmDfY
4187123140	06	https://00.img.avito.st/image/1/1.DkRrCrawoq1dvSCge2IkOnqqoK3bo6qn3Q.E_sr0ZAVn6WcHZCSVDJ8eQYcaJ_LtqY7uimqwzL-3ZY
4187123140	07	https://00.img.avito.st/image/1/1.kAiB17awPOG3YL7srbHrcZB3PuExfjTrNw.556amLq3-gCaSPfcdMkSfjDkEFlq8y35Hfo5UAVKzn8
4187123140	08	https://00.img.avito.st/image/1/1.W16JOLaw97e_j3W6sx1zIJiY9bc5kf-9Pw.T5ufE3sS5jRj8FcYs0Vorf-SngteiWqh5XFmCMixWTQ
4187123140	09	https://00.img.avito.st/image/1/1.JGTB4rawiI33VQqAhbpAHdBCio1xS4CHdw.CSszE6Ujs-AcSSGnGWfyo_leZmbI7xESRnW0cpQudw4
8089923541	01	https://00.img.avito.st/image/1/1.UgDrf7aw_undyHzkw35AePrf_Olb1vbjXQ.Baw8RzsoA2PilNlYzqQT_zuFeQ7_809uUvPBCz-YIHA
8089923541	02	https://00.img.avito.st/image/1/1.Ja1Y0LawiURuZwtJHqQx1Ulwi0ToeYFO7g.30Kswm982pxcBo9WdV1qFCcU7gOJ-yT8GCS7uTZFwME
8089923541	03	https://00.img.avito.st/image/1/1.rQShPbawAe2XioPg9yfdfrCdA-0RlAnnFw.l1CqdlXnKfz34C_M7DzlL_XQhf4K8Oz71K6VLZ4PgVQ
8089923541	04	https://00.img.avito.st/image/1/1.OjEjjrawltgVORTVW5IXTzIulNiTJ57SlQ.jgjiknp7pgdEhqvTyJT7RURjdJwOcLQnNynx5ijPez4
8089923541	05	https://00.img.avito.st/image/1/1.O1GzGLawl7iFrxW1yXhdKKK4lbgDsZ-yBQ.mcUVeERmcOvYa8qUBOxjeQH0BaEe3RoCe2ItYqBUv38
8089923541	06	https://00.img.avito.st/image/1/1.tQb9jbawGe_LOpvim8-ZeOwtG-9NJBHlSw.1F3oeUzhn1cUFtkhqkJEPmVZP25wL-u71eVMyPOXO7c
8089923541	07	https://00.img.avito.st/image/1/1.UEXBzraw_Kz3eX6h7f8COtBu_qxxZ_Smdw.7jZ1fN_JBbktjwRpbgDzFnrOd2r2G-Ht2DltuhR-VTk
8089923541	08	https://00.img.avito.st/image/1/1.s1fs-LawH77aT52zhubCLf1YHb5cURe0Wg.BGmq-BqBhsa4rUw1vNt9nn4Y0zYPRCeXTd-egPbMIVI
8089923541	09	https://00.img.avito.st/image/1/1.mQwrzbawNeUderfoFfOHdDptN-WbZD3vnQ.L2phXgO_-A_oTTSyA17qqdDB1anuSi9Bje5Hp9GVZZw
8089923541	10	https://00.img.avito.st/image/1/1.uNzFK7awFDXznJY4uX2upNSLFjV1ghw_cw.Sjqx9P4aTDa24HUJlKxH7EWjPIFDM3MCUCcPT2sEGgQ
7578316631	01	https://00.img.avito.st/image/1/1.oKBBybawDEl3fo5EDaOO3lBpDknxYARD9w.YtRLUhr3pBO-at4iuOCBINGu8pwCShVwLzY28IbOA6E
7578316631	02	https://00.img.avito.st/image/1/1.3ZVZg7awcXxvNPNxb-ia70gjc3zpKnl27w.Ch6-6KKkEEzcKLFqjzidzCoFtnnycucg4e_tV2H5xbo
7578316631	03	https://00.img.avito.st/image/1/1.GrobfbawtlMtyjReI0FVwArdtFOr1L5ZrQ.AUvc1YcwLGjnhjIdtkC9UnFcDlmXTZ04DTgF2thcPS0
7578316631	04	https://00.img.avito.st/image/1/1.bjZ4A7awwt9OtEDSKFZ8TmmjwN_IqsrVzg.-QSzKlH3VjnB3Ht3qWru4AM_sVO6wCUPQftHuStLAPA
7578316631	05	https://00.img.avito.st/image/1/1.h9wN27awKzU7bKk4D-GAoxx7KTW9ciM_uw.AczDu3HgsYIekirPhhFVKBZUnJtp-sfrYwD4ADUYlJA
7578316631	06	https://00.img.avito.st/image/1/1.P1AXlLawk7khIxG0ZaxcKQY0kbmnPZuzoQ.G7fgFPzAeF1w_G_uIhzdWV0Fy65FpfEkS9mPEG6OaSQ
7578316631	07	https://00.img.avito.st/image/1/1.hnZrCrawKp9dvaiSayitCHqqKJ_boyKV3Q.F10nSkFHpjjY31WlOp7Q7kpkdFzbLRgBoBhUajokYi8
7578316631	08	https://00.img.avito.st/image/1/1.hVVY1rawKbxuYauxXtyXLUl2K7zofyG27g.-HgXmBM7YvRHPwDGvDaFDlZYGU7gMaTpS3FP3M72v8k
3995295177	01	https://00.img.avito.st/image/1/1.YcNYUrawzSpu5U8nFkMUuUnyzyro-8Ug7g.4XwPf72TJvwDYAVDCy5Na8YhrjP6NAzo-GZYjfzwHbw
3995295177	02	https://00.img.avito.st/image/1/1.FpNrbbawunpd2jh3S1kC63rNuHrbxLJw3Q.sv99cgeVexc-aDy0Og6aXXVYVMu88JJ1W9I374-SvCw
3995295177	03	https://00.img.avito.st/image/1/1.VNj11Law-DHDY3o80cFVoOR0-jFFffA7Qw.s6v_ofrM3hkp7BlvQrrzt4rwjdsK9psAENfUndAqgJQ
3995295177	04	https://00.img.avito.st/image/1/1.EInQBrawvGDmsT5t_AYjtIunvmBgr7RqZg.cENAex6aNz7Yndx_blCzHVYYYEmrUOdK5XdEpNPvLVU
3995295177	05	https://00.img.avito.st/image/1/1.RFWQH7aw6LymqGqxlHZaa8u-6rwgtuC2Jg.CWWJjtc_v5srVIatCNJ1Fk5FGxgUUcn37pjrI4QBoGs
3995295177	06	https://00.img.avito.st/image/1/1.IQVoR7awjexe8A_hJjcoennnj-zY7oXm3g.HWmb_L9d_xg_GL1LvgIpKIkTaJKFizMDyxxCTH4hv30
3995295177	07	https://00.img.avito.st/image/1/1.ohpLeLawDvN9z4z-A1K9ZVrYDPP70Qb5_Q.2haMGyNVX2TY9M-SKWQkqv9gV2g7xd3B1kTsr1hbel8
3995295177	08	https://00.img.avito.st/image/1/1.yRr2TbawZfPA-uf-6B66YOftZ_NG5G35QA.5mnx1ODRS1ik5mq-KUDZ0w06N0rN_ywcEXY-mXl0HIU
3995295177	09	https://00.img.avito.st/image/1/1.6NzbOrawRDXtjcY4h328o8qaRjVrk0w_bQ.OOENRDOTmp8nRtqCW8BWQR2Ds2zzGp18B8iqJjVuLBo
3995295177	10	https://00.img.avito.st/image/1/1.bjZ6dbawwt9MwkDSKnhvTmvVwN_K3MrVzA.JDcV152xDm8NZCofjoG0XWp2s7T0ASZyovXCNf3Ft4Y
7386740149	01	https://00.img.avito.st/image/1/1.VQyYTraw-eWu-Xvovg9Vc4nu--Uo5_HvLg.-47__YsrruwlVTgyGV9WgCQJ8MExV4_QAeICbjoK5do
7386740149	02	https://00.img.avito.st/image/1/1.p5NtGLawC3pbr4l3L3qj7Hy4CXrdsQNw2w.Mkdq-VpAVG59cV2E-T9Hw5KcMml-pf4bdXROYk8305s
7386740149	03	https://00.img.avito.st/image/1/1.p4dbGLawC25tr4ljGRbz-Eq4CW7rsQNk7Q.JFfUiZ9hOg_XjURjkvJFLcqn_OawPffPdTTjNbckpm4
7386740149	04	https://00.img.avito.st/image/1/1.4J-ZFLawTHavo8571TuC5oi0TnYpvUR8Lw.aN2c2R_x7aT7SFoGB8UACq_hsoaUDv5R6nDZiW-w3rs
7386740149	05	https://00.img.avito.st/image/1/1.njZ5NLawMt9Pg7DSST6FTmiUMN_JnTrVzw.JfwbkFL9mymaPruzke3KPpG2oXqytqja2Ka70VjCN-g
7386740149	06	https://00.img.avito.st/image/1/1.HDB11bawsNlDYjLUQcFMT2R1stnFfLjTww.o8X3zSwEkLRumhpIft5fZfdQtXJD9hadsoLFB5XaJBA
7386740149	07	https://00.img.avito.st/image/1/1.tjZncbawGt9RxpjSB2_fT3bRGN_X2BLV0Q.vkzFWA7RG6pHqOor-qPWUv7KJcXEcCBcDYllcr6cTho
7386740149	08	https://00.img.avito.st/image/1/1.ChZqbLawpv9c2yTyckQKbnvMpP_axa713A.uFTgsose0A0Gy-sXX2Wq4AkLTML-Z3DJQYPI9Penmj0
7386740149	09	https://00.img.avito.st/image/1/1.YUhYUbawzaFu5k-sFhgsMknxz6Ho-MWr7g.MnInqBwvQxG1c9ZV6gx4c6v0RYkQspEqeRdFGPYu1sM
7386740149	10	https://00.img.avito.st/image/1/1.5QUwHbawSewGqsvhdhaEfCG9S-yAtEHmhg.SGYp5dGQ9D1pv35ZcvmJQD95G5EKrbClTNO4azEaWRQ
8058074746	01	https://00.img.avito.st/image/1/1.35oN8bawc3M7RvF-P8bx5BxRcXO9WHt5uw.tizD9SYkXk7MfgpQ9dUr4qx-aP9GxQHuCtyfFvjkFsI
8058074746	02	https://00.img.avito.st/image/1/1.IJzPzrawjHX5eQ54g85q5t5ujnV_Z4R_eQ.qvMxV2_gDP16SLGW9ybbFJlcOCRw0gWuyC1q3anK7K8
8058074746	03	https://00.img.avito.st/image/1/1.piQQfrawCs0myYjAUDC8XAHeCM2g1wLHpg.c9IM9e_vqfIRYg7gLkGmcGSsPrYzeIzq8Yg5yC_GFko
8058074746	04	https://00.img.avito.st/image/1/1.2FzChLawdLX0M_a4_qu7JdMkdrVyLXy_dA.Q24IyJhnbopIx9Aif6pTEQBEcYgRG65Z0BZwgjgpkAI
8058074746	05	https://00.img.avito.st/image/1/1.krmLfbawPlC9yrxdoyfcw5rdPFA71DZaPQ.aK-fFr89bZvS5iYgN4SomE39h70tFVDK-Ahtvv0oLMA
8058074746	06	https://00.img.avito.st/image/1/1.eQVeiraw1exoPVfhIJMcfE8q1-zuI93m6A.tBXxqAECkuiUJIjgWjKCFU4tdaGyMspmhNLuPA-qhrQ
8058074746	07	https://00.img.avito.st/image/1/1.mTXTTbawNdzl-rfR7TeYSsLtN9xj5D3WZQ.erfkmSbJIBBXYDb-oOM_Q9hPYxsXnSOuFNH2TAG_TPY
8058074746	08	https://00.img.avito.st/image/1/1.5Jwm5LawSHUQU8p4Yvej5jdESnWWTUB_kA.GiQh1gwp8qMHzx61Qk6wOik-8oVG-aWySz9WAbb18zc
8058074746	09	https://00.img.avito.st/image/1/1.-nAbebawVpktztSUY0bQDgrZVJmr0F6TrQ.rkj3oUYaYfj8i2w7TyEGszxeV9RgC2RkJeMElzF3VNk
8058074746	10	https://00.img.avito.st/image/1/1.a16Q2Lawx7emb0W6ysFFIIF4xbcgcc-9Jg.Vy4YMzQHyDKTddH9BlcAgCelYFxIfRC6NchIpTW4kS8
2491822305	01	https://00.img.avito.st/image/1/1.pNWB1LawCDy3Y4oxxba_rZB0CjwxfQA2Nw.OgIe2d-E_gg8MW55VUxeCiiE-30BowQ1a4jVdt8kPBc
2491822305	02	https://00.img.avito.st/image/1/1.094mcrawfzcQxf06DD3Q4H3TfTeW23c9kA.AmYtilQDfIDu8DFrlM8KSLObzsOUUNPjx6pcIY26U4Y
2491822305	03	https://00.img.avito.st/image/1/1._BgF1bawUPEzYtL8cbL8ZxR1UvG1fFj7sw.ZnFKVduDG6xo7bRUCvp8Uw2kg3RK1PJngpwI9ZL-9-Q
2491822305	04	https://00.img.avito.st/image/1/1.9lxrFbawWrVdoti4Cx6kI3q1WLXbvFK_3Q.9G4qpXsGgHTPWyHjLG_SbY7LiTLqhK-V_ReayW-o2DI
2491822305	05	https://00.img.avito.st/image/1/1.bJyJcLawwHW_x0J43XV05JjQwnU52ch_Pw.OSPoD7K7ilF_31DWrIJaE4NieybGzAlqpm7lKTtlNy8
2491822305	06	https://00.img.avito.st/image/1/1.f3wNz7aw05U7eFGYf7YqAxxv0ZW9Ztufuw.7dY0YzFxeB54eEkVve0ixgNZexX7Y-SsU7OjxErpqLw
2491822305	07	https://00.img.avito.st/image/1/1.x5QBs7awa303BOlwA4jes1oSaX2xGmN3tw.Pb7p9KvrgOXM30LIiwMQ9nC-TbWT_tTmy7besAeQ7lE
2491822305	08	https://00.img.avito.st/image/1/1.W1J32Law97tBb3W2TaFMKmZ49bvHcf-xwQ.IhOM1fny4lhDO-Wg309IDmJtUsWSqB6X78FnnfqzhD0
2491822305	09	https://00.img.avito.st/image/1/1.SIHBybaw5Gj3fmZl3bhi_9Bp5mhxYOxidw._I0rG9raon1iZohM16TJGgXbSwt872ken-w1urPqo3Q
4666806842	01	https://00.img.avito.st/image/1/1.s1wymLawH7UEL524WMq1IyM4HbWCMRe_hA.33JNw8Y6U-jb8i4m3cTRs6fhMM6W6YQk--vkfZRt8h0
4666806842	02	https://00.img.avito.st/image/1/1.JT1ZibawidRvPgvZH7VoR0gpi9TpIIHe7w.ze3R5nhimYZ4-rmBrNeLESv-o-3Hz7uL_wWF39rWae4
4666806842	03	https://00.img.avito.st/image/1/1.984NBLawWyc7s9kqbxuMtxykWSe9rVMtuw.wQGZSBZI-_DGp_sleY9JaVTElhA7_MSHgUu4VCFgCfM
4666806842	04	https://00.img.avito.st/image/1/1.EAmvTrawvOCZ-T7tg0ZKK_TvvuAf57TqGQ.IzPlmJTh8MNC4SBp0X3TTVuqL9dIVT7YtzIJDwqjd5k
4666806842	05	https://00.img.avito.st/image/1/1.cT8Qzbaw3dYmel_bfqhcQQFt39agZNXcpg.x1lBn5LWTOosKaMFRZWfQBAb62LJaF8GHGjYJ1xqyjw
4666806842	06	https://00.img.avito.st/image/1/1.qIvlAbawBGLTtoZvuW_Ft76gBmJVqAxoUw.YhxvMELAmJziMI7sM2JBBsnBdX6oxvMVkenlNeZIJ4Y
4666806842	07	https://00.img.avito.st/image/1/1.R-gNP7aw6wE7iGkMD25QkByf6QG9luMLuw.W4VurVhbR2626dScepngqItxMKTwFKuXyxyTfp3X4JQ
4666806842	08	https://00.img.avito.st/image/1/1.rjZUWLawAt9i74DSBGLeTEX4AN_k8QrV4g.vGllXSf-gXPySWkDnipXRxYFnVIBEdzyaOduBH8zJG0
2331749098	01	https://00.img.avito.st/image/1/1.2zAMsbawd9k6BvXUNr64SR0Rddm8GH_Tug.qq33ptGJ6pv-B-5rE6PbL_hhjNZptUWpr12Ca6Nco8s
2331749098	02	https://00.img.avito.st/image/1/1.wJjB2rawbHH3be58zbmJ4tB6bnFxc2R7dw.aEaxSNVG9P7d-qGrWmaEo3NCERC6vkLk83ezGLniuSQ
2331749098	03	https://00.img.avito.st/image/1/1.1QU0RbaweewC8vvhEmKwfCXle-yE7HHmgg.iMKcBYkv0RNHroPhZWORC-pEdrOWiv0pwczUdmvJzno
2331749098	04	https://00.img.avito.st/image/1/1.oxNNGrawD_p7rY33B1C6a1y6Dfr9swfw-w.P35GOOIFWdH1kwkF710bQSURSVj9V5wdRteO9dmEF1M
2331749098	05	https://00.img.avito.st/image/1/1.51Ap3LawS7kfa8m0a_f9KDh8SbmZdUOznw.xG5bOD8rE8rIz4Muv7GjD80cHblLCUOdlu2kHUfprRY
2331749098	06	https://00.img.avito.st/image/1/1.W1JGGLaw97twr3W2fFlAKle49bv2sf-x8A.tZW8946lX0mrt3GcoqqE69w8euOHb94yn0g5ZmTZyeY
2331749098	07	https://00.img.avito.st/image/1/1.FjFrFbawuthdojjVSylHTnq1uNjbvLLS3Q.5PYnp0ktTqdM4Nfoo-jrOA8KBvo1i7DHTWTujT11STc
2331749098	08	https://00.img.avito.st/image/1/1.YnM7ebawzpoNzkyXcwxJDSrZzJqL0MaQjQ.T9PSPyEr52e4NTramexj8qf632l--o6sHZUWQyGgdG8
2331749098	09	https://00.img.avito.st/image/1/1.5jZ4mLawSt9OL8jSOKPwTmk4SN_IMULVzg.-V5ARh9YF5lEeWzEgomc_2bPbzKLk0elObvc5SsfklU
2331749098	10	https://00.img.avito.st/image/1/1.BJwg6LawqHUWXyp4JPRP5jFIqnWQQaB_lg.QJNAykiSB4I2898ttsApztywBCa4ssComyhLYGDvgLQ
1883850310	01	https://00.img.avito.st/image/1/1.nJ1GgLawMHRwN7J5cvab4lcgMnT2KTh-8A.MDnT7GSv3zCmAWfbr54S-v8vKiyL4DOkp2y5YoqBgRc
1883850310	02	https://00.img.avito.st/image/1/1.bQSiLbawwe2UmkPg9DwefrONw-0ShMnnFA.ZHdQIIh5lQAvZpULQhDXa2JH1_noGzfc2CAqKC9BgUI
1883850310	03	https://00.img.avito.st/image/1/1.rQXR7bawAeznWoPhh5-tfcBNA-xhRAnmZw.CbKcAzEO7bsdbyJXpuaSDn36VDOnXVIm3V3y51H6hDM
1883850310	04	https://00.img.avito.st/image/1/1.DZVbFbawoXxtoiNxTX1c6kq1o3zrvKl27Q.VjkHvxS2jeXaVq3P-ejCFFWZevVmeObMrdg2FhTEWWs
1883850310	05	https://00.img.avito.st/image/1/1.51Aq8rawS7kcRcm0aIXxKDtSSbmaW0OznA.cjGGRme7gVxkxo0YC1XoP92nlNpVCKn6s_A_eJ3iG20
1883850310	06	https://00.img.avito.st/image/1/1.pfzATLawCRX2-4sYhiLVhtHsCxVw5QEfdg.921FCzLh77XEEjaqtVJTqJmbsaEJToj9HRmkbMZRJUQ
1883850310	07	https://00.img.avito.st/image/1/1.y11yOLawZ7REj-W5aH-dImOYZbTCkW--xA.T_CrtUyPHrkdANkSpjwWsc87z03W07tYO-r4b3uYm9o
1883850310	08	https://00.img.avito.st/image/1/1.7kRrRrawQq1d8cCgOy2kPnrmQK3b70qn3Q.r2fhAA5_dQpUvLuMLWvEN00t6vtFQshM4wG9x6EOdbY
1883850310	09	https://00.img.avito.st/image/1/1.C_qxYrawpxOH1SUeqxYc3erDpRMBy68ZBw.xxwIOP-_9R_vD9yY3b_X6j7nafLl9FDaeSPXkUfZ8Ko
1883850310	10	https://00.img.avito.st/image/1/1.1jYKiLawet88P_jSKvPQSRsoeN-6IXLVvA.GqVHZGaN9JILV6G6-kFXmnkRqB7MVbTVERpCq5jZlB8
4250590016	01	https://00.img.avito.st/image/1/1.hJDBKLawKHn3n6p0xQb16tCIKnlxgSBzdw.I6gPUlHH1VRQyekPW1R8wbgn4kk-uU3aYJg8kRnL__g
4250590016	02	https://00.img.avito.st/image/1/1.ZyBVGLawy8ljr0nEFwkvWkS4ycnlscPD4w.MvICehRylrjqgFVd7VI-KMdiuw9o5qGpUquVeh2zZTA
4250590016	03	https://00.img.avito.st/image/1/1.y1cC2LawZ740b-WzGIOBLRN4Zb6ycW-0tA.D4Szw94q1rRvaOB9zSsdFD_wY5bowRC3y2YzattuVqA
4250590016	04	https://00.img.avito.st/image/1/1.3uprHLawcgNdq_AOW0_BlXq8cAPbtXoJ3Q.2TXgJT6W4YHIjp3Qg87oxd67ywDmF9sadqYkH_ZMwss
4250590016	05	https://00.img.avito.st/image/1/1.iLdB2rawJF53baZTXcDEzVB6Jl7xcyxU9w.R2a_CY-IrhZfjCpSC7lxGoRkn8zQ4L9B3P3bdlzIUGo
4250590016	06	https://00.img.avito.st/image/1/1.rQXFpbawAezzEoPhk_O5fdQFA-x1DAnmcw.vqdwGCDvXHb-A_lWa1tWDqElGyZ3YgJVxgKr7oW-918
4250590016	07	https://00.img.avito.st/image/1/1.011s-Lawf7RaT_25RueCIn1YfbTcUXe-2g.DWB4YickCtEg4eV-gsCwSXgrQbo9eJpMhsZJ4-Z8eFI
4250590016	08	https://00.img.avito.st/image/1/1.9jZrRrawWt9d8djSC2W_THrmWN_b71LV3Q.v1fcV2xu5UxFxgpBS-mH2FmXpLWrZcQGh6OKQOYXVzg
7866745519	01	https://00.img.avito.st/image/1/1.b1B8ILaww7lKl0G0LnEiKm2AwbnMicuzyg.Z8fTpQhH4O0cKLtIBp5Cp3CLRw5bPiaMsJIbw1-Eek8
7866745519	02	https://00.img.avito.st/image/1/1.bJw8jLawwHUKO0J4aPUf5i0swnWMJch_ig.Yu6izCMKPRcinWUJjnuPxTCVRGViDAa4q5w0PDLRbn0
7866745519	03	https://00.img.avito.st/image/1/1.cjWTnraw3tylKVzR-4cHT4I-3NwjN9bWJQ.5MfqU9NSwom7qDNNBJr_FeiSMw9zgD7yMnMV8bADZog
7866745519	04	https://00.img.avito.st/image/1/1.Zg7QfrawyufmyUjqkDMqdMHeyOdg18LtZg.UE6hknHPzg0XXrzokB78yAlAe4COFzlZw81Yt93KROg
7866745519	05	https://00.img.avito.st/image/1/1.jiQlfrawIs0TyaDANWSVXDTeIM2V1yrHkw.fTmkgUwIrepi5YQ9t4T6hd7ygx5q40MkecTvlUVIogI
7866745519	06	https://00.img.avito.st/image/1/1.lNi91LawODGLY7o8mYqVoKx0OjENfTA7Cw.6FHLXXAQRU8U94wssr5J5vO4Iw8ai60JKJAdK1e2K18
7866745519	07	https://00.img.avito.st/image/1/1.emZtb7aw1o9b2FSCFRp7GXzP1I_dxt6F2w.denD8Gi_6wSgIC4gyHmkegd8FSDoCycOznZPU5anQuE
7866745519	08	https://00.img.avito.st/image/1/1.UhmLeLaw_vC9z3z9oyFMZprY_PA70fb6PQ.Ru8oTJc1ayonMqag-Cbk6uNdCtWeJ_gyOf7EFE-l8WI
7866745519	09	https://00.img.avito.st/image/1/1.A1JCGLawr7t0ry22SFgZKlO4rbvysaex9A.xCV5jabJhcb3wfrGggV42U7UbXi49kCrFeJPNtl1ryo
2171567323	01	https://00.img.avito.st/image/1/1.51DklrawS7nSIcm0pqnILvU2SblUP0OzUg.bWnVqgzxMtU0lr96G63_FumkJtgfp6NfWiRXvLkpvh0
2171567323	02	https://00.img.avito.st/image/1/1.KfjYfbawhRHuygcchjEvh8ndhxFo1I0bbg.argbdqla3k_lfWJxOPwVYZQDFAWggdxC5znFr5MjX58
2171567323	03	https://00.img.avito.st/image/1/1.o2ntFLawD4Dbo42NpwqkFvy0DYBdvQeKWw.7SsFyjZLkUrEXuh8BjsI1FDhW-oONZQn0LuWrVHeyo8
2171567323	04	https://00.img.avito.st/image/1/1.QYVeg7aw7WxoNG9hUNYk_E8j72zuKuVm6A.OhaYfaTeVPVepPOwNx8c8Ae2JBAQg0BdvnAzaeTcfdg
2171567323	05	https://00.img.avito.st/image/1/1.vHzAUrawEJX25ZKYtBC4A9HyEpVw-xifdg.sBpG3KzT8PWTvdMKD1c_1ulbrnj-oDRrg_gMxzZqpIQ
2171567323	06	https://00.img.avito.st/image/1/1.bjZm6bawwt9QXkDSNpQLT3dJwN_WQMrV0A.mE9ROQkj4J9wExXPH_4yhBgmIAE4_JiTNXk2dRKj9eA
2171567323	07	https://00.img.avito.st/image/1/1.MwHtGrawn-jbrR3lhwYuefy6nehds5fiWw.JFGWoX8P18FOTf2KX3TtV2pQKUHs25V68YJIma-0TeY
2171567323	08	https://00.img.avito.st/image/1/1.Nl20frawmrSCyRi51CJhIqXemLQE15K-Ag.msIcHYJpeEIFTNbzP_N-f-Cw6QY_sxgnMS9PTtCnrbs
2171567323	09	https://00.img.avito.st/image/1/1.Yidbf7awzs5tyEzDExJjX0rfzM7r1sbE7Q.8BPGxCsW2DDFA9ERbFWZhleinZ4mOBPZcAOafND3YFg
4826526165	01	https://00.img.avito.st/image/1/1.fvRrcLaw0h1dx1AQG1kBjXrQ0B3b2doX3Q.2jd1F0B-QHahgK-7PFGU8PBEhbJBcdK0F1u2QiACRFY
4826526165	02	https://00.img.avito.st/image/1/1.RuVrc7aw6gxdxGgBax4hnHrT6Azb2uIG3Q.nH4INIxeyxy857OvjkzJKiDMMIt2egEju2oFOJa5deY
4826526165	03	https://00.img.avito.st/image/1/1.i2ptFLawJ4Nbo6WOd3qMFXy0JYPdvS-J2w.DrVXyqcuNgoQnI1Lp2ju3AIxdCD1MRuwlDdYpjvZ_V8
4826526165	04	https://00.img.avito.st/image/1/1.rjZ4l7awAt9OIIDSKJG4Tmk3AN_IPgrVzg.LZQBr-hTNT7K60wb82yhnNxw4S4RnNeU39pVERvodZA
4826526165	05	https://00.img.avito.st/image/1/1.Fz4Nabawu9c73jnaLxVbRBzJude9wLPduw.DS5IpiX-6Td-Ko8dmtM51nhTnWK3HpFzLxqe7yYaj54
4826526165	06	https://00.img.avito.st/image/1/1.lYzYTbawOWXu-rto_i-V9MntO2Vo5DFvbg.DSNZDEe_qDNTDSwunC0sy2bwEBDqTmSdp1wu3GVIt3o
4826526165	07	https://00.img.avito.st/image/1/1.VH1J1Law-JR_Y3qZbf0eB1h0-pT5ffCe_w.4uNutjQiBY296ViR0GPUsQMoilIGrkwTA9j0iqj50yE
4826526165	08	https://00.img.avito.st/image/1/1.EpZt3bawvn9bajxyRZVK6Xx9vH_ddLZ12w.beNgmKUdC7zat1N2a8S3wFzemXyhtiKMp_za29urtKY
4826526165	09	https://00.img.avito.st/image/1/1.CYVRYbawpWxn1idhTyUS_UDBp2zhyK1m5w.YQCJGKKBUIRz83fxz1wwYzzNxsSKtD_NVpuKVJFvfuU
2011382856	01	https://00.img.avito.st/image/1/1.J4YNBLawi287swliTwhd_xykiW-9rYNluw.MKyq5v3_ARcUANXjm2sZjU2xH0M0Z9vGR5p2MT9pjW8
2011382856	02	https://00.img.avito.st/image/1/1.4ITTFLawTG3lo85gnxvr-8K0Tm1jvURnZQ.WlYGReFvqMtSwriVfJGCC4RogRZPTwFMiEICE503YtM
2011382856	03	https://00.img.avito.st/image/1/1.zjZmvLawYt9QC-DSdpepT3ccYN_WFWrV0A.LsUj53Iw1Ej_KLi6ZJm_hAGj4DbTFCxhmvKHuPumZvA
2011382856	04	https://00.img.avito.st/image/1/1.qQwmTbawBeUQ-ofoeB-3dDftB-WW5A3vkA.6i6AB5wjoX4W8mOgQVWKRHKua_NNwbTvZLXw0FXnDWA
2011382856	05	https://00.img.avito.st/image/1/1.rQb8NbawAe_KgoPiqiuAeO2VA-9MnAnlSg.QkPgYlg-5icn_911xDCQ3NUM9w1O-ouQXqC6-OLQLws
2011382856	06	https://00.img.avito.st/image/1/1.0IYKVLawfG884_5iJk-A-Rv0fm-6_XRlvA.Sl714tN3BSqGiOWcq2cR-32wWg4zRduUI05LXZazgtk
2011382856	07	https://00.img.avito.st/image/1/1.Fd1b6rawuTRtXTs5faY7o0pKuzTrQ7E-7Q.sFA7WJlevwz3YKYv1joKaJvN4O2Q1GVCrSCcJiz76Wk
2011382856	08	https://00.img.avito.st/image/1/1.IYVehLawjWxoMw9hEOhE_E8kj2zuLYVm6A.ZxynRTxeUOIF3JNufYvw_aAGojBZCc5SbTsb6e_fS68
2011382856	09	https://00.img.avito.st/image/1/1.41wz2LawT7UFb824eaPlIyJ4TbWDcUe_hQ.qrcRh4KZH1OZdvuVrQMvXYCYR1tDKyRjpacixK_9CBI
2011382856	10	https://00.img.avito.st/image/1/1.AJL8lLawrHvKIy528OBO6O00rntMPaRxSg.jB9So6ew4Xkqb2aLzdN9tOQvRXZd70oPXW_vc6TJNWA
8025963304	01	https://00.img.avito.st/image/1/1.ErZsObawvl9ajjxSRHk4yH2ZvF_ckLZV2g.Epgblb6G2uxSqsdbcuBw53aDLiuKWvTTAirw-xHNZ5o
8025963304	02	https://00.img.avito.st/image/1/1.lBXd1bawOPzrYrrx-euPasx1OvxtfDD2aw.XutQ-OYuOs5E2Oj4BQMeYv9v9RSqNQMdT7Z0QyCZtBc
8025963304	03	https://00.img.avito.st/image/1/1.wrrLfbawblP9yuxew3aNwNrdbFN71GZZfQ.Z8fG7zDIgsugQ-JmIwjotLMiedOwPng7dLY6sL4-dHQ
8025963304	04	https://00.img.avito.st/image/1/1.vrRrRrawEl1d8ZBQG2zzznrmEF3b7xpX3Q.YvJ6Qkg6sF2WwGnTo8sfqpZgjzLgU_mcNl2npUsHxAE
8025963304	05	https://00.img.avito.st/image/1/1.XQSfvbaw8e2pCnPgqeQTfo4d8-0vFPnnKQ.hENnlKO1pkJuOxEMBh_yPFPrNka348Epd2J20RST9NQ
8025963304	06	https://00.img.avito.st/image/1/1.oVrYfLawDbPuy4--liK9JcncD7No1QW5bg.Kpd8an-Kga-HpO0YvDOkz0FpbgeTh85yGJM93MaNxC4
8025963304	07	https://00.img.avito.st/image/1/1.5jZltbawSt9TAsjSJbqZT3QVSN_VHELV0w.yapVFgFtGufeMYucW_DGuVSi4SV26U3VfChTe6f4O6A
8025963304	08	https://00.img.avito.st/image/1/1.w2ctH7awb44bqO2DJ1iHHTy_bY6dtmeEmw.PUASUVFNrW5BNljSyoJqPR34epOxkidmQvC5htGysOo
2619414040	01	https://00.img.avito.st/image/1/1.gBzFd7awLPXzwK74yW2dZNTXLvV13iT_cw.bvuJklt-VaWPc9iMiTZUlhZA0QglFB8RWBwc6VVc9hI
2619414040	02	https://00.img.avito.st/image/1/1.YhYLf7awzv89yEzyQ0Z7bhrfzP-71sb1vQ.vsFp1ukhj_hsGia_Qm4I9aGAyMD9XJu8HAEBjir2OVo
2619414040	03	https://00.img.avito.st/image/1/1.BJyJ_LawqHW_Syp4jfQd5JhcqnU5VaB_Pw.dawPtp8rjYxC173Qr2R82prima88U7z65i47DIoS6Sk
2619414040	04	https://00.img.avito.st/image/1/1.GiebeLawts6tzzTDoyQbWIrYtM4r0b7ELQ.0Mh7eupMqOGMCmGaoGMNzt8U76HP-GYWqUXP1uEOH54
2619414040	05	https://00.img.avito.st/image/1/1.ibfYfbawJV7uyqdTxkuLyMndJ15o1C1Ubg.00hrsDHy68gTkVFYQ42Pt3gRkBhRh6-Ct_6xh5QN_go
2619414040	06	https://00.img.avito.st/image/1/1.t_vKnLawGxL8K5kfqLag3JE9GRJ6NRMYfA.aVQNGo1X1E5MeC5MaMP6ur3qciEiUMSgyhnzkiRL2Ec
2619414040	07	https://00.img.avito.st/image/1/1.FSf6qrawuc7MHTvD3Jp7G6ELu85KA7HETA.iFvV4m8zFe-qF5JPC6qy0paTN0YYD3hLJ5aZYj2ZUU4
2619414040	08	https://00.img.avito.st/image/1/1.VV1wTraw-bRG-Xu5VnsEImHu-7TA5_G-xg.iI1L6x6MBMfBk1QlkV9zXfivfO_ZRI2tX634EQkTWZo
2619414040	09	https://00.img.avito.st/image/1/1.MzqNFbawn9O7oh3e52VgRZy1ndM9vJfZOw.6Sxc81QrCPzbS1hBMzyo_U_XnQ4Tjl52o8YSnN4C7L8
3003368074	01	https://00.img.avito.st/image/1/1.LX74dbawgZfOwgOargVfd-nVg5dI3ImdTg.OWfM-cJGKs9pJatFG6bjJdvvPNXSdpwC2-YIHTU58dI
3003368074	02	https://00.img.avito.st/image/1/1.7eVjxLawQQxVc8MBNZft63JkQwzTbUkG1Q.7GOe1M5nGM_iYeVw8crOFJTQqLBbis15lemeAC0lWdw
3003368074	03	https://00.img.avito.st/image/1/1.PT7QZbawkdfm0hPaplE8MMHFk9dgzJndZg.Xmjdrkxl9JhskxkwG631LiLIIP2j1yIBa2FXK814B7U
3003368074	04	https://00.img.avito.st/image/1/1.UuMbD7aw_gotuHwHM3Ix6wqv_AqrpvYArQ.l7swIaPGddjI1Xgr_onWsab8FRe0bktVAnWB0rXnbUA
3003368074	05	https://00.img.avito.st/image/1/1.93wD77awW5U1WNmYYZSichJPWZWzRlOftQ.Tvn-OaCbeUaHP8EolKZoSMH71Yz4GIyslscuMl-ExvA
3003368074	06	https://00.img.avito.st/image/1/1.mkBVDrawNqljubSkbTCMT0SuNKnlpz6j4w.iROgBwdI4i2_SroshfsDSClQGNb5Vr6BIi325J7EYmc
3003368074	07	https://00.img.avito.st/image/1/1.1jFkILawethSl_jVRHulOHWAeNjUiXLS0g.fepB-rTUalswGXJFi39uY4rLBEzJ8b86Ehkh-hHQlPI
3003368074	08	https://00.img.avito.st/image/1/1.N2rBFrawm4P3oRmOoy5VYtC2mYNxv5OJdw.fXLJe_L7wRySCPmGn5AzXaH4qZ3L7DTtD21xFUGkCa0
3003368074	09	https://00.img.avito.st/image/1/1.T9mhFraw4zCXoWE9s29g1LC24TARv-s6Fw.l_kp_rnccRk_02D7yERAsPVR9gag0b2Cnel7NMNBVBY
3003368074	10	https://00.img.avito.st/image/1/1.RgBsHLaw6ulaq2jkbGVeD3286OncteLj2g.mEXCNSlclj6lO7BKcA0_RIgOgEmicgKoj7XnT6VVyUE
8122607292	01	https://00.img.avito.st/image/1/1.AIHglLawrGjWIy5l7KAt__E0rmhQPaRiVg.0WDwa3BGCTDgXE0-DTU_Hw_Dpho2Yujzdw_6zhSkMPo
8122607292	02	https://00.img.avito.st/image/1/1.6QVEN7awRexygMfhGkSnf1WXR-z0nk3m8g.VfoSf5V03E7JKWntO8BxxGMvUpximT7nR8vy_X2Xx4c
8122607292	03	https://00.img.avito.st/image/1/1.QQVo8raw7exeRW_hZqtDenlS7-zYW-Xm3g.R82VG0tBnrB0Ue7fjJAYFLM1fm-39AduOVXb2ZWW0hg
8122607292	04	https://00.img.avito.st/image/1/1.JkdrFbawiq5dogijK3F0OHq1iK7bvIKk3Q.6eHNGXDbFNoZmMYbQ28b5ioYBvOVBXn4GreVJRzsxBY
8122607292	05	https://00.img.avito.st/image/1/1.J94NaLawizc73wk6T1RspBzIiTe9wYM9uw.6u3SzPw1k58EXFM41SkBPvTjOeORKrr3uGiF8T9WWAA
8122607292	06	https://00.img.avito.st/image/1/1.Uie7f7aw_s6NyHzDkypTX6rf_M4L1vbEDQ.v2e8HqKf7WtSZCsWkOwAdTbjqM73hiz6I9Mm_iJniMQ
8122607292	07	https://00.img.avito.st/image/1/1.8BzCprawXPX0Ed74rq2XZdMGXvVyD1T_dA.sg5ieiF4N60djVygCtDG5-loyyzOrd481yK6DoFGCwQ
8122607292	08	https://00.img.avito.st/image/1/1.KarYS7awhUPu_AdOhhdK08nrh0No4o1Jbg.UenDEHHF-EmIrCL7XGFZg8WBX207WZwozTZrmOPm8bU
8122607292	09	https://00.img.avito.st/image/1/1.uQVo77awFexeWJfhFt26enlPF-zYRh3m3g.TZd_HXFwMOS68FI73pjtENF6ma_dGsb41liHz7bs37Y
8122607292	10	https://00.img.avito.st/image/1/1.DT1b6bawodRtXiPZTdUgQ0pJo9TrQKne7Q.uSIexHaFrws1-Q3vLlS1QWsx74swXbBXIhzSVBiAT2Y
3643175345	01	https://00.img.avito.st/image/1/1.Da1ZiLawoURvPyNJT_xB10goo0TpIalO7w.SboQnSTL8m0-q--k9Gc3bdJgAegeZT2_8tqvhUU_d4A
3643175345	02	https://00.img.avito.st/image/1/1.M-EtGbawnwgbrh0FRx1WmDy5nQidsJcCmw.W7Cnuz4hZtMw7SaoTSKoT9eKTaDdqtcOEJIiujAay58
3643175345	03	https://00.img.avito.st/image/1/1.OjB9HrawltlLqRTUBSY4T2y-lNnNt57Tyw.7irVx_936aECxVPKCJG3YsZ3pfQ8vlSMTi_ShAN9TFQ
3643175345	04	https://00.img.avito.st/image/1/1.w1HtFLawb7jbo-215wvKLvy0bbhdvWeyWw.7p6gg3SEcdo4Z_gF6NDOjF-c-339CMqNLg3jcN9x6OE
3643175345	05	https://00.img.avito.st/image/1/1.iHjBzrawJJH3eaac3azdB9BuJpFxZyybdw.mSphw9W2PN_xQQWXlXf8wC_Yu626BM5XOqZ8Emo-elQ
3643175345	06	https://00.img.avito.st/image/1/1.b1B88raww7lKRUG0LochKm1SwbnMW8uzyg.yuhVHla7TaCZVE-jt0bzYOkEGH_NEEVKnRqQRrcM7_M
3643175345	07	https://00.img.avito.st/image/1/1.4J-uVLawTHaY48574g-E5r_0TnYe_UR8GA.bjUQTYlotq8bMyPYJtjgndsHTkXjeFWcR7Umx-4u7O4
3643175345	08	https://00.img.avito.st/image/1/1.OgCxFbawlumHohTkyS1eT5a1lOkBvJ7jBw.VEVBMZvygUtpHHKLc8na3KYN-NEqYxhOnFhJY1JEU48
3643175345	09	https://00.img.avito.st/image/1/1.j_jLsLawIxH9B6Ec2Z6lxJARIRF7GSsbfQ.JldDbjYKldA5YRsLjiqpWPpbX_WkxNhPjUGIb_s8eas
3643175345	10	https://00.img.avito.st/image/1/1.lgnAfrawOuD2ybjt4HDic9HeOOBw1zLqdg.vep07kJa9WdMqjVCxd2BT2yWXtkTFso4Tac5tSaNjec
3195208799	01	https://00.img.avito.st/image/1/1.wSjYUbawbcHu5u_M1h6KUsnxb8Fo-GXLbg.-I_7LXVQHw4CzXuBex2zKKIvFMR2GYIIrDzuuC6tJ0I
3195208799	02	https://00.img.avito.st/image/1/1.LXOgTbawgZqW-gOX9hFSCrHtg5oQ5ImQFg.Wum-OUxDWMz895__yk5PuFIZFlYiJrooJJxPpYACeDs
3195208799	03	https://00.img.avito.st/image/1/1.0RrLTbawffP9-v_-5XahYNrtf_N75HX5fQ.-ExTrIwd5wwS1GnpcmX9u0UkQPKZorJTE3rJrU8GJ6A
3195208799	04	https://00.img.avito.st/image/1/1.4QOcTbawTeqq-s_n0k6Eeo3tT-os5EXgKg.0L2O-wTBTkTeZQvstifhu8kzu4bRcCGimRWTSJdL8aQ
3195208799	05	https://00.img.avito.st/image/1/1.xNfp1LawaD7fY-oz7d_br_h0aj5ZfWA0Xw.83onlXpcshVm51P1fV4Vt48qcd564dNdJiB6oEqCA7w
3195208799	06	https://00.img.avito.st/image/1/1.BJ1EfLawqHRyyyp5QHQG4lXcqnT01aB-8g.D2EMefuUVn9ZzkFejg08NlNqmo1zHYQ0SirhS7nl9_E
3195208799	07	https://00.img.avito.st/image/1/1.u7AMzrawF1k6eZVUdrDHyR1uFVm8Zx9Tug.6WSn-qvS0p-jPtgs5nOawfg1pmEEPPmOp5pfp_RE-WQ
3195208799	08	https://00.img.avito.st/image/1/1.dQSiPbaw2e2UilvgxCQGfrOd2-0SlNHnFA.8tU-6hl0P0RdChm63C1vh4JLIRYn2Uh0MKfcxS-d30o
3195208799	09	https://00.img.avito.st/image/1/1.Q_AMq7aw7xk6HG0UBv4miR0L7Rm8AucTug.lnv1oEjvC1liTz0UvD1PkP4IeaH5TcfgaB-hSqHhq-g
3195208799	10	https://00.img.avito.st/image/1/1.J4YNzrawi287eQliT8J1-RxuiW-9Z4Nluw.l_nApP1Ymg6D8-UeMsrC3DShqiICNq-IcyAyiiA9bHo
4187323323	01	https://00.img.avito.st/image/1/1.z1DlyrawY7nTfeG0983lLvRqYblVY2uzUw.PSUVPCvgURqEcYMtu73SV6JDr_TlC_fIct2z2LhJ8cY
4187323323	02	https://00.img.avito.st/image/1/1.PQSffbawke2pyhPg6UVzfo7dk-0v1JnnKQ.C5yb7qxCg074phw4ZshEr9on7ZLeZdN68SM5I3Twz5U
4187323323	03	https://00.img.avito.st/image/1/1.EEnVG7awvKDjrD6t-UcAdY66vqBlsrSqYw.Q7bKRoZvPtEHn31ef-DPcBt3ZuOoabbQnRcYLGSXDc8
4187323323	04	https://00.img.avito.st/image/1/1.h4INPbawK2s7iqlmDzuZ-hydKWu9lCNhuw.xsoL5Rhu6IRsiGkWFielY4tjtMU-0Ht2FpL2fQbz1X8
4187323323	05	https://00.img.avito.st/image/1/1.LyHJGLawg8j_rwHFmzBhW9i4gch5sYvCfw.UZHx9eqNSdgNlozABDaITNd2InKoaBmkgf-dsrZnf6I
4187323323	06	https://00.img.avito.st/image/1/1.OTW_zbawldyJehfRwdE-Sq5tl9wPZJ3WCQ.7KVPxBBBNaw7gQEJchZmmo-_NA4kRE-jqC-zyqQKLls
4187323323	07	https://00.img.avito.st/image/1/1.PjYJE7awkt8_pBDSeQckSRizkN-5uprVvw.EVqBmvGBk3G7-T13mbuMxmRuHmjM0jRZ5gtoyxM8Xxg
4187323323	08	https://00.img.avito.st/image/1/1.m1JxGLawN7tHr7W2SzqNKmC4NbvBsT-xxw.HFu6_j2VDtup9g1Eq6aTFaIxGxfom1FBVWBF8WjM-IY
4187323323	09	https://00.img.avito.st/image/1/1.GmB-O7awtolIjDSERh84XCWatInOkr6DyA.dDfZ5veM2aNEtVlfwuskWw2l6DEheSGDM7CcFt9CKD4
2331089417	01	https://00.img.avito.st/image/1/1.pg_CfrawCub0yYjrgnjiddPeCOZy1wLsdA.reAMAS4HAnQKG6aSYMC4Dvp_5Ac7fMbtn0AAO3AHnV8
2331089417	02	https://00.img.avito.st/image/1/1.8_APcrawXxk5xd0UZQXgiB7SXRm_21cTuQ.8fw7R6TI8bOWCqDl_o343jqvgiqxhy6Tzfv4KkNzbMg
2331089417	03	https://00.img.avito.st/image/1/1.V0prGLaw-6Ndr3muSXU3M3q4-aPbsfOp3Q.XgGXB7MgqS3fHFLx9ILRs9LTqBaAoY1sVMYGfyq6p58
2331089417	04	https://00.img.avito.st/image/1/1.C5AKFbawp3k8oiV0EA1B6hu1pXm6vK9zvA._ain2D41Ss7jsA7ZrtrZ4maHHUp41JXz-0c6_kzjGKQ
2331089417	05	https://00.img.avito.st/image/1/1.VGD11Law-InDY3qE0cElGuR0-olFffCDQw.9jeagmMozKQNnl3VLpAaac-zGKSdtkHD5v9YkA7tBQk
2331089417	06	https://00.img.avito.st/image/1/1.uYVty7awFWxbfJdhE93o-nxrF2zdYh1m2w.eU9onOTJFjTN2NnRhVGFcTMKpDAbSBIJPfiexOGvSLM
2331089417	07	https://00.img.avito.st/image/1/1.K2rtH7awh4PbqAWOt2NsEPy_hYNdto-JWw.hJf5UkuJuJQJKmbk20t8wPehehIUZDAcHFpzp0US6Ek
2331089417	08	https://00.img.avito.st/image/1/1.DlNrc7aworpdxCC3e0dsKnrToLrb2qqw3Q.-YrDAiO_2C6eB9WgsDEuf1788cA2jGmgKsIvma0bijU
2331089417	09	https://00.img.avito.st/image/1/1.h8QNA7awKy07tKkgDwngvRyjKS29qiMnuw.IlkeAb8BwHQBvAe3wlWmaFAhBER6ItkTmmklmafJRjk
2331089417	10	https://00.img.avito.st/image/1/1.p3Q9GLawC50Lr4mQf1q-DCy4CZ2NsQOXiw.teF0SgI3ghSTftown6k1l6qRhyNUMlOqvbjJ_7MwJLg
1979625203	01	https://00.img.avito.st/image/1/1.WQPqzbaw9ercenfn1Pg7evtt9-paZP3gXA.wYo5AzWSKxDhGmmpBVAKmWAiGk11kAiiHZHoIQtxiWM
1979625203	02	https://00.img.avito.st/image/1/1.T3THGLaw453xr2GQ1S1VDNa44Z13seuXcQ.flWkN4v1DvyR_L1nrj7GMFRU3hAbr93WVHOEjMH9AG0
1979625203	03	https://00.img.avito.st/image/1/1.zjZ42LawYt9Ob-DSaOPaTml4YN_IcWrVzg.lDVRwwYDv2X0nIjRXbksm4ogE35kWP10QOTVsCwRz0c
1979625203	04	https://00.img.avito.st/image/1/1.C9AKFLawpzk8oyU0ECRBqhu0pTm6va8zvA.UfO0Zxf4kMcAsMuWmN0jUgJttHbF9pAM7jHSOtXwaBE
1979625203	05	https://00.img.avito.st/image/1/1.0jdF7rawft5zWfzTbenMT1ROfN71R3bU8w.kk-BmXzZCKI6EBLg8I_0PcDVqxBdCbn54l8FHir1bPI
1979625203	06	https://00.img.avito.st/image/1/1.QxAKHraw7_k8qW30AHcLahu-7fm6t-fzvA.FDWRSVypAzyt9PP2LbUCoEO5UwkBH9u7zsR-SuaUl4Q
1979625203	07	https://00.img.avito.st/image/1/1.2YVHxbawdWxxcvdheaKo_1Zld2z3bH1m8Q.ERN9gRdAN8yZZCiN8JOKFkHtV9NdDOLERDICaIL1kvg
1979625203	08	https://00.img.avito.st/image/1/1.V4b3GLaw-2_Br3li1U0F-ea4-W9HsfNlQQ.STl39BYmXpr1O6tbkqd7YMjGx6Rz-IzT_Fj_C96uR0E
2971466156	01	https://00.img.avito.st/image/1/1.TH2V1Law4JSjY2KZgaEHB4R04pQlfeieIw.4r_9EY4bxyTxqdbpNcskNXHo8xAwMdrXwVKK73DjgGE
2971466156	02	https://00.img.avito.st/image/1/1.0119eLawf7RLz_25V1eGImzYfbTN0Xe-yw._gQVkxvW-X2K0LFCmgB5ZrE8dOiBlJMhPc4okpT6v5o
2971466156	03	https://00.img.avito.st/image/1/1.s9qn0rawHzORZZ0-zaiQ5vxzHTMXexc5EQ.kDZA5WsoEtppZuIlTpA5yIwg0y-g_ofjjFL9u9ImxoI
2971466156	04	https://00.img.avito.st/image/1/1.7zwNabawQ9U73sHYXxKjRhzJQdW9wEvfuw.2VwOcpTMFMdg8zwhvakzM9svcfRYxn3Q-8ELrPsLR2k
2971466156	05	https://00.img.avito.st/image/1/1.vFjB4LawELH3V5K8tYbcIdBAErFxSRi7dw.Jr-XvE96RoLBUs_YaNSst8o5DBIeIHc8xLMSkdXOiIA
2971466156	06	https://00.img.avito.st/image/1/1.4jdTLrawTt5lmczTGxn3T0KOTN7jh0bU5Q.tNBfSAMQvzKZTp4G4ilNMX5C4RaiGWxo8WQrjv4_cmo
2971466156	07	https://00.img.avito.st/image/1/1.io47eLawJmcNz6RqI07f8SrYJGeL0S5tjQ.-1UWE5ttjDP_2oiZNHnTa-UWVLO_FN9CJrZ6k_dH0yQ
2971466156	08	https://00.img.avito.st/image/1/1.NNRV1LawmD1jYxowMeAsrER0mj3lfZA34w.JEkpojWU6S407wdergVV-ADeurXNarRxsU5JNdw382U
2971466156	09	https://00.img.avito.st/image/1/1.L2rrs7awg4PdBAGOud9NSrASgYNbGouJXQ._YyK0u9m3QpFyMX3UUfdVUg-u24EIPJ2JZrmAMv1TkE
2971466156	10	https://00.img.avito.st/image/1/1.LoHYKrawgmjunQBliEYas4OLgGhog4pibg.WDIviHgkjJrmpOtm3PTR8cP-6pg-TggGzi58WcMsjCw
2619809693	01	https://00.img.avito.st/image/1/1.lZqATbawOXO2-rt-pgOD4pHtO3Mw5DF5Ng.z23rSufzCiF4VD9PrbHa_bD95EJ0YiU5SJzGSKVSe-Y
2619809693	02	https://00.img.avito.st/image/1/1.USzYd7aw_cXuwH_I9hp6UsnX_8Vo3vXPbg.vZJ31vsyAE3J_hpeKj0qM1wwxzgka4S9EW7Tlw8-uxk
2619809693	03	https://00.img.avito.st/image/1/1.3yYNPbawc887ivHCP3LDXhydcc-9lHvFuw._kqbnMhpzW6fh12sUhGGmbomCyI1v8d_FCuHt5qFWj4
2619809693	04	https://00.img.avito.st/image/1/1.bQXE7bawwezyWkPhkpx4fdVNw-x0RMnmcg.dsJoY3w6jINeYF3Aw55r24PjRORrclMBuBTenilXBAo
2619809693	05	https://00.img.avito.st/image/1/1.KDJB0LawhNt3ZwbWHZg0SlBwhtvxeYzR9w.lJPL7KQ-cILch5736CBwiK43BzAjKh5p941Q-2EI93A
2619809693	06	https://00.img.avito.st/image/1/1.-9gNFrawVzE7odU8dzXQphy2VTG9v187uw.EBR8MmzzCW9c_cF3vXuQfSeWYj5axfgDbbmT3XMz53Q
2619809693	07	https://00.img.avito.st/image/1/1.YEGBzrawzKi3eU6lzbsyPpBuzqgxZ8SiNw.JNSjPC1d-zMUHESQcRzBI6fjUY68_h8wYHofXXlGmXY
2619809693	08	https://00.img.avito.st/image/1/1.qJ-dFLawBHaro4Z7wXrK5oy0BnYtvQx8Kw.LtkxM_-DnqNh9GBZerI6jPlmB7inTADvJQ4IL8m43XI
2619809693	09	https://00.img.avito.st/image/1/1.5Qb-5bawSe_IUsviuJLKeO9FS-9OTEHlSA.8fd_e0zYtguRfrvxlos3m7TPeNyENLmRIlTgpUJSkFU
2619809693	10	https://00.img.avito.st/image/1/1.l5IVGLawO3sjr7l2NwqW7QS4OXulsTNxow.-rwCvNU0F1P-UKqSljQ0-TDxgpdVJTKk41T5_Tc9xx4
7994029200	01	https://00.img.avito.st/image/1/1.INzZfrawjDXvyQ44lXo8o8jejjVp14Q_bw.DosOfYcKCLuQS7AYq2vO2nNHXI4jN2r_TgMbSIoQmnc
7994029200	02	https://00.img.avito.st/image/1/1.gJzPp7awLHX5EK54w7XH5t4HLnV_DiR_eQ.R37Zvw46JE-dJkgd4eyaDu2RESRUmi9MV546fVhmG4w
7994029200	03	https://00.img.avito.st/image/1/1.4T9MzbawTdZ6es_bAsrJQV1tT9b8ZEXc-g.xCFN4vbrm4hQ1lYBWms91mqe0HbaNyYE7ryoOr7Jp_4
7994029200	04	https://00.img.avito.st/image/1/1.e5APdLaw13k5w1V0dU1p6B7U1Xm_3d9zuQ.YBh99d-PbQAuSChIZEEH9HHmX0qMx2WMn9urnueSfXQ
7994029200	05	https://00.img.avito.st/image/1/1.Z0sRGLawy6Inr0mvUwECMgC4yaKhscOopw.b1xvpzXEbk2_CHvweiMPud50ziO5PQNKReVow4XAWtc
7994029200	06	https://00.img.avito.st/image/1/1.ixxNGrawJ_V7raX4VzCRZFy6JfX9sy__-w.ePK9d7sERy-NwljbUP0SNM4UsoMGyt1CO8KgeT0LiLA
7994029200	07	https://00.img.avito.st/image/1/1.EiZqRrawvs9c8TzCQmIHXnvmvM_a77bF3A.gdheDWHN0cP2Y3hD9enLlgT6QkUV4PWLM-KNG9y-hsI
7994029200	08	https://00.img.avito.st/image/1/1.vnJrCrawEptdvZCWGziVDHqqEJvboxqR3Q.H3aWihoLWogxTBC7t_Hb6t9i3u5m7cPIc4A8gkhmTV0
7994029200	09	https://00.img.avito.st/image/1/1.dQSb_baw2e2tSlvg_YQ_fopd2-0rVNHnLQ.8NAtB_bK1leHH05McRA5hd-CWhRtkGXWeJVyuktSosY
