3930724266	01	https://00.img.avito.st/image/1/1.D-oNa7awowM73CEOHz9IkBzLoQO9wqsJuw.vvrUSN5dW1NFh8Yq5hdNgYUZOoa5ASERMZLrSOheDik
3930724266	02	https://00.img.avito.st/image/1/1.tjZTgLawGt9lN5jSM9r4TEIgGN_jKRLV5Q.w8gC95b-Y1Cli-fcVGz6Q_TQ8SjcuBxXfYaq2F0TjT4
3930724266	03	https://00.img.avito.st/image/1/1.b1AoPLaww7kei0G0elVyKDmcwbmYlcuzng.atu6ppeWlpa4tg3Kxiqamk5P_EJgfMYp4nwyxxoFzKw
3930724266	04	https://00.img.avito.st/image/1/1.PjZSpbawkt9kEhDSIul5TEMFkN_iDJrV5A.JQh5S3BGqyKynCKR4Y3nDsMEeHyPTifqTpc_TbvRX7c
3930724266	05	https://00.img.avito.st/image/1/1.6QVfP7awRexpiMfhAQyXfE6fR-zvlk3m6Q.HxPVENrHaY2laIe0cJcsyBnnXl_wMmnw8ETLGPgdxSg
3930724266	06	https://00.img.avito.st/image/1/1.yRkLzbawZfA9euf9FfKFYxptZ_C7ZG36vQ.CvNLIUPscGKypHn72-lDeZdOvBfp1rrS9GXYyMcJTQI
3930724266	07	https://00.img.avito.st/image/1/1.Gh6rf7awtvedyDT6k28HZrrftPcb1r79HQ._TYjFwNBktd7pNW1jgnp7lbBD1yk3PcPCDGCb8_AlZI
3930724266	08	https://00.img.avito.st/image/1/1.T5V_GLaw43xJr2FxbV1T6m644XzPset2yQ.f2pTL3FS_H1nH0CJR51aQYAOqBfqJM4-mB7E3saJ6iI
3930724266	09	https://00.img.avito.st/image/1/1.VZaATbaw-X-2-ntypgBP7pHt-38w5PF1Ng.TaUofI52mwEyXSIjq0M3pWRTvR0CK082t7XSpUZiYV0
3930724266	10	https://00.img.avito.st/image/1/1.0jEknrawftgSKfzVDMX8TzU-fNiUN3bSkg.F2RqvsWuWzMw_OJn4kvPUWpw1tY1s8x2aQhWa1e0zk4
2971466692	01	https://00.img.avito.st/image/1/1.lBj51bawOPHPYrr83c-VZ-h1OvFJfDD7Tw.-amqnPZrKZ6y58zQVXA_BkZx919-M76H4XZqjpoOLyM
2971466692	02	https://00.img.avito.st/image/1/1.kwTtGrawP-3brb3gxySPfPy6Pe1dszfnWw.MhQ-jiduS2wP3DTXObjtxtaI04xblbikS2lRPztYQaY
2971466692	03	https://00.img.avito.st/image/1/1.85AMw7awX3k6dN10ZpiM6R1jXXm8aldzug.ZVzTqA2iCDmPXc5-s4RdZ8Zq7s07Yv8gqbncYlEH8VM
2971466692	04	https://00.img.avito.st/image/1/1.8YVHkbawXWxxJt9hKdaF_1YxX2z3OFVm8Q.EKzQ7VRbRg6hy69Kz52Adp-6MXOAERqCPvhPjLl65QA
2971466692	05	https://00.img.avito.st/image/1/1.r1DacrawA7nsxYG0iAT7L8vSAblq2wuzbA.RF093KZQgagycoA9eDbBHJqRwa8RUAAI3tL6WyvwT2s
2971466692	06	https://00.img.avito.st/image/1/1.96YNz7awW087eNlCb4Ch2RxvWU-9ZlNFuw.LpXf-0CsPL77OuR3IQCt8Kzc02PTZWjaJ8lE9Qstb5Y
2971466692	07	https://00.img.avito.st/image/1/1.fNDAU7aw0Dn25FI0tD57r9Hz0jlw-tgzdg.7GkZnICSmvrZR6mkv2mBxLq32MksHOYZFvQDpES_0z4
2971466692	08	https://00.img.avito.st/image/1/1.MfBYS7awnRlu_B8UNkNXiUnrnxno4pUT7g.cu0xQKUphYiZgJLAhJa1oaT9Tn-Loz_PVdrHFiZhHxk
2971466692	09	https://00.img.avito.st/image/1/1.5J1KELawSHR8p8p5Dnf64luwSnT6uUB-_A.vLYtiu1Dj1aMTZYyueJpHt5W2bj5ZhUnV_g8hbgLbCo
2971466692	10	https://00.img.avito.st/image/1/1.vFDB77awELn3WJK0tYHCKdBPErlxRhizdw.yOTgDapT1vPwAzY0Uf_seOChwpThZPz4h3WmU27P48w
1851033173	01	https://00.img.avito.st/image/1/1._l1ZfrawUrRvydC5KRWuIkjeULTp11q-7w.lGhH4PVQG03zSri7jyAquKdxODtqOuwVInAlN5yU6iU
1851033173	02	https://00.img.avito.st/image/1/1.jW4wTbawIYcG-qOKJlvvFyHtI4eA5CmNhg.a2bXRSvkNiB6Vw06JVfXICN0uxMBlqZaPIJcXKlLJ4A
1851033173	03	https://00.img.avito.st/image/1/1.4ja1brawTt-D2czS_UmET6TOTN8Fx0bVAw.MLd8zodMWeCGqqwurokA3hWs-S7BPGNhuyfYeIddiYM
1851033173	04	https://00.img.avito.st/image/1/1.VyHBGLaw-8j3r3nF4yEZW9C4-chxsfPCdw.GT0VoiunGSw4Sr_royBfKf22qhRY_2rLGZCTcrKOvhQ
2523059161	01	https://00.img.avito.st/image/1/1.6a-gmLawRUaWL8dL_pftifs5R0YQMU1MFg.1Pj9e27Kp_D1m52NSNmnMdhNGFv9hE_4BpXMiYcnxxw
2523059161	02	https://00.img.avito.st/image/1/1.FmdrRrawuo5d8TiDSyJdHXrmuI7b77KE3Q.9YN10I_Q66bAj031CgwjbBTVbfSYXAZakhYL2hJ9dMg
2523059161	03	https://00.img.avito.st/image/1/1.rM3cjbawACTqOoIpiPef8IcsAiRsJAguag.tfrEsRGnH4aJH1xR1SZ3L8yPlf-6owD_psI3tFvwRns
2523059161	04	https://00.img.avito.st/image/1/1.we1YS7awbQRu_O8JViimlEnrbwTo4mUO7g.ajw3U7aUdjhdab65hr889dhMldoGy0hmE8dq-Xmk9ZY
2523059161	05	https://00.img.avito.st/image/1/1.kbNydbawPVpEwr9XXGeTjSnUP1rC3DVQxA.jthisHHIL9LNPN8GhxYnq2MUheSexky7QHsUDTu9vbc
2523059161	06	https://00.img.avito.st/image/1/1.Z3e9GLawy56Lr0mT_1lwD6y4yZ4NscOUCw.AQEl0ib9ufH3syrcjc52hHcSBVJopCUFDtSWYvfuNM4
2523059161	07	https://00.img.avito.st/image/1/1.E1AAYrawv7k21T20KgJELxHCvbmwy7eztg.H2HuPCu3Fx6cn-8LsZaDkSZu_P1ekJox70mH_fHNkAA
2523059161	08	https://00.img.avito.st/image/1/1.s1JkOLawH7tSj522Dj6gKnWYHbvUkRex0g.SaW2gRBeEVheegq_65RKJsX9QFrIvULCVUaU-OzGpDA
2523059161	09	https://00.img.avito.st/image/1/1.m1Jf2LawN7tpb7W2ZaKGKk54NbvvcT-x6Q.RmZlJCs_3GB2-xNPnAabxQDcsoN8AZMXRe3-9VODw7w
7802680740	01	https://00.img.avito.st/image/1/1.pg4dfrawCucryYjqXQTsdAzeCOet1wLtqw.JKcK3rvFyioRts8I9hNSxV3PCPxbzvzUbVwsmo7UEmA
7802680740	02	https://00.img.avito.st/image/1/1.w_gtGbawbxEbru0cJz6ggTy5bRGdsGcbmw.yt0qs5lNr3CeUN-lPYC66EixOnIsjQcQxyYf_rPzJBI
7802680740	03	https://00.img.avito.st/image/1/1.k50NGbawP3Q7rr15Jxvp5By5PXS9sDd-uw.D7fJn9VtQntpwZsclV11-CTIEDLSAvMQ4G-2aq5GQ5s
7802680740	04	https://00.img.avito.st/image/1/1.-r-7fbawVlaNytRbwyq3xardVFYL1F5cDQ.HYOBp1Gms2_RlKQlTSeGNCjBTPyz2oqdXYiY73ixwxQ
7802680740	05	https://00.img.avito.st/image/1/1.zjYA7bawYt82WuDSEIKbSRFNYN-wRGrVtg.MsTeItmBumqHzgHBVUyuegyvACqD2BP_zQr-i59EfcA
7802680740	06	https://00.img.avito.st/image/1/1.mjBG3rawNtlwabTUfpSFT1d-NNn2dz7T8A.GPwF3RYiaHFcvHvvUpbfTKOTmmjiXJLIBOgEFuSBStM
7802680740	07	https://00.img.avito.st/image/1/1.M-ttGbawnwJbrh0PB1VUkny5nQLdsJcI2w.hyg3-jAOTVdyLjTLPRn2_-eBEIyb6m0xOsZioSAMA-k
7802680740	08	https://00.img.avito.st/image/1/1.ZcfATLawyS72-0sjhiEuvdHsyy5w5cEkdg.rC9S-slGyhDZBRMjmOeLLXjEZmemomxhN2oajw36twI
7802680740	09	https://00.img.avito.st/image/1/1.yTQnzbawZd0ReufQOZLXSzZtZ92XZG3XkQ.9e9KahR-bQ85IYEAz8peoEVGdWvB2Vg9v4uBGegQ58Y
7802680740	10	https://00.img.avito.st/image/1/1.cjdSnraw3t5kKVzTOsdnT0M-3N7iN9bU5A.Ti2-A7q7FLSpYagNcYt5IPCvfyO9yqSnAn5RucIhsYM
3899383669	01	https://00.img.avito.st/image/1/1.vODAVLawEAn245IEtAq1n9H0Eglw_RgDdg.QPGbyiC2qdEfDOApkyRC9DAj2dk5aAYjzpLvAjkA7EI
3899383669	02	https://00.img.avito.st/image/1/1.htc-nbawKj4IKqgzPruQ8GU8KD6ONCI0iA.9zjLSkScxyJyTNtzOnPs95rdbMqcD21m6-Jr6F3nPG8
3899383669	03	https://00.img.avito.st/image/1/1.QuZsMraw7g9ahWwCZCdtmH2S7A_cm-YF2g.rm_zwRJ1t5Dk67GwWqr2_As_myr5yMbQLouGOigvXGE
3899383669	04	https://00.img.avito.st/image/1/1.uFzcw7awFLXqdJa4oJ2TIs1jFrVsahy_ag.4l6Vj19BbD1jx0UshHteR9BoMS6Jnlr9GpzHyZrx7dk
3899383669	05	https://00.img.avito.st/image/1/1.cjazPraw3t-FiVzS2w8XT6Ke3N8Dl9bVBQ.-xv9DuXiGwa6NkCRfx1-k2sCE3-H9Ds6BfGAVg5BuMo
3899383669	06	https://00.img.avito.st/image/1/1.t1B97LawG7lLW5m0H6b9KmxMGbnNRROzyw.vPOZClLgAdCxF_rdOtofk7_Fi-flfHouGeEnt1OdAwU
2587029917	01	https://00.img.avito.st/image/1/1.xVU4TrawabwO-euxPl2cKinua7yI52G2jg.IWXXpSC6-ICYb9kxmWvJzC4y1CQaxK_sMNXI4oXQoQA
2587029917	02	https://00.img.avito.st/image/1/1.6JzZi7awRHXvPMZ4hdjq48grRnVpIkx_bw.P8ERnOhOKcCPJ1N6VPJsMIGQtDClXhysyDBLC9JVQbk
2587029917	03	https://00.img.avito.st/image/1/1.p1DuDrawC7nYuYm0rGitGY6vCblepwOzWA.08ZgPcXLYgvHMpdGuBa9FGbIaiRr6dV5902WU4OH4nU
2587029917	04	https://00.img.avito.st/image/1/1.XjZnHraw8t9RqXDSVz80T3a-8N_Xt_rV0Q.cyjB4w8ILAVpYtwrd6Ms10h_IEExaslOS-zuUGsXZz4
2587029917	05	https://00.img.avito.st/image/1/1.c1cTuLaw374lD12zec09LQIY3b6jEde0pQ.rdlRQO5Y4-NlVGPuYHfh0_qbHtaOHlGT5uYhbCKHNIc
2587029917	06	https://00.img.avito.st/image/1/1.a1fgOLawx77Wj0Wzuj0ZLfGYxb5Qkc-0Vg.rxO-skp9LPdMZT1Q5oukkh1kDp9tHtsM2rVM_lYY6Ik
2587029917	07	https://00.img.avito.st/image/1/1.qJiYVLawBHGu44Z8xG6q4In0BnEo_Qx7Lg.kVszl4DEJvU1m6Y_B6zmA9DGnTQGurrITwo3_BmtKLY
2587029917	08	https://00.img.avito.st/image/1/1.fEjBN7aw0KH3gFKstUIyMtCX0qFxntirdw.eGLTHI5fD2rP-1qwVvAxLxze65ev3ASIZ7SyEmxy0SY
2587029917	09	https://00.img.avito.st/image/1/1.SfTYRLaw5R3u82cQxmlfjMnk5x1o7e0Xbg.XJ-VEYU1gS_-wsjK_4EwNZ8Jk9rxAUl2xrTUxvGYlus
2587029917	10	https://00.img.avito.st/image/1/1.41G62LawT7iMb8218IOHKKt4TbgKcUeyDA.ckWU32bs5nERwk4Ysp3GaCrRb9FcPVN6DxiAiW7Pb3A
1883128638	01	https://00.img.avito.st/image/1/1.EQVQgbawvexmNj_hfsEUfUEhv-zgKLXm5g.nyJaIGa_S9PT3p4d9u1eKFAcszSX54AluHdKWU3UeiA
1883128638	02	https://00.img.avito.st/image/1/1.JFDBNrawiLn3gQq0hVpoKtCWirlxn4Czdw.m_Ph-f6gbDWD8DqaX59-_wVRDtyxgPd33donuNLYGlM
1883128638	03	https://00.img.avito.st/image/1/1.RjZrbLaw6t9d22jSa01fTnrM6N_bxeLV3Q.hocDabxqwSVNKKlZUMUD08T5KiTpqj0lkF_inSj6LKg
1883128638	04	https://00.img.avito.st/image/1/1.8rZo8LawXl9eR9xSAPO8zHlQXF_YWVZV3g.q6NsGbpfqOyyQeimp3CCJIGG1QNxpeBC_nJq0BuWICc
1883128638	05	https://00.img.avito.st/image/1/1.yIZT1LawZG9lY-ZiT9eT-UJ0Zm_jfWxl5Q.hNd3OhdLcbWIHa2mmck-aPQ6113C5WgU1WKZ3RBzu6M
1883128638	06	https://00.img.avito.st/image/1/1.VQ_wTraw-ebG-Xvr1jtWcOHu--ZA5_HsRg.WJz3XYP6buTlm6quH-gDVqdkaSzhi1-EcinKXCGqx1Y
1883128638	07	https://00.img.avito.st/image/1/1.WjBwXraw9tlG6XTUSDdeT2H-9NnA9_7Txg.k2bNeqsr2jnwEjbXRjsd81oWkig-1nplts75fxRozzg
1883128638	08	https://00.img.avito.st/image/1/1.cjdyvraw3t5ECVzTGu93T2Me3N7CF9bUxA.WEvtZ4qHtx9ehix5P1bXz_4uVvyW1gMfAMre0cr_IFo
1883128638	09	https://00.img.avito.st/image/1/1.sJMlVLawHHoT4553ST7F6TT0HnqV_RRwkw.dmeRaN7KI-r9EoGdIF3XKY-1b5VoY3A2N55TqcThU6Q
1883128638	10	https://00.img.avito.st/image/1/1.HgnvfrawsuDZyTDt305rc_7esOBf17rqWQ.uFj4upezFlcUQw5vd5uEStLZis7bhlbl5QA1mvWDd_Y
2299476570	01	https://00.img.avito.st/image/1/1.lH2t1LawOJSbY7qZiZrfB7x0OpQdfTCeGw.SN6XT6uOMeiQHf6uI6J3t2ts0oU1VrvyL03rL_F6umw
2299476570	02	https://00.img.avito.st/image/1/1.rQZPBbawAe95soPiGQOzeV6lA-__rAnl-Q.mfVlJ3MF7_9UHpTas9-k0tkZrt6greihBOXnzZwvCFc
2299476570	03	https://00.img.avito.st/image/1/1.T5K7GLaw43uNr2F2qVVM7aq44XsLsetxDQ.bDhQrSR7wiup7-ngfx57ms-UzOSD6eUXqQF9gCgpIh8
2299476570	04	https://00.img.avito.st/image/1/1.sJg0VLawHHEC4558WC6n4CX0HnGE_RR7gg.m7J9DrdhYuggyctbLmiXHkMzpCTRuwoGjAkjggiegm4
2299476570	05	https://00.img.avito.st/image/1/1.v9oNzrawEzM7eZE-f_jspRxuETO9Zxs5uw.aF8syvbCYkrTFI1CwCvz-eYXOeDdwjXpd5cTgT0SY-0
2299476570	06	https://00.img.avito.st/image/1/1.GQBYRLawtelu8zfkZkwAeEnkt-no7b3j7g.derFBajG90F1I9dKu3hB0vJEkWWm3bzKwIxZcXzZ-oU
2299476570	07	https://00.img.avito.st/image/1/1.m1GxOLawN7iHj7W1ix79KKCYNbgBkT-yBw.nnlHNQWgoLOGd6P8Mx-JY5pFGLQztZb0nAcq0TZdIpc
2299476570	08	https://00.img.avito.st/image/1/1.fX1b77aw0ZRtWFOZLfJWA0pP05TrRtme7Q.akC2p-Xb6c-QZ8Imoco7SvTe0nuNFXZH7MmpGd1qiiU
2299476570	09	https://00.img.avito.st/image/1/1.E3AMxLawv5k6cz2UJuBtCR1kvZm8bbeTug.zegCcbJklHRK5ne_ViAPeSyfNHmgYwHyPVWYOamUn6s
2299476570	10	https://00.img.avito.st/image/1/1.-wKNGrawV-u7rdXm92nmepy6Ves9s1_hOw.erD13IR7MUteB9NRFiF747a3dDICC3vCKQ5fzR8ClCg
2267646975	01	https://00.img.avito.st/image/1/1.A1GzmLawr7iFLy21uehlKKI4rbgDMaeyBQ.d_FFsm7yd6NPopUacEIWZSjzOv3yqhfESIt96rCAYJM
2267646975	02	https://00.img.avito.st/image/1/1.bjZlB7awwt9TsEDSNUIUT3SnwN_VrsrV0w.qj6w9TJPwW_PAFet8h0g57P-3E5SUHTtjI6hlzHNgJg
2267646975	03	https://00.img.avito.st/image/1/1.m1HZWLawN7jv77W143LnKMj4Nbhp8T-ybw.GrB0mI9cjHlYxiaBWWZUBR8p_bBj8RNu_C7Iedr9zPY
2267646975	04	https://00.img.avito.st/image/1/1.n1AQnrawM7kmKbG0IrDgKQE-MbmgNzuzpg.M0GRVjoPy6OKgs72hvFTklk2ggS1Ull-g-4-Vctnmg4
2267646975	05	https://00.img.avito.st/image/1/1.9FjB4rawWLH3Vdq8pYWQIdBCWrFxS1C7dw.dT0UfTv9t_Qzt5caNmlbPWMOax9-sTVfRz1eWw0B9JQ
2267646975	06	https://00.img.avito.st/image/1/1.7CjAUrawQMH25cLMlEXoV9HyQsFw-0jLdg.8Lc1C5MZi6kEHUrv1K83ylvJrRXsaRCCFnvTtQUMTKw
2267646975	07	https://00.img.avito.st/image/1/1.3-wNPLawcwU7i_EIP2fElByccQW9lXsPuw.DnyvJagub49uD5R3_6p6Y1y9FZJp2EMaqCc-qd5hmbw
2267646975	08	https://00.img.avito.st/image/1/1.i2-NFLawJ4a7o6WLl0aNEJy0JYY9vS-MOw.NW5F_kcI6OEMujUPOyV7oopsDxM0pFMghVuRtIkOQBI
2267646975	09	https://00.img.avito.st/image/1/1.0T8aTbawfdYs-v_bNH78QQvtf9aq5HXcrA.oS69Lge3u59JZqjapJILCpARpwkBCHpw3F36cSvaAkY
4475495197	01	https://00.img.avito.st/image/1/1.SWfYd7aw5Y7uwGeDxkJmGcnX545o3u2Ebg.gGdaYF0C9Ppo5eKMXKohGokzYha6I2PYhJr2U-8KRPI
4475495197	02	https://00.img.avito.st/image/1/1.6NzZaLawRDXv38Y4hQ_2o8jIRjVpwUw_bw.5Aqvg4kxM7CBdbP1gXd5WDXWnHP07BZw3fah0m5SYjg
4475495197	03	https://00.img.avito.st/image/1/1.FVVZjLawubxvOzuxf4RdL0gsu7zpJbG27w.3kK_sDgXeDY5YcuEGWUViskhG9KOT9SeSO7GvL1M1y8
4475495197	04	https://00.img.avito.st/image/1/1.3OTB4LawcA33V_IA9bu9ndBAcg1xSXgHdw.eDcwEpjBrH3NuPsCdU-_8sOaNBjJJYWgLYcPyMGmxMY
4475495197	05	https://00.img.avito.st/image/1/1.n1AXxrawM7khcbG0Jdj9KQZmMbmnbzuzoQ.Kl3p8zl9W0GSEj8JLKo3kcWiI2lgvSX7H7IdM6iA5PA
4475495197	06	https://00.img.avito.st/image/1/1.29AKBrawdzk8sfU0MHWVqhumdTm6r38zvA.ncj0KM36QTv4_-kJBqPiUyKTZllsZpmgUFiCj8NLTj8
4475495197	07	https://00.img.avito.st/image/1/1.jgkUfrawIuAiyaDtBCD8cwXeIOCk1yrqog.UEnakiU5Nmw1BHbEhdBXqc2yR1896TSWX7CfQqWg4Yk
4475495197	08	https://00.img.avito.st/image/1/1.FDDB7rawuNn3WTrU5eJoSdBOutlxR7DTdw.eZ4VPhbuSuN8-RzHMbGIqOZpSn-TZyzJlXpobHRKer0
4475495197	09	https://00.img.avito.st/image/1/1.FR1b6bawufRtXjv5fcU4Y0pJu_TrQLH-7Q.vYPWRXfyU7lDaoiVH1nfLnYPGeZDIAPupulqdJvPozA
4475495197	10	https://00.img.avito.st/image/1/1.1J1FhLaweHRzM_p5YffV4lQkenT1LXB-8w.nFmbqoRXC-osQ5l2VRrypv9eVkYrHFFiH86N1IqgdB4
2586954979	01	https://00.img.avito.st/image/1/1.8QVRCrawXexnvd_hPxHsfUCqX-zho1Xm5w.o7ZSK9Urrn5hMqk3gLWe73y9bChheNq9x1Hgu_KUnSY
2586954979	02	https://00.img.avito.st/image/1/1.gMmmq7awLCCQHK4tqv3m6f0KLiAWAiQqEA.T-VI2McwAhVwUB3SNsqyGyCnUxS_xghHp4SVa8akAME
2586954979	03	https://00.img.avito.st/image/1/1.4oZvZrawTm9Z0cxiJ0Hpzw_HTG_fz0Zl2Q.eGytdrnWVejXNjDV3QAb4uy3GK1BT0CAl1NJL2_yz-Y
2586954979	04	https://00.img.avito.st/image/1/1.UDcB17aw_N43YH7TLcosThB3_t6xfvTUtw.uU7gTETwcYABOaTlmgQVGPfQqfbV9ChzPuIIrIcGoVU
2586954979	05	https://00.img.avito.st/image/1/1.wyoHpLawb8MxE-3ODcfUDVwFbcO3DWfJsQ.Lz3GUSwwkt-RSLi9XltPQgtiCOK6bEdfSVYcy7aCSsM
2586954979	06	https://00.img.avito.st/image/1/1.hwgN2LawK-E7b6nsD8qPdxx4KeG9cSPruw.eXazzC_DtTF6-CRmZA2lrcB5HmgT4hJOHjCFp9vc9h8
2586954979	07	https://00.img.avito.st/image/1/1.zQSgJbawYe2WkuPgtjK8frGFY-0QjGnnFg.hLxHdMBVL3zhrkzU5aKDiz6WWOiEJpSFOMmyJ4JcsBM
2586954979	08	https://00.img.avito.st/image/1/1.bQb8Vbawwe_K4kPiqnhAeO31w-9M_MnlSg.l7i0GZVBQFBNH5nvjcvcO5oquDzrCFeqEigeXn4j8SA
2586954979	09	https://00.img.avito.st/image/1/1.ZV_4TrawybbO-Uu7vj82IOnuy7ZI58G8Tg.V2gWdLfkuDaar92Dv-VBOkKt1rgM_64REYpe9_pYEEE
2586954979	10	https://00.img.avito.st/image/1/1.mIR7lLawNG1NI7ZgR5KG-2o0Nm3LPTxnzQ.JVZtrtk7aT6vsKNyMmkRy5oFWCgogBIw6jvFDgYh_7s
3643550247	01	https://00.img.avito.st/image/1/1.ZDKh1bawyNuXYkrW5ZQxTbB1ytsRfMDRFw.529aCHvT_StfdZKsVcfO6DAo7RrEm5zWbG3NjcViyBU
3643550247	02	https://00.img.avito.st/image/1/1.q1JZeLawB7tvz4W2A1a3KkjYBbvp0Q-x7w.jvbN8Z20-wX7x33su6-uKNUVEB9gaBVOrMwSH5ouoME
3643550247	03	https://00.img.avito.st/image/1/1.WjdBTraw9t53-XTTeWNGT1Du9N7x5_7U9w.nj52jfYoXFMS2HiyLtiJfSV4BeGMGWGRIXkJV-ayM4E
3643550247	04	https://00.img.avito.st/image/1/1.-M1BzLawVCR3e9YpPff7slBsViTxZVwu9w.t9CUhn7y8CdMI5Fs-w2w4UcHVQsRYN9HMjPlrMSocwI
3643550247	05	https://00.img.avito.st/image/1/1.ynF127awZphDbOSVbdDMTy56ZJjFcm6Sww.S_XEcYKdYmkXkjNJ4gZvsnOt8SaiE-kzUpEtT0XHljY
3643550247	06	https://00.img.avito.st/image/1/1.5jYAGLawSt82r8jSQCO0SRG4SN-wsULVtg.Nt5L-WghFx163rqbVH3FtZDWO0KeEa_qFigEZmZ4U6w
3643550247	07	https://00.img.avito.st/image/1/1.zQZWXbawYe9g6uPiQHbKeUf9Y-_m9Gnl4A.eBCzAxQqAUa3_VgREH1iW36uue2wspqJ7P30A7EVyQQ
3643550247	08	https://00.img.avito.st/image/1/1.51DOrrawS7n4Gcm0jOHgL98OSbl-B0OzeA.cuVWPoueFjcpEiL3a1zg8aLGDsa_6lrJKwUYbKxMmKg
3643550247	09	https://00.img.avito.st/image/1/1.Cl1arLawprRsGyS5QpRqFX0MpLTqBa6-7A.VH5IVV_n4SrOuz1czHoTM0zuoVnze5tziJHWFmWNhHI
3643550247	10	https://00.img.avito.st/image/1/1.sjBFLrawHtlzmZzULRisT1SOHNn1hxbT8w.Ku0yq04xRL1x3ifV36s9uGV_ybPuKaMdzIZfZgrhHeo
7674137223	01	https://00.img.avito.st/image/1/1.11DkMrawe7nShfm0xkX6LvWSeblUm3OzUg.aOo1uJCveZnpg52BNTvpXhRJRXA3IBd3k30mfdL7FKQ
7674137223	02	https://00.img.avito.st/image/1/1.T4alGLaw42-Tr2Fit2kc-bS44W8VsetlEw.yU0HiRKtLT1HkZTuEjZYYOL4bOtIHFgCNhFkiCZO0t4
7674137223	03	https://00.img.avito.st/image/1/1.ko8LeLawPmY9z7xrIwLH8BrYPGa70TZsvQ.vB9oc3d4vpsnsEffRBQtViOGTlSCpmNSJwoQO6DTb6g
7674137223	04	https://00.img.avito.st/image/1/1.XJw__Law8HUJS3J4C_Up5i5c8nWPVfh_iQ.RJ3WoLUeV7rACQJrUxaV21gLzVBS8vJV76fYWM48zzs
7674137223	05	https://00.img.avito.st/image/1/1.S3aNFLaw55-7o2WSl2VLCZy05Z89ve-VOw.yv04S9CBt3iC5ansD0BOtNA45UdSK8k5yiaTDFDqtko
7674137223	06	https://00.img.avito.st/image/1/1.ZjpDfrawytN1yUjeA38OQ1LeyNPz18LZ9Q.rEpaQDboOzCdnhVXym5AMPqrgPHNpHl8bJBHyf0OJXw
7674137223	07	https://00.img.avito.st/image/1/1.HKtZ1LawsEJvYzJPbex60kh0skLpfbhI7w.Jm6O9X2C1_VJCKZvOAREUIUtUc7yAaUJj6I-oxfViaY
7674137223	08	https://00.img.avito.st/image/1/1.hf1YIbawKRRulqsZXn_ghEmBKxToiCEe7g.TITpNNIRQeZl2cwyTiKCBtSUfhcqOD85a9kVRNyADfo
7674137223	09	https://00.img.avito.st/image/1/1.RODAfLaw6An2y2oExCEdn9Hc6glw1eADdg.h2JsnKgSF96xlTnfWF6_UQ8Vshue7THbAS3qAqKtCU4
7354387800	01	https://00.img.avito.st/image/1/1.yjdBbrawZt532eTTWUnWT1DOZN7xx27U9w.1CuhrqgIFBB75etVdkSSiEnvnBQixDig-NHLZC1c2tM
7354387800	02	https://00.img.avito.st/image/1/1.8vZtabawXh9b3twSBTrwiXzJXB_dwFYV2w.BtIFZ_CC2DPIpaHzHsJplvlOycWFm2slx9DzGO6DYQI
7354387800	03	https://00.img.avito.st/image/1/1.v8YNALawEy87t5Eifw7UvxygES-9qRsluw.LENhyI1aqaO5jATLEbG0kn9iA55xX7irBJyP2wKTF58
7354387800	04	https://00.img.avito.st/image/1/1.VVsITraw-bI--Xu_LkcCJBnu-7K45_G4vg.YIDu8H9OKwDnpkLUtWQ65PZj5Im0EOg6m6k0jycQGYo
7354387800	05	https://00.img.avito.st/image/1/1.sOLzAbawHAvFtp4Gnw__xKigHgtDqBQBRQ.WD7yhIXzHD1ma4l6aQAx2iCNIE0mFy5qld7rQk2bhV8
7354387800	06	https://00.img.avito.st/image/1/1.MGsB0LawnII3Zx6PbYwnExBwnoKxeZSItw.PmLh_-TEKblf958y4bdiPVR0bT2jSpcGBlf51Wy2lGI
7354387800	07	https://00.img.avito.st/image/1/1.W1wueLaw97UYz3W4FDVaIz_Y9bWe0f-_mA.EsGrQ0Pm3BaC6eE9EXAqCxbWqW3ntT-tbjQmQ9UgXpg
7354387800	08	https://00.img.avito.st/image/1/1.r1DMerawA7n6zYG0nhyjL93aAbl80wuzeg.oDKusnIG_nNiks10uaDZvAObbvtCdcKAuBIhPPbHZVk
7354387800	09	https://00.img.avito.st/image/1/1.8YVECLawXWxyv99hKge8_1WoX2z0oVVm8g.tZg4YqwjlVLMxx5irFMBY_oalyZJ5rWMfIZwnNGJnRQ
7354387800	10	https://00.img.avito.st/image/1/1.51AQvLawS7kmC8m0UteYKQEcSbmgFUOzpg._Ik81boi9sRB3uNp50w3cpsZTexXk8ZlikMmQo_vMCk
8090144893	01	https://00.img.avito.st/image/1/1.ZWhgTbawyYFW-kuMJnABEXHty4HQ5MGL1g.DutQn_PjN0X6CocKPwOxctR6s6IO0j6odPJCaY6K89E
8090144893	02	https://00.img.avito.st/image/1/1.zJ1soLawYHRaF-J5ePef4n0AYnTcCWh-2g.d7g_i1_FJhUWc4nJO9tPWkK7wXu42lduQ7SpShQQLkQ
8090144893	03	https://00.img.avito.st/image/1/1.UJxB2raw_HV3bX54bfMZ5lB6_nXxc_R_9w.-bZhsLPwM4ane1FtK67QtcHFgXFnL-cBIZBiU6XqWcg
8090144893	04	https://00.img.avito.st/image/1/1.fz4N3baw09c7alHaf6BjQRx90de9dNvduw.KHCSDJYwxFTo5HGSoA2P91Lm4QBrF-NFr5t5OAEi5ss
8090144893	05	https://00.img.avito.st/image/1/1.jcZQTLawIS9m-6MiRmrHvEHsIy_g5Skl5g.-F1n75c4LoZrfANPh2HGBWMkqMErutzIWPh2t2yrrXI
8090144893	06	https://00.img.avito.st/image/1/1.M-4NGbawnwc7rh0KZ3lVlxy5nQe9sJcNuw.rIPVCmnhZHtwppYzzkFyN6FcKhYMFmm5y1ywtu17gi8
8090144893	07	https://00.img.avito.st/image/1/1.6sZqWbawRi9c7sQiMgbwvnv5RC_a8E4l3A.DDy-3obfQBV0yEh28o-IS_JZqHroWFcyVBTIT9ZDE-U
8090144893	08	https://00.img.avito.st/image/1/1.GuD7frawtgnNyTQEw3p4meretAlL174DTQ.1cO0PZmcMUII57UGskl1qz_XEb1Cm-DGhcMbsVJL2_8
7770228674	01	https://00.img.avito.st/image/1/1.8nZta7awXp9b3NySBRjxCXzLXJ_dwlaV2w.bp4wWky4SgzTf14nKhowd2_N1UFtcdfAhi-M64LTjUU
7770228674	02	https://00.img.avito.st/image/1/1.VyErGLaw-8gdr3nFCXUaWzq4-cibsfPCnQ.LFh3Ho2OSyUpsEG0GIZyfIyzEpipPQxoJhK1uphtJDk
7770228674	03	https://00.img.avito.st/image/1/1.U0JtH7aw_6tbqH2mR3IeOHy__avdtveh2w.YVGrYLbsAGNcXjI-9rFKteQW0cQWTbwXhdAfcd2YqWg
7770228674	04	https://00.img.avito.st/image/1/1.Z4ZBGLawy293r0liAyE3-VC4yW_xscNl9w.od6qkxgW6xj3KcEitWI07bWbBDNP93dMDDyR7wmF1dk
7770228674	05	https://00.img.avito.st/image/1/1.z1Dl1rawY7nTYeG09-nlLvR2YblVf2uzUw.uWFInXgiIOVhsqh-_nmHW5AvENQHdqALcwdBpntVil0
7770228674	06	https://00.img.avito.st/image/1/1.99oNBbawWzM7stk-bzKIoxylWTO9rFM5uw.Rp7izjRQ-yPdNKLy7m2DXwaR06K-C2h4M3inhSYMhyQ
7770228674	07	https://00.img.avito.st/image/1/1.MK2B2rawnES3bR5J7e5_15B6nkQxc5RONw.2e9mAljtRWKMgeCsuqjhbDRm1wYjwWwB425rX3aAVAI
7770228674	08	https://00.img.avito.st/image/1/1.aQzmzbawxeXQekfouJh7dPdtx-VWZM3vUA.wGD4fjf7t2Ft1UgAUC2oyqraq7ht7Q-n04VUvKMyXXU
2395185225	01	https://00.img.avito.st/image/1/1.TGG51Law4IiPY2KFrY0_G6h04ogJfeiCDw.v-ZQYE85K9-xCaeqo5CpUiPNpfxyEn2QfZKT8-CP1ms
2395185225	02	https://00.img.avito.st/image/1/1.QQVH4raw7exxVW_hSbsyf1ZC7-z3S-Xm8Q.jmLWDXSf5JhABSw125UuoEGW2HqjEXWYVtvaMlNlHC0
2395185225	03	https://00.img.avito.st/image/1/1.lcMgTLawOSoW-7snBlLauTHsOyqQ5TEglg.h2nfNFPOJd2eWPWxWNc0WRmVilXCHk5zzO_ANWC6u3U
2395185225	04	https://00.img.avito.st/image/1/1.C5AK6Lawp3k8XyV0ENB-6htIpXm6Qa9zvA.3bnYhz0QKTod1_0Y4xl_1Ap9N7Ii_1fiYCvN5cC0yXI
2395185225	05	https://00.img.avito.st/image/1/1.W113mLaw97RBL3W5TekMImY49bTHMf--wQ.1I-ZChmkldydL27wN-oOxeDeBboq3L-aVFmSJnHqJI0
2395185225	06	https://00.img.avito.st/image/1/1.ORqbTbawlfOt-hf-5XVMYIrtl_Mr5J35LQ.Dcl1nvp5bHCkeEfinwsUh53LQYdO7rJ_30KfF_Pkmyo
2395185225	07	https://00.img.avito.st/image/1/1.RHDBKbaw6Jn3nmqUxWQ2CtCJ6plxgOCTdw.1uoT9_DARta-gQ7La8I4HPw5da5LIM_-h8SAUk-EOeY
2395185225	08	https://00.img.avito.st/image/1/1.BQZTLbawqe9lmiviVT0HeUKNq-_jhKHl5Q.Arqg9rYKRmXqznlj1semWm5PL5-yC4LESHhini6rsZs
2395185225	09	https://00.img.avito.st/image/1/1.t1B8VLawG7lK45m0Hm77Km30GbnM_ROzyg.FU4EjbjpKEy6lZsl10JOPv3AR91PcYPt89MEBAI6EYU
2395185225	10	https://00.img.avito.st/image/1/1.e5ABJLaw13k3k1V0ex197xCE1Xmxjd9ztw.OfbOowEexN_6rFCyFLTQVZXONgKN4CGsMp4_6rWXSvs
2618824477	01	https://00.img.avito.st/image/1/1.wgkbf7awbuAtyOztEwDUcQrfbOCr1mbqrQ.YRcKE2Qbsy6lAzrZRpo_h4oiRpYJsZB_V3ZLekVvFSo
2618824477	02	https://00.img.avito.st/image/1/1.u5ABL7awF3k3mJV0e3W_7xCPFXmxhh9ztw.woKvH1Pq1aZw6lYxTe0Oc1guZEtY1Db5w894m4spISc
2618824477	03	https://00.img.avito.st/image/1/1.Ny8BGLawm8Y3rxnLYyBCVRC4mcaxsZPMtw.Kjp3TCtlnvhMwj-MTgpf6iv7Vf5BEeNKXSOm7fEp4_E
2618824477	04	https://00.img.avito.st/image/1/1.xl1bfrawarRtyei5Wx2WIkreaLTr12K-7Q.d1ffpb2m2fFEm3fUE-asJgRezlkOpbPC9vwrubQX7Bw
2618824477	05	https://00.img.avito.st/image/1/1.Vjspfraw-tIfyXjfCVc1Qjje-NKZ1_LYnw.WWTi55uJJ-D9hnzi-leYeI_1BoULiWmAwXIxAUI-lm0
2618824477	06	https://00.img.avito.st/image/1/1.qjDW_rawBtngSYTUjrz9T8deBNlmVw7TYA.pSxAkk6sB0cWbu-WvTYcWMn0-YfC9YeZc7s-Icbb4DY
2618824477	07	https://00.img.avito.st/image/1/1.WJ-Q1Law9HamY3Z7rOU75oF09nYgffx8Jg._6u0KgZsijZGhDIX_iiwscnzor1tGiyjxtx4Mi4saK0
2618824477	08	https://00.img.avito.st/image/1/1.nQXObbawMez42rPh-F-Cfd_NM-x-xDnmeA.cGJsDon00KVUDc3vloKz1RY4V4tB0xIDUg1SY4TQWdY
2618824477	09	https://00.img.avito.st/image/1/1.jV5YTrawIbdu-aO6TmzfIUnuI7fo5ym97g.UArTkLbSNgH8f781UlELwQ9L8Pcsk3YWdk8WRHjSZHE
2618824477	10	https://00.img.avito.st/image/1/1.0ja3nrawft-BKfzSn4W1T6Y-fN8HN3bVAQ.yJESKEXJfQTXaBcyoGkTcKiKm-AEyoP8qMxQxPFn74w
trendo_msk	01	https://00.img.avito.st/image/1/1.WjdATraw9t52-XTTeCNGT1Hu9N7w5_7U9g.6yGhiqkj-65sfnOW-WebCaSAzP1ITEqFd21nHHHKTLI
trendo_msk	02	https://00.img.avito.st/image/1/1.ldjbbrawOTHt2bs8_QzB5ubOOzFrxzE7bQ.HZ3TTYAxiSIe3H0UhycrtMGmsphTb1sgDQl4if10vqM
trendo_msk	03	https://00.img.avito.st/image/1/1.t5g8DrawG3EKuZl8XgD6oAGuGXGMpxN7ig.tVTQzWAF-hDaMp6mn5V9HzM75SdUUzHrkDjd9oGN7iU
trendo_msk	04	https://00.img.avito.st/image/1/1.aRlXzbawxfBhekf9CZAgY0Ztx_DnZM364Q.zVKs9ubeuze3Aux1bM5Zx412kdRpw8yvIlGQkbMrQYQ
trendo_msk	05	https://00.img.avito.st/image/1/1.CQVoj7awpexeOCfhdr8Menkvp-zYJq3m3g.imfWAqs8YWNQDfDeLmSR6wiVVtogAl58rejuGfLPFkY
trendo_msk	06	https://00.img.avito.st/image/1/1.otIbfrawDjstyYw2U0DZqwreDDur1wYxrQ.hssxSJoveYeJlxCtLO87HJGmufr-6NyZ2SjM18IdNnI
trendo_msk	07	https://00.img.avito.st/image/1/1.tQSXBbawGe2hspvg8QPzfoalG-0nrBHnIQ.TfamfjLa8ZfOvpK-2xpZJwBEpxVH3txucW57gu90xSs
trendo_msk	08	https://00.img.avito.st/image/1/1.tjZTPLawGt9li5jSMxb9TEKcGN_jlRLV5Q.v0TkgVrriV0xKjIpDS66vQ4vWWJQcAg1oFKOssa1gBs
trendo_msk	09	https://00.img.avito.st/image/1/1.uFzFB7awFLXzsJa4uRmrJNSnFrV1rhy_cw.A7lELhLRSAXZ2aHd79Zm251dlLrr7ZqwnZ9HKJpTAWM
trendo_msk	10	https://00.img.avito.st/image/1/1.7VVY3rawQbxuacOxDtX3LUl-Q7zod0m27g.Wwh6WIhiIqA61YOQNYjU--5JPxz1VH4GZ0pfiGl3N9w
2011886361	01	https://00.img.avito.st/image/1/1.XjYACbaw8t82vnDSMHQMSRGp8N-woPrVtg.Vs12bi4AbvD9F95Fmemr-sUi-v6mdRVIfi7ZLPuRtJE
2011886361	02	https://00.img.avito.st/image/1/1.YDUB17awzNw3YE7RTeocTBB3ztyxfsTWtw.95r5mGR2pBdrp4VlLx5BGB-TaHWX42JvF-RKd-mcpgI
2011886361	03	https://00.img.avito.st/image/1/1.7mZrc7awQo9dxMCCOxCNH3rTQI_b2kqF3Q.xrV5b4jDZy6WvwRCw1BsPKhcb3XbqiSqZ_R0Zn7YOD0
2011886361	04	https://00.img.avito.st/image/1/1.2FzCvbawdLX0Cva4_oK8JdMddrVyFHy_dA.RwuRYfCmBBElJHmySZ_2tzauDtGv_Zp1JD2Z0E0jBZA
2011886361	05	https://00.img.avito.st/image/1/1.nQZW5bawMe9gUrPiYJOaeUdFM-_mTDnl4A.BYw5kv5mNh-eMDUbtFL8ro56tUdQVqI9jGaVGI02Ufk
2011886361	06	https://00.img.avito.st/image/1/1.VldTfraw-r5lyXizcz9WKELe-L7j1_K05Q.6zdu07BOWjoFZhGB8F1GhTCzJVCEzd1QoQskrlJ_oqY
2011886361	07	https://00.img.avito.st/image/1/1.vi1rb7awEsRd2JDJGyG_VXrPEMTbxhrO3Q.8ls-lM_Iwq7oBUhLt5kWTW_LYo4gGYkMh24NuyjCP1o
2011886361	08	https://00.img.avito.st/image/1/1.B1B8crawq7lKxSm0fgZLKm3SqbnM26Ozyg.5TgP0bR9NebzU2LBA-05BQMI8a80yc2QytSo5G5qKyY
2011886361	09	https://00.img.avito.st/image/1/1.sJhh1LawHHFXY558Dfat4HB0HnHRfRR71w.5Qh2S31nPpEKp7WuJRznjK0rLXYsr18DMlqVEsz776s
2011886361	10	https://00.img.avito.st/image/1/1.vPDAUrawEBn25ZIUtBy5j9HyEhlw-xgTdg.WO-Aj9grElPIHN3DDDmNc8UrlQ4z2cxBNSmHtFi1Q9Y
7450262731	01	https://00.img.avito.st/image/1/1.gQVt3bawLexbaq_hY__Renx9L-zddCXm2w.E1tAGrDlCX5Ont9o2RnB05crAdmboFm5Hdi5ZbPaPTc
7450262731	02	https://00.img.avito.st/image/1/1.ZNKJ1LawyDu_Y0o2zb1xqph0yjs5fcAxPw.pZlNw_eSjtZ8nW6ZiCtOVdID-CUTABC8SUa6FRryt0k
7450262731	03	https://00.img.avito.st/image/1/1.sJ-uVLawHHaY4557wg7U5r_0HnYe_RR8GA.Uk2Thc-_KGkFnKCb7Xl4uxmIjbNMYNeZbS_B35Ov_pA
7450262731	04	https://00.img.avito.st/image/1/1.65APY7awR3k51MV0VTj86B7DRXm_yk9zuQ.wbEIOVou9UpmSrJauwZ9AYb4uJ31CIBvX55K_rS_IlQ
7450262731	05	https://00.img.avito.st/image/1/1.RFDBmraw6Ln3LWq0xfdQKNA66rlxM-Czdw.kz9AoRDBGTA3m4ttFXSaPe9WD7MPY_K_heExQbqcv5s
7450262731	06	https://00.img.avito.st/image/1/1.WIHa1Law9GjsY3Zl5sVy_8t09mhqffxibA.ldZjxB5_nxQA8DWdpVOPBy9oVJQM34-JIHP-eNJvu70
7450262731	07	https://00.img.avito.st/image/1/1.kEGB27awPKi3bL6lra3iO5B7PqgxcjSiNw.cUa6BPZJFhKQMQ_EPmlidjBQeJExiaEC0FS912B-d_8
7450262731	08	https://00.img.avito.st/image/1/1.BjZ5kLawqt9PJyjSeYgYTmgwqN_JOaLVzw.jVPpuoKZXkny2DLsKIwG1TnhRHpNKxYFIf2M7hwWjLI
7450262731	09	https://00.img.avito.st/image/1/1.ozAtFbawD9kboo3UZzPyTzy1DdmdvAfTmw.IROOocwnUdsw1lKBetde7yWjyVJG4Vkz5_0Y4s7ejFQ
7450262731	10	https://00.img.avito.st/image/1/1.-OFBzLawVAh3e9YFPbf-nlBsVgjxZVwC9w.FALltn1DVinPtQWYYqIXUmngelcC6QxR-mFoT0PLIqk
7962536608	01	https://00.img.avito.st/image/1/1.LEwB1bawgKU3YgKoVbUEMhB1gqWxfIivtw.s-pbZWuY9wWai3l0YfyD6g0sY_SIkh8hbC4RTCpZzpc
7962536608	02	https://00.img.avito.st/image/1/1.a1JI-Lawx7t-T0W2EuVzKllYxbv4Uc-x_g.Q7YnGvCSMZ8-HrIznk5CtK85HvNSnfbP2X3p95FxWXg
7962536608	03	https://00.img.avito.st/image/1/1.IQVovLawjexeCw_hJpQnenkcj-zYFYXm3g.FI-dwZTthW1mSqXvG4GpVG8sAN614GcF92uqwaxRPPM
7962536608	04	https://00.img.avito.st/image/1/1.N7mHGLawm1Cxrxld5SwYx5a4mVA3sZNaMQ.qA1QWM4JoY4Nz2t29A9IMI3Sx_T5fTwQiQKfJtyVtf0
7962536608	05	https://00.img.avito.st/image/1/1.-WhYRLawVYFu89eMJg_mEEnkV4Ho7V2L7g.GviUKSbFc02BwICF70klDi-5TzH7FC_5i-9xElzGdgk
7962536608	06	https://00.img.avito.st/image/1/1.h3wNPbawK5U7iqmYD0eaBBydKZW9lCOfuw.Dy0pRpcIhKSO8oVjo2s8AUf69DfQTjTgOIcPefKS4yw
7962536608	07	https://00.img.avito.st/image/1/1.0QytTbawfeWb-v_og0bHdLztf-Ud5HXvGw.bUQja06YyM-heF-rr0BljeabcIc3bIrrJonq73HBGTQ
7962536608	08	https://00.img.avito.st/image/1/1.qjB0vrawBtlCCYTULOysT2UeBNnEFw7Twg.VBckhFsHvjBhOCcMAdA4DvG6Yl3GUDIC-DAo-oF5KmI
7962536608	09	https://00.img.avito.st/image/1/1.QYVH8raw7WxxRW9hSa8z_1ZS72z3W-Vm8Q.RL-heSnNIiXmqyVcigC5iri3EV5jtu7HYhJsTYMD8h0
2971324590	01	https://00.img.avito.st/image/1/1.r1DOrrawA7n4GYG0nOCoL98OAbl-BwuzeA.lmbi2NcsIksZ4kT4UfTFps2P3j8rTC7zM4BeFSOqv7Q
2971324590	02	https://00.img.avito.st/image/1/1.c1Gk2Law37iSb121zsEQKLV43bgUcdeyEg.ITkx0QlbKkL66Qd6hDNcNEYqpPGuxRZhcCgVlNBRf_Q
2971324590	03	https://00.img.avito.st/image/1/1.YenYfbawzQDuyk8NljhmlsndzwBo1MUKbg.NDBfgCRLu8j1yNUrHJOLANmrTxr0WnqW3fi2ibTTOVw
2971324590	04	https://00.img.avito.st/image/1/1.r1B99LawA7lLQ4G0L47lKmxUAbnNXQuzyw.sCa3eFDwvhn8gNzuQuyQo9kIHgVXYE5cbXLtIJ_lov8
2971324590	05	https://00.img.avito.st/image/1/1.ajdB7rawxt53WUTTGet2T1BOxN7xR87U9w.mOJ6k48yoigDRTWQKWOhFaLlHGtSebAC3-1JzzBQgqI
2971324590	06	https://00.img.avito.st/image/1/1.G9ptFrawtzNboTU-V3owpHy2tTPdv7852w.jPqJM6SGZqVeytcRxJvgFuxPVigkdd7b4A3n53Zvzq8
2971324590	07	https://00.img.avito.st/image/1/1.ZKah1LawyE-XY0pC5ZUZ37B0yk8RfcBFFw.lnTXN0lW7Dtmx9RYKKI98Y9l71ldvRAD9rGAxAGTMgw
2971324590	08	https://00.img.avito.st/image/1/1.p3bFGLawC5_zr4mShyq1DtS4CZ91sQOVcw.JewEaliGC28CZ35FwZGnW8DbVDIvexYD2i723ZbS-k8
2971324590	09	https://00.img.avito.st/image/1/1.4RlbTbawTfBt-s_9FXaoY0rtT_Dr5EX67Q.8vSGLyUHIcdGSXi_Us-awv-X40vkUOQH-QH8e05h1Bc
2971324590	10	https://00.img.avito.st/image/1/1.HRAATrawsfk2-TP0NkIBbxHus_mw57nztg.fFqUnGXcdtSVsI0xnTaij1bwW0Gaj0Op6JcBYDs8i00
7994734137	01	https://00.img.avito.st/image/1/1.zJyJ0LawYHW_Z-J4nffV5JhwYnU5eWh_Pw.GydYN6huOfQp9dzOaRy6AA9-TBNvoKe6xtoW3WHh9VU
7994734137	02	https://00.img.avito.st/image/1/1.AJh_VLawrHFJ4y58cxwe4G70rnHP_aR7yQ.PikIXH5W-rcGwI6ysL4SAW0rIpW8uxJumn1tqgun8E0
7994734137	03	https://00.img.avito.st/image/1/1.2QViLLawdexUm_fhXAf2e3OMd-zShX3m1A.N_uzYnc1C4J2Ir3VkvXWJBoKyO8T4Nhxb1XpxT0Hofw
7994734137	04	https://00.img.avito.st/image/1/1.-KPBybawVEr3ftZHvZrW3dBpVkpxYFxAdw.Pm0sYYaJXhxdafAQKooSSbovAFD3Nn2eewPaSypMe84
7994734137	05	https://00.img.avito.st/image/1/1.9vRrRrawWh1d8dgQC225jnrmWB3b71IX3Q.mLEvMyZrUaWmPmrS3B9ZMtmMHUs3xFhlQ-a0Z_b-cZA
7994734137	06	https://00.img.avito.st/image/1/1.QJzP-baw7HX5Tm54w4gM5t5Z7nV_UOR_eQ.9qGnZTuTe66X21ecOZqzQ3wfTha8kM_TS3ZotTRn6-g
7994734137	07	https://00.img.avito.st/image/1/1.nQXO_bawMez4SrPh-IeCfd9dM-x-VDnmeA.Zq5Ksw9ztKshYv5rAyf4iNuPI2NEMRfNPi12E1lreQQ
7994734137	08	https://00.img.avito.st/image/1/1.ZQmgTrawyeCW-Uvt5hNgdrHuy-AQ58HqFg.lYto-sntTCjIXzgeGiME2RgJk06-_cS_-U0Ks0IOeB8
7994734137	09	https://00.img.avito.st/image/1/1.QvZo8Law7h9eR2wSYOEMjHlQ7B_YWeYV3g.CiDmXbtU37Vi6zF9uI2Ys9VE6WM0ccu_idojlAL9Zec
7386186381	01	https://00.img.avito.st/image/1/1.9BjAULawWPH259r8pHf0Z9HwWvFw-VD7dg.Ds_25GTBhZu8nSr3rlJ9TBvo-0QYy3TcJEK31bFE4N4
7386186381	02	https://00.img.avito.st/image/1/1.HGJN1LawsIt7YzKGefhoGFx0sov9fbiB-w.WiGqMkgZJk1rsZr3_DzuKwIfV4eQ-oJBVPbHATpUKPE
7386186381	03	https://00.img.avito.st/image/1/1.F0wNZrawu6U70TmoL35mNhzGuaW9z7Ovuw.Z_2kUarff1tnKThqH9ZfvyS_wmCXGYfZqaq_DdwdQd4
7386186381	04	https://00.img.avito.st/image/1/1.1J1F_LaweHRzS_p5YffV4lRcenT1VXB-8w._XksKGPnx926cP3f0nd6pnSu-mH1C58EKI0EbmGVLrw
7386186381	05	https://00.img.avito.st/image/1/1.kW3yvLawPYTEC7-J3NqOSqkdP4RCFTWORA.24ghOTf4N9aEtGNQCrq25jmZP08vLtLW_ZBW8MTXIzo
7386186381	06	https://00.img.avito.st/image/1/1.SsKrfbaw5iudymQms2w5uLrd5Csb1O4hHQ.9kDlRsy4cjhwN8hb-Y571uJ2aoR5bLc4P0V-sYUUGko
7386186381	07	https://00.img.avito.st/image/1/1.EYVH2LawvWxxbz9hadRh_1Z4v2z3cbVm8Q.-N57P7v-0sgSofoiiiuhJxDAbFXIPLPLAbtbyxhEz00
7386186381	08	https://00.img.avito.st/image/1/1.PQZTfbawke9lyhPiJUU_eULdk-_j1Jnl5Q.G2oFLziTR4kRcCNtyZEbNpw-X-UcqZZSFd-nUDm-7FA
7386186381	09	https://00.img.avito.st/image/1/1.bJw9YLawwHUL10J4aXUc5izAwnWNych_iw.PAZ9sfvTdueMsZegkqmbKjGTEOfNKFyY5X67muylrDk
7386186381	10	https://00.img.avito.st/image/1/1.-iYreLawVs8dz9TCU0v7WTrYVM-b0V7FnQ.3617mzHPL42UKVJM_dHq8k3yrveZZJRns1AwJIIwOMM
7674813560	01	https://00.img.avito.st/image/1/1.wFJB27awbLt3bO62TZCwKFB7brvxcmSx9w.znRx6ozkb5wSIFJbI6ELz5PFqUnTzTj8DWfPYrW6Tao
7674813560	02	https://00.img.avito.st/image/1/1.9olrHLawWmBdq9htC0Pq9nq8WGDbtVJq3Q._o3qH_RF0GhEzUfenZ0rqtKZTWFi1aDuS9mECZai6OA
7674813560	03	https://00.img.avito.st/image/1/1.T5PxGLaw43rHr2F340FJ7OC44XpBsetwRw.BVCePrGcF-lNW4aMUk3gYhjlhl_AhhQUg-G5T9tZT7w
7674813560	04	https://00.img.avito.st/image/1/1.3DTBnbawcN33KvLQ9ZbGTNA9ct1xNHjXdw.QapyHLIHZoSP5saWON5SrV0Sx52uRwF0WUAc2xUOvn0
7674813560	05	https://00.img.avito.st/image/1/1.NXMITbawmZo--huXbkVKChntm5q45JGQvg.VT4g-2BBlWtK9beOYFdar4STNUOPR7AF7TuFyYRlM_s
7674813560	06	https://00.img.avito.st/image/1/1.og57f7awDudNyIzqM1m3dmrfDOfL1gbtzQ.AJy1UzNcHl3C_WlXOC4A5qRa3Ixuv_qWRt92hm2UPHA
7674813560	07	https://00.img.avito.st/image/1/1.sJghlLawHHEXI558TbKl4DA0HnGRPRR7lw.7gZ6LOQ77x0dIec4CHbirWfCFu1Aat1gmfq_Ysf_CTY
7962180600	01	https://00.img.avito.st/image/1/1.lyAJGLawO8k_r7nEKzLeWhi4Ocm5sTPDvw.02k6L3Mkw07Iy66zrRKo152UM4jaCIeKeTZALhS4M2c
7962180600	02	https://00.img.avito.st/image/1/1.OT84zbawldYOehfbRukWQSltl9aIZJ3cjg.CbWe6vDyY_vscdlZPplctzf5SvUhW1MoI0os-1DatqA
7962180600	03	https://00.img.avito.st/image/1/1.FxQNzrawu_07eTnwL-ZHaxxuuf29Z7P3uw.XJYFvGAGOtve5krM1K8C_lrHqZvqRupgc2DbtldYv7o
7962180600	04	https://00.img.avito.st/image/1/1.oLkBybawDFA3fo5dTbeNxxBpDlCxYARatw.dl6r1JMrfV1fsH8tZZ5hf1bbIq4sYp0MrHgpDpG_5u8
7962180600	05	https://00.img.avito.st/image/1/1.tJ1KaLawGHR835p5Lnaq4lvIGnT6wRB-_A.ftTs-EbkqHwST355CWeswQ0KwQWiLL36U-rTl9ecO8s
7962180600	06	https://00.img.avito.st/image/1/1.EmZtZ7awvo9b0DyCRRMXGXzHvI_dzraF2w.UU3TNP1_dto7VWw_FNnu0YHHWkMbFJuDlJZhKnKkSvU
3003309718	01	https://00.img.avito.st/image/1/1.AQJjzbawretVei_mbbF7e3Jtr-vTZKXh1Q.fkg7hPnIjP_cyxPogFH1WybxscKl9utlmefQC_bLjm4
3003309718	02	https://00.img.avito.st/image/1/1.-ZvYS7awVXLu_Nd_phyZ4snrV3Jo4l14bg.DX2_kXufRwp5o1eTdLG_8kDWSsXO2PBaXtOoY8PLNqk
3003309718	03	https://00.img.avito.st/image/1/1.ZjjSfrawytHkyUjckjsaQcPeyNFi18LbZA.ievWDT6LRIeLqtXTQiksvXCR3L9RlrsPL3bAzWQV9mo
3003309718	04	https://00.img.avito.st/image/1/1.0IYr1LawfG8dY_5iB9eE-Tp0fm-bfXRlnQ.PFLGsMEtSvCZnyStZkmPKVc-IYcH9ekpzAvRQoS-xFs
3003309718	05	https://00.img.avito.st/image/1/1.ExADhLawv_k1Mz30Kaw9bhIkvfmzLbfztQ.iinpAjz0cqK_YADLkhGqYTP-JkUuwaZXe-NWjrEREbA
3003309718	06	https://00.img.avito.st/image/1/1.PjZlrrawkt9TGRDSFc5BT3QOkN_VB5rV0w.9z7GCKuXk4FY9jxPxDzu6EWGKWnEdh86Q9iL4z2gua8
3003309718	07	https://00.img.avito.st/image/1/1.euZrrLaw1g9dG1QCE7kan3oM1A_bBd4F3Q.bgFEoSTEU8M7wRIjyzkmDlfzCdk18E-9RuR4_Cgzses
3003309718	08	https://00.img.avito.st/image/1/1.1jZT37awet9laPjSc_iaTEJ_eN_jdnLV5Q.9rMXfK-Zl47ILpbLm1x4u-MQv_YsSp7KcnAIW2PyJBQ
3003309718	09	https://00.img.avito.st/image/1/1.OjaGfrawlt-wyRTS_h5FT5felN82157VMA.XlCty5sGoeScp3gpPNYC-1wy4du1NB_sIEBaBcLPUQY
3003309718	10	https://00.img.avito.st/image/1/1.otI7frawDjsNyYw2c0jZqyreDDuL1wYxjQ.mNkCiCQQD0iQS0nRwRwLO1_LOZwoQMvoV_Qh774Gj_U
8058084498	01	https://00.img.avito.st/image/1/1.x5K5GLawa3uPr-l2u1PE7ai4aXsJsWNxDw.dj9giOSsb0jjidagdb8DHJxKY2idAF9gHxAC9VoOQSM
8058084498	02	https://00.img.avito.st/image/1/1.qRknTbawBfAR-of9eRfnYzbtB_CX5A36kQ.fkxaOHvmViivWHJX30d-EUyBj6IMbBGa_jtMyvcputE
8058084498	03	https://00.img.avito.st/image/1/1.gNzCR7awLDX08K44zlH7pdPnLjVy7iQ_dA.h4EPk2xpanu6l8Kmj67nHY5W1V03qbQcPGlxtA8L4ac
8058084498	04	https://00.img.avito.st/image/1/1.KCWBzLawhMy3ewbB3fg2WpBshswxZYzGNw.9GKgPxlgXjcpGywablS7cFilAbCNO0Rh8_FxEAmk5_c
8058084498	05	https://00.img.avito.st/image/1/1.r1AqDrawA7kcuYG0eAC6KDuuAbmapwuznA.3UfsWN7WnXJ-XYWGapGPj2kv3wpiN7SvMyjGcgxQSY4
8058084498	06	https://00.img.avito.st/image/1/1.8FzCZrawXLX00d64rmmPJdPGXrVyz1S_dA.Zs7kMabPUrru0DJUpldAhI6gB6fKa0sRZgu4M0NLBX4
8058084498	07	https://00.img.avito.st/image/1/1.WISalLaw9G2sI3ZgpoFa-4s09m0qPfxnLA.EzgU7b-6N-MUrJ_SWnR1n3GD3GHMv0QJi-Inz4hj6X8
8058084498	08	https://00.img.avito.st/image/1/1.kc3YRLawPSTu878p9iKEtcnkPyRo7TUubg.0UaeIRBY4wgM7sar-3CAy70omLmvL_lY36ibvSpbC7g
8058084498	09	https://00.img.avito.st/image/1/1.s1w8WLawH7UK7524VlK2Iy34HbWM8Re_ig.yURSxoNqPtP73coDwS1KnwHQliWkR85a36YWpTvqdKg
8058084498	10	https://00.img.avito.st/image/1/1.jBe51bawIP6PYqLzrY-TaKh1Iv4JfCj0Dw.cT6Lw0VMiuh_JNip0LeABX4B7zp1dXYfwYis94_BDUg
2234993076	01	https://00.img.avito.st/image/1/1.DITAXrawoG326SJg1GYR-9H-om1w96hndg.aS_uAjae5Z2qWOljTFfs3AiRgZsU9Xi-_if3ObpvxBI
2234993076	02	https://00.img.avito.st/image/1/1._lSefrawUr2oydCw7gngK4_eUL0u11q3KA.yftNr5ZPc27kQdbCocKt8atQQhMQJe_sTzxiB1afBFQ
2234993076	03	https://00.img.avito.st/image/1/1.7DzBmbawQNX3LsLYlZr-RNA5QtVxMEjfdw.QXGKnVersdc41uZZaplk_cgH-XgEkrfTw4oxfG_g0Ss
2234993076	04	https://00.img.avito.st/image/1/1.CQVEHbawpexyqifhWj1Ff1W9p-z0tK3m8g.CjSuzpw1y-s_dffczAph-k9wSRp4WOuEkan66E0vlnQ
2234993076	05	https://00.img.avito.st/image/1/1.aTD1TbawxdnD-kfUqwQ6T-Ttx9lF5M3TQw.Fo_rukm8OdTWp33c4lq0yX4lpHa8N6q_NRGJQGXBDiA
2234993076	06	https://00.img.avito.st/image/1/1.SL-Bybaw5Fa3fmZbndxlwZBp5lYxYOxcNw.RTFuFa2WZNY3GFzWaWGZOe1mf3EHWArHk3_f6eAYDFU
2234993076	07	https://00.img.avito.st/image/1/1.njZmm7awMt9QLLDSVq34T3c7MN_WMjrV0A.iwHXffR3zBCEtSkrfl9n3n6oxVBEOK0EXRTCTbuskn0
2234993076	08	https://00.img.avito.st/image/1/1.RjprbLaw6tNd22jea31fQnrM6NPbxeLZ3Q.mF-kpFEug-8ZS3n-T1cvoZlOk9trXs-bpPI0Y7z6Zdg
2234993076	09	https://00.img.avito.st/image/1/1.r1AXDLawA7khu4G0RQbOKQasAbmnpQuzoQ.1PFyXxZm7Ru7cXLmwo3BzvVclzKEetpM8-67lLO_OK0
2234993076	10	https://00.img.avito.st/image/1/1.qja5rrawBt-PGYTS4bjKT6gOBN8JBw7VDw.naVzE0_A_nMte6AbqlfixJHF0mVImfq5qBm_6SaY4_g
2267405300	01	https://00.img.avito.st/image/1/1.11DkWrawe7nS7fm0xn37LvX6eblU83OzUg.aVGco2Tb_hb0taMsT-PX13TO_DmiDrxdVt_Ta_pCLQ0
2267405300	02	https://00.img.avito.st/image/1/1.QzAMrLaw79k6G23UBoEnSR0M7dm8BefTug.LX_r5l6YcmApoWBMBsthYCMqXpNfXi191vaFZjzgadE
2267405300	03	https://00.img.avito.st/image/1/1.VdWS4Law-TykV3sxtKUM98lB-zwiSfE2JA.UfJzpAlxprYpXPJGL4_3uzo5Fx42TjY6YQ_DJB5DzdM
2267405300	04	https://00.img.avito.st/image/1/1.nJ0TPLawMHQli7J5J3aw4wKcMnSjlTh-pQ.rMeyDZaXEpCy1fPK_POMe1XnPdF2c8vUIW6koDOWzBo
2267405300	05	https://00.img.avito.st/image/1/1.MbXYS7awnVzu_B9Rtm9TzMnrn1xo4pVWbg.TqnLpp7sMho4kz-5Jysa4epSlYLGekeh2D5z9PnY0b0
2267405300	06	https://00.img.avito.st/image/1/1.OIS6VLawlG2M4xZgxkw--6v0lm0K_ZxnDA.DG68dhzNRTfhwJfNsIaDmt_wI6fFipzjhFLQZ5lTPc0
2267405300	07	https://00.img.avito.st/image/1/1.ML2BybawnFS3fh5Z7f0dw5BpnlQxYJReNw.ePO_Jw9-B9GixLs3stH4UXfveR5bKc6KTw0QQrcJEck
2267405300	08	https://00.img.avito.st/image/1/1.gsZsO7awLi9ajKwiZGWpuH2bLC_ckiYl2g.SOkspHp-JNyH1XefwwCIpF2flFLXPG3cNUkJ3y6mG8M
2267405300	09	https://00.img.avito.st/image/1/1.3f_7xbawcRbNcvMbzZrcwaBkcxZLbHkcTQ.6EMAjxA01xiSwGGQX8Ue1MTC7AEG4_fR8CoZuKTMOO0
2267405300	10	https://00.img.avito.st/image/1/1.011uOLawf7RYj_25RH-CIn-YfbTekXe-2A.sAbRCNJBTK95rFLgu9ApDDJ97SIOIqY7ijQzplbiXCA
4123349675	01	https://00.img.avito.st/image/1/1.dQb65baw2e_MUlvinJBeeOtF2-9KTNHlTA.JtHzd4c8VUQZRWCUbjVjlNo5X7OuXjv36J7r05mRO94
4123349675	02	https://00.img.avito.st/image/1/1.wOYB2rawbA83be4CDdWGnBB6bg-xc2QFtw.ulWVDl2pDYVe9hV_qBPho_l_2tck4XwA9vyOLO6eRbA
4123349675	03	https://00.img.avito.st/image/1/1.PjYKjLawkt88OxDSeuQ4SRsskN-6JZrVvA.tdK7vqI0H-h3k8g7Iqdmjc5lCU280TfZ6VN2Nozqe8A
4123349675	04	https://00.img.avito.st/image/1/1.oUxYRLawDaVu84-oFi68NEnkD6Xo7QWv7g.8zpPVwzTj_pwZ8VA6btk6fpjynuVJOxA5C8497ZR19s
4123349675	05	https://00.img.avito.st/image/1/1.Jn9rCrawipZdvQibKw4NAXqqiJbbo4Kc3Q.uf-nFFZmmt__lFKgtdY9mEn8mC9ifIg4zbvsnJh-9yM
4123349675	06	https://00.img.avito.st/image/1/1.c1ft-Law377bT12zh8UCLfxY3b5dUde0Ww.8pb50KSglCZvMjQbZNr7-jscNxv8Vr0xrC_6ji07qAo
4123349675	07	https://00.img.avito.st/image/1/1.QmM1Uraw7ooD5WyHPWddRG7z7IqF--aAgw.selYOHxOQ9XcPsCYLvLVo9aK4Nh0Jwm0yeuHTVivT8M
4123349675	08	https://00.img.avito.st/image/1/1.c11-mLaw37RIL125FMkmIm843bTOMde-yA.d_hfhkRpD_zJafDO-PJsd6usaXzuCQXJzuGv1_ZIxos
4123349675	09	https://00.img.avito.st/image/1/1.63AMr7awR5k6GMWUVuiPCR0PRZm8Bk-Tug.hjMqbdvGgTq5GMVyiB5APJofJO1eiE2sxmf5Q5ztbzQ
4123349675	10	https://00.img.avito.st/image/1/1.XjZ5Kraw8t9PnXDSSVtFTmiK8N_Jg_rVzw.yfJcmn31RKCvmycEYIOIRxEa1LSSXNO6ZAYm_oq_emI
7450121767	01	https://00.img.avito.st/image/1/1.-fVYRLawVRxu89cRJmfvjUnkVxzo7V0W7g.Z0OQyDi6igBCdkRJQO-b8boL8MlFrrsvpTOnBCJHhDs
7450121767	02	https://00.img.avito.st/image/1/1.KPuB17awhBK3YAYf3YNNgpB3hhIxfowYNw.4alCCPYbWaXK2opm5EG43baWtuXg-NW1GIL4vMvpBWo
7450121767	03	https://00.img.avito.st/image/1/1.BQXO9bawqez4QivhyIkafd9Vq-x-XKHmeA.uzfPPFU13Q_jgRr3l30Jfc4mq7ejQzwILBgAuASYfhY
7450121767	04	https://00.img.avito.st/image/1/1.HBv91bawsPLLYjL_yckbZOx1svJNfLj4Sw.tjwlRPvsNR09Ox-DVipJQB7fLzGboJxt-8rJdLVZ2qo
7450121767	05	https://00.img.avito.st/image/1/1.EYVfObawvWxpjj9hcT1v_E6Zv2zvkLVm6Q.l43QNBLElk0El55TlcKre3j5M4JW2uZW07Gpq57VHCc
7450121767	06	https://00.img.avito.st/image/1/1.LH411LawgJcDYwKaYYBgBCR0gpeFfYidgw.EAHqc3AXeB7TtXg_DVzedYBEiTYxnZH-4_B7Bfu22K4
7450121767	07	https://00.img.avito.st/image/1/1.N5WJGLawm3y_rxlx6zAo6pi4mXw5sZN2Pw.19yNFfnCb203qfG5JZWOjPMGTb78NiJMIy5rCDwlS8c
7450121767	08	https://00.img.avito.st/image/1/1.g9AMw7awLzk6dK00BpH8qR1jLTm8aiczug.rkQtlW9Ju3Eg_mjSyH5OEfin5l-n_UeVuLbomRl5s3I
7450121767	09	https://00.img.avito.st/image/1/1.t1B8KrawG7lKnZm0Hmz6Km2KGbnMgxOzyg.VuC_Y2CWscQ-lxSXUyUqzCcK91Tv4M_2D14U0C2OwIc
7450121767	10	https://00.img.avito.st/image/1/1.XmIs1baw8osaYnCGHNhqX3d08IucfPqBmg.lH110_QF1gjDaTOtv5HAVFFRCZeiMsTmvKpVttG4cBo
2235424795	01	https://00.img.avito.st/image/1/1.ajEkXrawxtgS6UTVfDdETzX-xNiU987Skg.sCYXS6hwcvW1iT44OufR_LqAaQ3B3wMpjI3lT9Wh4Yg
2235424795	02	https://00.img.avito.st/image/1/1.41cZeLawT74vz82zU1evLQjYTb6p0Ue0rw.RDuF2kVgCM4s0zBkuBDJ42apFGf9NMdmBjkxAVvgw7I
2235424795	03	https://00.img.avito.st/image/1/1.Uqg7fbaw_kENynxME0gU0ird_EGL1PZLjQ.Lxbor1eXPNikgULJR5rNYLUVsrhEJVu1U5wa2CsstXo
2235424795	04	https://00.img.avito.st/image/1/1.Vjiqfraw-tGcyXjcilspQbve-NEa1_LbHA.nVlrcJQBrUSRwlEPs-B_nscYP4GkOLh0_OeMXxsrXsU
2235424795	05	https://00.img.avito.st/image/1/1.iARB0LawJO13Z6bgXfqSfFBwJu3xeSzn9w.4rbN_tTInBkoAbnrc6ug4AACB3kru4obb_HdGJRmhGc
2235424795	06	https://00.img.avito.st/image/1/1.OjDZHrawltnvqRTUoSZqT8i-lNlpt57Tbw.k0UA9rs2DAzU9HSVCoQnEqXDzC1DJKfcQQvylCH3hYQ
2235424795	07	https://00.img.avito.st/image/1/1.bjZTCLawwt9lv0DSA3EkTEKowN_jocrV5Q.ljMqVjWZtsM7oJwC1Q7M_RuTBioKBpTootOveJdl2UA
2235424795	08	https://00.img.avito.st/image/1/1.tQU0rbawGewCGpvhUv_QfCUNG-yEBBHmgg.q6XYX9-i82c9ffSzE21e3Arv-v2l8b9t58Du2y8grSI
2619297997	01	https://00.img.avito.st/image/1/1.mjXgfrawNtzWybTR2BzWT_HeNNxQ1z7WVg.LmhJi7KoQb9wP1Fqhp9sV-x9ibDeS8fvaedMYwHrBsQ
2619297997	02	https://00.img.avito.st/image/1/1.sITGlLawHG3wI55gqsK5-9c0Hm12PRRncA.n2B1Fj0UTOmaHJZ9wdH_WtIH38KA-OMztVsW6WkgyTk
2619297997	03	https://00.img.avito.st/image/1/1.ZccQTLawyS4m-0sjVkkuvQHsyy6g5cEkpg.3Qqj69neia7plCaHkppCYzGAFGw7WoJEcFKBRtUH1T0
2619297997	04	https://00.img.avito.st/image/1/1.fLjBNbaw0FH3glJctTA3wtCV0lFxnNhbdw.uviTGVH6ohft3PZbrVMWXqexlCFYtUj-OanJm79itBw
2619297997	05	https://00.img.avito.st/image/1/1.zQb7vbawYe_NCuPi7ebneOodY-9LFGnlTQ.0j7RpdfTuIwElzzSpzAUTP0V4j5DrVarGYEtFfMD9hQ
2619297997	06	https://00.img.avito.st/image/1/1.UDQB0Law_N03Z37QLf1MTBBw_t2xefTXtw.uNbkKgk2bPr1xoL4uk8XKvQKfa-JuqDAfc7giwciOmU
2619297997	07	https://00.img.avito.st/image/1/1.m11h2LawN7RXb7W5W-LJInB4NbTRcT--1w.vtyeXfa-mg4d007zK7gDAxo4Kt5e6sAL2Rx0H6jbAMo
2619297997	08	https://00.img.avito.st/image/1/1.DrdrRrawol5d8SBTe2JDzXrmoF7b76pU3Q.4mlozc3NRYvP7CzoTmB3Q_abcRDime_9I0wQtOIHBzM
2619297997	09	https://00.img.avito.st/image/1/1.gxABMLawL_k3h630CxqAbxCQLfmxmSfztw.MR9tuSendEAZWOSwRFCNdDXyMeyXO5HKzKCVpKMTdAM
2619297997	10	https://00.img.avito.st/image/1/1.h2wNBbawK4U7sqmID1_6FRylKYW9rCOPuw.hkplzR2XwN4jsZLAE_V6Cm0SX6q2UImyH7i56XCvPM8
1787909390	01	https://00.img.avito.st/image/1/1.JETBn7awiK33KAqghec6PNA_iq1xNoCndw._BlgB0Er4-t5QC28g5PtcMY5g6b6pUdVBRGhsQ_aC0o
1787909390	02	https://00.img.avito.st/image/1/1.bQZWJbawwe9gkkPiADBqeUeFw-_mjMnl4A.9EgrsJfIVd44FPuAYGGUj_EL9CbYE5TzmpjUPPBCssE
1787909390	03	https://00.img.avito.st/image/1/1.L0gfGLawg6EprwGsTRxGMQ64gaGvsYurqQ.bfnchRyyjz2lwyL8OAmlkIDiOuWbQ80Lhp7b3Pknet0
1787909390	04	https://00.img.avito.st/image/1/1.2QVewLawdexod_fhYIu4fE9gd-zuaX3m6A.QTHXmt9YB_rTQp4jeg39uI1lW5coSqaFw2WJqh8S9bQ
1787909390	05	https://00.img.avito.st/image/1/1.j5CTGLawI3mlr6F0gQaE74K4IXkjsStzJQ._QKqDHdtio0qAR41iTt8m5by2RnIksg0Ml57y1MFIuI
1787909390	06	https://00.img.avito.st/image/1/1._5KdGLawU3urr9F27xv87Yy4UXstsVtxKw.tEFbCvh0TJ3Up3Dr-p8gpP6v8tntqC-FXax0j9xIIz8
1787909390	07	https://00.img.avito.st/image/1/1.ihCbf7awJvmtyKT0g2GQaIrfJPkr1i7zLQ.l7YGM_YUMYpjzM_ciOTw7KbmCmLDA-iXX4KCr5rE8OQ
1787909390	08	https://00.img.avito.st/image/1/1.SoE7eLaw5mgNz2RlIw0Y_irY5GiL0e5ijQ.wokRiCEUTMkc5b6WMVbM55qJ3EAbJdhHPAWc4j62PaQ
1787909390	09	https://00.img.avito.st/image/1/1.d1DPdLaw27n5w1m0rQ13L97U2bl_3dOzeQ.q1oKG66Djj4N97XClIKTy-BWTLeTM5SFNnFySK6rdaE
1787909390	10	https://00.img.avito.st/image/1/1.XjZ5-raw8t9PTXDSSctDTmha8N_JU_rVzw.HZxot5nPDdBWX0YBrFxSj8SuNkdw6XQlObNhTIXg9xw
7930730103	01	https://00.img.avito.st/image/1/1.51DlkLawS7nTJ8m0p6PMLvQwSblVOUOzUw.DO4Q9cHKQlxIXsp3SLIvUjy5tw40M31HOY9TxRlJbO0
7930730103	02	https://00.img.avito.st/image/1/1.unZtU7awFp9b5JSSFSGlCXzzFJ_d-h6V2w.ETNQs2eeaSr6I-3QWzPmymkQMv11zgcPV5wUGLbpkO0
7930730103	03	https://00.img.avito.st/image/1/1.FxoNArawu_M7tTn-LzZ3YxyiufO9q7P5uw.9NN-2ExRokkEHEonExPLBz95j-3KASNORjxxXKahmaM
7930730103	04	https://00.img.avito.st/image/1/1.E1APWrawv7k57T20JToKKB76vbm_87ezuQ.gwAOXgaSm2zo9fz721lCzH-sy-rLUnFM3KNZ44BUwzg
7930730103	05	https://00.img.avito.st/image/1/1.OjBwnrawltlGKRTUCMY-T2E-lNnAN57Txg.3bWbgHAEiFunOY4Ykvnra1Stw7GWTEgH3jhSztGReEw
7930730103	06	https://00.img.avito.st/image/1/1.RPjABbaw6BH2smocxEBvhtGl6hFwrOAbdg.4c-NcyHSam41KKULIytfsoQUCWh6e2dVbOE082aJw1Y
7930730103	07	https://00.img.avito.st/image/1/1.RzANabaw69k73mnUDwgLShzJ6dm9wOPTuw.OiZIc7KakFB0JKHmIbgTVGpYNmNUsHaf1KPR8QmTDwg
7930730103	08	https://00.img.avito.st/image/1/1.McnYfbawnSDuyh8ttjk0tsndnyBo1JUqbg.KzhMmiQ1kTiHoHSc-lq9nOGj6CWjXjil-YkoYgTDtao
7930730103	09	https://00.img.avito.st/image/1/1.ZHyl1LawyJWTY0qY4ZEtBrR0ypUVfcCfEw.bkKeMMkM2Kc3qoGBv9khUOGGpdjts5ERsAoj7zMHJAo
7930730103	10	https://00.img.avito.st/image/1/1.2xAKIrawd_k8lfX0MEmcahuCdfm6i3_zvA.l5gwZ56rDYXbOXKfIZAyxSyDHn6TM5R_8VfbsSKPnsk
2011167211	01	https://00.img.avito.st/image/1/1.g9AMqrawLzk6Ha00BtjmqR0KLTm8Ayczug.7-9PVfbcYtHjk15J8DFEmnEKCPbmPhcF5E7TWc1P0A8
2011167211	02	https://00.img.avito.st/image/1/1._H_J1LawUJb_Y9Kbvf-zBdh0UpZ5fVicfw.-gLtTPLVwRP4FToG9CnRzQ5JXb9PmXwjCpNeI51hTas
2011167211	03	https://00.img.avito.st/image/1/1.wKPBybawbEr3fu5HzZru3dBpbkpxYGRAdw.16630herskxPZt_sHxwuHVwdA4wDEfdlFzk_OjtKxsI
2011167211	04	https://00.img.avito.st/image/1/1.jDCN1bawINm7YqLUmbvdT5x1Itk9fCjTOw.j4qI80TyNY2ggpd4Ojb1WJ_VUyU07uD4EmRXSwCS_wA
2011167211	05	https://00.img.avito.st/image/1/1.314N3bawc7c7avG6P-LCIRx9cbe9dHu9uw.WdRhjfLldK7z49AYU6F6WNJG5ZSW_Ws2WIkdlFtaFEg
2011167211	06	https://00.img.avito.st/image/1/1.RtdrR7aw6j5d8Ggza2IArXrn6D7b7uI03Q.iwbTRy7kOX-8sy5GBLMSOUjidw4SLY94dBLhpoch-k0
2011167211	07	https://00.img.avito.st/image/1/1.HZXITbawsXz--jNx_iUE7dnts3x45Ll2fg.9EMZKTEmy-TFtKvLW7fz2Wx_qEOhdvRJVX9q-TZlyao
2011167211	08	https://00.img.avito.st/image/1/1.xiQUfrawas0iyejAFCHcXAXeaM2k12LHog.-GwpK-0zN9JEk6GX9ZV1fmDenw_pO5R-E3VV_Gb8CIs
7866774108	01	https://00.img.avito.st/image/1/1.c1cZmLaw374vL12zc6k_LQg43b6pMde0rw.xJo4Rm6Se67GZEiOOS74b0KxfLqRVxolOIRF0UyORsw
7866774108	02	https://00.img.avito.st/image/1/1._f5oTLawURde-9MaHnePhHnsUxfY5Vkd3g.bOhX5yBYRCV0LuCf35ytrENh9hN4ZXLzxgdkBesKi3o
7866774108	03	https://00.img.avito.st/image/1/1.lDOp1bawONqfYrrXjZ_DTLh1OtoZfDDQHw.SoUPFnZ7qnXEG7Zsjjk9M02UdlH9fTFN8oslKlcmMJU
7866774108	04	https://00.img.avito.st/image/1/1.0jEg3rawftgWafzVCJX-TzF-fNiQd3bSlg.BHfCF0lZhnPyzk_2wPH2Toyr54WnSNQXeP5BDSW1J2Y
7866774108	05	https://00.img.avito.st/image/1/1.kwHNGrawP-j7rb3l5wCOedy6Peh9szfiew.Qz7NUx6gQwpbxxh7SghWJdkWz-aYT2F5kgfbPGCywcY
7866774108	06	https://00.img.avito.st/image/1/1.ezADgLaw19k1N1XUea1UThIg1dmzKd_TtQ.m1XuUepQ2DjcFoDkvV9-r2D_m5a79mkXq5CoLLSfV6w
7866774108	07	https://00.img.avito.st/image/1/1.lWpQTbawOYNm-ruOdmvzE0HtO4Pg5DGJ5g.qCbGWp6DVblR3yaM9ckXT58Sdwqt3GIqGTpvbmxm7_o
7866774108	08	https://00.img.avito.st/image/1/1.6_ABGrawRxk3rcUUW23ijxC6RRmxs08Ttw.Ck3PLpF2kb70yu_coPacxzFXE_yJ7TCtoxNaQ4c8kJQ
7866774108	09	https://00.img.avito.st/image/1/1.jXZITbawIZ9--qOSXmf3D1ntI5_45CmV_g.33g8LyrXN-9Xbni0yzJ4d3GCa-JPOQJdNBx0zHoec6s
3546681705	01	https://00.img.avito.st/image/1/1.YXjYUbawzZHu5k-clhwvAsnxz5Fo-MWbbg.wakuqFXiGFXUE-LhHAW3Ap5jEZ65hvkEYMSDK8tNTkk
3546681705	02	https://00.img.avito.st/image/1/1.rjZ5crawAt9PxYDSKWC3TmjSAN_J2wrVzw.89jw0crcT04ocQseO1aPBa-Xxd-6iUrLyci9U3mhVSk
3546681705	03	https://00.img.avito.st/image/1/1.tJ1KzLawGHR8e5p5Lvar4ltsGnT6ZRB-_A.0Dyv0P4xPwyyc63YcfxrfnBSdnrbzWWIcxE8NLk1WIY
3546681705	04	https://00.img.avito.st/image/1/1.4jBrjrawTtldOczUI5HrT3ouTNnbJ0bT3Q.Wsh8noWQ8XgHXIko-yuuqmfEcdkBYEXmdW51BQ9PlQU
3546681705	05	https://00.img.avito.st/image/1/1.pRfi4rawCf7UVYvzpJy-MLlDC_5SSwH0VA.PyMqART_DtzH-ek-j9gZ3svBeQwfZ0YvfDV6cfJgBrw
3546681705	06	https://00.img.avito.st/image/1/1.87ABPLawX1k3i91UawPzzxCcXVmxlVdTtw.i4j382Vtrd5t5ytnxwD-oI9MdYgxu9iuJB--Xw3LvGA
3546681705	07	https://00.img.avito.st/image/1/1.8vZrvbawXh9dCtwSA-6aj3odXB_bFFYV3Q.fP034RShmhMlqwagqV5aRN2sSiVJWIFRotdH9npddhQ
3546681705	08	https://00.img.avito.st/image/1/1.hSVbRbawKcxt8qvBXXeEWkrlK8zr7CHG7Q.gmd07R4VYMaknyB7wHB7MNpYsHXsNLkQUCz34ZyVkh4
3546681705	09	https://00.img.avito.st/image/1/1.uYViCrawFWxUvZdhHBSU-3OqF2zSox1m1A.-Dh9y037pphqRtAcOSCW6uhLIYHBUAOCabOF-1CFJ1A
3546681705	10	https://00.img.avito.st/image/1/1.rQZXzbawAe9heoPiAa-reUZtA-_nZAnl4Q.prfihpes1vzKFn9ll0G66_bJyo9RxziTGySiglhYKFU
3834706299	01	https://00.img.avito.st/image/1/1.zQXKvbawYez8CuPh3ObWfdsdY-x6FGnmfA.pzpd3WbSBTsvwZlWrCrVFKL5hbeT2Njidz6hZWM_EGA
3834706299	02	https://00.img.avito.st/image/1/1.iw0tGrawJ-QbraXpNxyVdTy6JeSdsy_umw.5OIEYQL1nXF9EFIPNem4b16tKzRnLCG-8zOxrfdWr5g
3834706299	03	https://00.img.avito.st/image/1/1.UGpBzraw_IN3eX6ObYcHFVBu_oPxZ_SJ9w.TY1_p4gUXC8vN1MnHO5B6BI3EHgvsK_4riyC8czqU68
3834706299	04	https://00.img.avito.st/image/1/1.B1BzrLawq7lFGym0ceR0KmIMqbnDBaOzxQ.O2fLTZcdwP5T4dhZLbvthBZ4hiblPmcUoHZWBDK2rC8
3834706299	05	https://00.img.avito.st/image/1/1.zjZ5j7awYt9POODSaejQTmgvYN_JJmrVzw.KhjJaaZVWIoparIcaqVFahPJj7GN_KVeaXRBoSXqYC4
3834706299	06	https://00.img.avito.st/image/1/1.xZOITbawaXq--ut3jgba65nta3o45GFwPg.57cP2yHR8SL62j-m_c2F_TqqI54xVticmzd79EhQfSI
3834706299	07	https://00.img.avito.st/image/1/1.jXNATbawIZp2-qOXVmPyClHtI5rw5CmQ9g.M0X-RqU8EkuPKRYSt7NwTWZLJTX_Co4LKsn8-rTsYBg
3834706299	08	https://00.img.avito.st/image/1/1.gjZtxLawLt9bc6zSZebWSXxkLN_dbSbV2w.Q9ov-R7xk5apn_7TcKTQlVZISFZcl-80X2k-P4vxJFM
3834706299	09	https://00.img.avito.st/image/1/1.cQw4Tbaw3eUO-l_oVmxudCnt3-WI5NXvjg.iLYKcjSnN8M1xUnQAZmtGjvfh_W7NEPkGokLrM-NCtQ
3834706299	10	https://00.img.avito.st/image/1/1.Z5OjGLawy3qVr0l34WVg7LK4yXoTscNwFQ.uz226rcGlyxjHswqkjhXRdGz66hFxR6kkRgQfkq4Yp8
2427492651	01	https://00.img.avito.st/image/1/1.u3ADnLawF5k1K5WUebqTDhI8FZmzNR-TtQ.EpOvYNVqidxWXFyyO2fhxQ1oc46BLVKPXhtT7t-yGUo
2427492651	02	https://00.img.avito.st/image/1/1.ShFbf7aw5vhtyGT1QxJQaUrf5Pjr1u7y7Q.-lgiEhWroLDwD2gX1NIvlj2zZ8mvLqbrNPm3QpDq7R8
2427492651	03	https://00.img.avito.st/image/1/1.BQUs_bawqewaSivhKoV4fD1dq-ycVKHmmg.pO8nM9ftXlX3d9j4PlUGqkHLq3XV7jMcd2GpB9SFeaQ
2427492651	04	https://00.img.avito.st/image/1/1.8xABOrawX_k3jd30a1HybxCaXfmxk1fztw.fmF6yUIZl1FY7_qbmhtLAgSySO_7cO97IcANTtQ1Qk8
2427492651	05	https://00.img.avito.st/image/1/1.DRVbRbawofxt8iPxTW0Makrlo_zr7Kn27Q.GF8HRtScMr61p9vSrqvkFsLOyuGvkTXMUP4F2ER3EnM
2427492651	06	https://00.img.avito.st/image/1/1.qjdIDrawBt5-uYTTEHCyT1muBN74pw7U_g.PAEojipiSUKwuvGF6U_TNKK6oae-qL5dm-UaVffC4TE
2427492651	07	https://00.img.avito.st/image/1/1.B1ARoLawq7knFym0E_B8KQAAqbmhCaOzpw.iRITcd7Z81tlCfPEAo6KOJZaZfqabs5w9XlbAGKtkjE
2427492651	08	https://00.img.avito.st/image/1/1.6rZrlLawRl9dI8RSM5eWz3o0RF_bPU5V3Q.w-S9PPwGw-weZNQPamYIUl23ZyKN8is5pEPR_K6RjlQ
2427492651	09	https://00.img.avito.st/image/1/1.lg-hfrawOuaXybjrgXTRdbDeOOYR1zLsFw.8btcNpMuyZlg9saGd1BFgV1excrQ1uicy5zUoIldSTQ
2427492651	10	https://00.img.avito.st/image/1/1.aIYk1LawxG8SY0ZieKU9-TV0xm-Ufcxlkg.6oaxNLgffVWCCbOI981PRvxocDZEmaVBJaMyhOr3oKU
3803493713	01	https://00.img.avito.st/image/1/1.2gZqR7awdu9c8PTiUijPfnvndO_a7n7l3A.-RrOmPZbtuYroeetWZn-LYaXOiT_Yy0MNTomVZUxNzc
3803493713	02	https://00.img.avito.st/image/1/1.3LjBm7awcFH3LPJc9ZzLwNA7clFxMnhbdw.YDC2nRNI-9QjbM-gFHfjZWKmVZ7pg3tcda209Qjnlag
3803493713	03	https://00.img.avito.st/image/1/1.paGATrawCUi2-YtFxgCI35HuC0gw5wFCNg.xDVk6e19JrnKUmnY5I1dN8DioqbTj4OxAcUuZnAfVCE
3803493713	04	https://00.img.avito.st/image/1/1.6Mndh7awRCDrMMYtgZDr94YmRiBtLkwqaw.M6g_UOra8OpDkK-_xX-BFK1IxloaVR9rG6Ev5OASTMk
3803493713	05	https://00.img.avito.st/image/1/1.jOu4grawIAKONaIPrNjry-MjIgIIKygIDg.UTLcPfyNVZxXlTQZ7V6t5EOU4jMYhGuwOE9TndQB1uk
3803493713	06	https://00.img.avito.st/image/1/1.m1c0WLawN74C77WzDlLcLSX4Nb6E8T-0gg.z5WeqpQoD-_UrA8kgxfc7ZaVr4BfRierbGlvfRhf1aE
3803493713	07	https://00.img.avito.st/image/1/1.VZ5ITbaw-Xd--nt6bmRH5lnt-3f45PF9_g.CMAJt8I_KVi_vr_0J_mIarNK2S4OVj5-eBvTu-t2Xlo
3803493713	08	https://00.img.avito.st/image/1/1.YadyZ7awzU5E0E9DPFZCmynGz07CzsVExA.s_pRRrl9qT9ut79lcj6VaQ6BU79aVD_d9OxhCUA7B5w
3803493713	09	https://00.img.avito.st/image/1/1.0QxITbawfeV--v_oZm7JdFntf-X45HXv_g.5YjqitRq2Td30QlVmHyoBNCmdF23C2h7UM3DH2qgeD4
2011844298	01	https://00.img.avito.st/image/1/1.9d_6drawWTbMwds7nDnH4qHXWzZK31E8TA.JMP9G68YI9e7SU5X72xl_DsXlr-zP07wuJbeBBiRHIs
2011844298	02	https://00.img.avito.st/image/1/1.mQ3BTbawNeT3-rfp_yeZddDtN-Rx5D3udw.bzJGjurHI9HmPWDSazpHnR0mcONl1NthYfoDnhajWM8
2011844298	03	https://00.img.avito.st/image/1/1.mjDZfrawNtnvybTU4VzKT8jeNNlp1z7Tbw.K7Q2Pb9X5VsYoFHs64CzPs8roEohXJ_TVxe09IdqiRc
2011844298	04	https://00.img.avito.st/image/1/1.Zjel9bawyt6TQkjT5exhfsVUyN4VXMLUEw.aANPgrRh-PDshNcifXXM5KO1_rV528ymfTNRoa-V388
2011844298	05	https://00.img.avito.st/image/1/1.8Andj7awXODrON7tsZTyN4YuXuBtJlTqaw.MaKHV6V8pHj5TtKj4v5It72hB0KHGQCcZKxuuec8jeM
2011844298	06	https://00.img.avito.st/image/1/1.PjYK-7awkt88TBDSes87SRtbkN-6UprVvA.OdvVCm16VttInWr5IsRYqb0mUneJqrbS-V843JQVAgk
2011844298	07	https://00.img.avito.st/image/1/1.m9uaErawNzKspbU_oFD358GzNTIquz84LA.7-4-FTcQG3hg6maGi6AeCAB9S_XUnISY7Z83SXhAt9I
2011844298	08	https://00.img.avito.st/image/1/1.x0h1GLawa6FDr-msd0uvMWS4aaHFsWOrww.dwj-efl0GwvORSxeCaGG-5VcohNVjYVN24cXT1FDnR8
2011844298	09	https://00.img.avito.st/image/1/1.A1G_eLawr7iJzy21tRRmKK7YrbgP0aeyCQ.vlAWKN8BfLuZOCaNn3S88SI5TnQ4dGytlPDYFrGbeWU
2939472546	01	https://00.img.avito.st/image/1/1.VNit1Law-DGbY3o8iZlVoLx0-jEdffA7Gw.L9aLz6t8-6ng6yKeY5K78HZalXJm1inQ3zt2f47tBjo
2939472546	02	https://00.img.avito.st/image/1/1.7MTB4LawQC33V8IglZuNvdBAQi1xSUgndw.60h7wfL5TzGYl2XGn4K19cOhRji827fCGn2CVwpWjY4
2939472546	03	https://00.img.avito.st/image/1/1.63APVrawR5k54cWUVTHxCB72RZm__0-TuQ.YHdPgFD8nl_UR6AGY9_PvambA1izGi_fkX55suJ57PE
2939472546	04	https://00.img.avito.st/image/1/1.0Iv8QbawfGLK9v5v0Dq-t6fgfmJM6HRoSg.0jfNS8Zu3G-zoDAfBHZ-J2Nq42roA3u_LvVbcBRa7iE
2939472546	05	https://00.img.avito.st/image/1/1.9bVYJbawWVxukttRPl6UzEmFW1zojFFW7g.aas8KYvVYvWO0LdjLZawpTLb2NMMUhTyf_RcBmSpxCs
2939472546	06	https://00.img.avito.st/image/1/1.tMsG1bawGCIwYpovYvez7V10GiK2fBAosA.qrBsaqZ9xYuekgL2LjZ2gJn6DLstAtG-iEzMkoQnmVI
2939472546	07	https://00.img.avito.st/image/1/1.b1Da0raww7nsZUG0iOc5L8tywblqe8uzbA.HcnP1ETecW_Zg5m0AzxfM1J53ER-qxarK_ugDKH1G0M
2939472546	08	https://00.img.avito.st/image/1/1.HNJ91LawsDtLYzI2ScgIqmx0sjvNfbgxyw.GHfb0p7e5xgPJNH6GHo-Uz4nkPb1S101aYYBO13v7i8
2939472546	09	https://00.img.avito.st/image/1/1.rJz1cLawAHXDx4J4oXbM5eTQAnVF2Qh_Qw.-1SvxdTUddvfozz6M32ivC2_-HSN_saMtjqrRTjuoPM
2939472546	10	https://00.img.avito.st/image/1/1.XQXILbaw8ez-mnPh_jxEfdmN8-x4hPnmfg.4pHDVXxIFB8MiFOiuGRuaOF41OkeyxaqpSIPYj-JWmM
1755154176	01	https://00.img.avito.st/image/1/1.WTXkTbaw9dzS-nfR2gxbSvXt99xU5P3WUg.A3THhngnMG_ho1hzOfT99RComQbFk6ieKydTrh9tOks
1755154176	02	https://00.img.avito.st/image/1/1.woL7eLawbmvNz-xm83-R_erYbGtL0WZhTQ.3X94WIYEWqto4QzCQyB7UKy4l1mx7bbFER5sZhhrOqg
1755154176	03	https://00.img.avito.st/image/1/1.7sBrH7awQildqMAkO2Tov3q_QCnbtkoj3Q.9rq2V9UHmjBlOOwMcnzIo1Mbg5P9QvWxNH8CZQrFKmQ
1755154176	04	https://00.img.avito.st/image/1/1.JW1ZtLawiYRvAwuJH6BVF0gUi4TpHYGO7w.fxbM02Z3IWuHdFumzJ6s0OC6SD1sSIvAqCuFfSykFtA
1755154176	05	https://00.img.avito.st/image/1/1.3EDB4bawcKn3VvKk9Z6-OdBBcqlxSHijdw.S12LvTkJRMLAxdmK0zFmrN5rU3adWtH9tMBgQTxkM48
1755154176	06	https://00.img.avito.st/image/1/1.iZPYS7awJXru_Kd3xl3p6snrJ3po4i1wbg.rqJDONzwJcVVogY65sRtr4TKzc6Wk_VihszteNPOogU
1755154176	07	https://00.img.avito.st/image/1/1.A1cWGLawr74gry2zHFhMLQe4rb6msae0oA.in6Ua1elNRk1rcCYnBzk2NnP6dcAaXzufv8-oYcejCc
1755154176	08	https://00.img.avito.st/image/1/1.1QSYbbawee2u2vvgvl6cfonNe-0oxHHnLg.oHfyfLiB7KsqLNJplzvR1ErgBfCY75ZpbVC3ng1sywE
1755154176	09	https://00.img.avito.st/image/1/1.jZ5ITbawIXd--qN6Xmef5lntI3f45Cl9_g.cQy_bP2aYUfHm6nB2e4y5wSnPQ_CMQ83ZpqMpm-0ZvM
1755154176	10	https://00.img.avito.st/image/1/1.djZmeLaw2t9Qz1jSBkEXT3fY2N_W0dLV0A.-zLsAUewTSWuF5VQnYCVqwI5MaA4i4nsL2v6zVSPw28
1979131750	01	https://00.img.avito.st/image/1/1.9HjB77awWJH3WNqcpaiKAdBPWpFxRlCbdw.ifaYwHJdqyYPROv71UTNYl6LM1pKmKJ0Ve5ckyGcNqQ
1979131750	02	https://00.img.avito.st/image/1/1.BQSaVbawqe2s4ivgnHlOfov1q-0q_KHnLA.QKtEkcGDDxoDDwQ55r7bxp5kSPDjIsub2rru0ctJX2k
1979131750	03	https://00.img.avito.st/image/1/1.S39NFLaw55Z7o2WbV11JAFy05Zb9ve-c-w.zeGFk4mbHhZSYZG4i0fjHl7hX5m-u0ISv_LUVMPt5rg
7993942545	01	https://00.img.avito.st/image/1/1.89AKGbawXzk8rt00YAq6qhu5XTm6sFczvA.VgFIkK-VXYNU_b2JtjQ8HNq23AH2iYHdLhkmb-83gQ0
7993942545	02	https://00.img.avito.st/image/1/1.Q_APVbaw7xk54m0UBUBZiB717Rm__OcTuQ.oysKEBOXnNnmqL0tM8o-m8vaM54xUskalVjEiF7hP4U
7993942545	03	https://00.img.avito.st/image/1/1.WjB2jraw9tlAOXTUTtNdT2cu9NnGJ_7TwA.A57zT3LhlC2wW3xq4bCa3RtdsaRYIqj8mazG6UBAaRQ
7993942545	04	https://00.img.avito.st/image/1/1.51B8LrawS7lKmcm0PmGqKm2OSbnMh0Ozyg.5O2fGOwnJEpXCb8pYdG3is2eYmSOxOHMnd3wmIdLdHo
7993942545	05	https://00.img.avito.st/image/1/1.eYVe27aw1WxobFdhIM4Z_E9712zuct1m6A.myyTM0sadI4SX16l27AKt_CVwWGAhwIco2LZMkYxnuc
7993942545	06	https://00.img.avito.st/image/1/1.NKfZ1LawmE7vYxpDvexL3sh0mk5pfZBEbw.a59UMR0xU1peRijus2vef_nq8kmLRvPsp25niNuaeO4
7993942545	07	https://00.img.avito.st/image/1/1.U2vtFLaw_4Lbo32Px0lUFPy0_YJdvfeIWw.zbPvPs7E4A7SqsUm2IFvqDjoEn4vIZXZjeIAvEi3OQc
7993942545	08	https://00.img.avito.st/image/1/1.d1Ar5raw27kdUVm0SbtlKDpG2bmbT9OznQ.oDrMe5x0PP3UFX8RxQyUcG5hv0F2kEv3q4R4hRf6bsE
7993942545	09	https://00.img.avito.st/image/1/1.R1YNZraw67870WmyD0s2LBzG6b-9z-O1uw.lXyWXuc1YBOoVCz3W-pwKakefDwpKn3W_tcYmwfuvco
7993942545	10	https://00.img.avito.st/image/1/1.c1JSmLaw37tkL122OMltKkM43bviMdex5A.DxwmznV3BaVTO771pbMuxsLPBCdrZV-jNLBYzCWVNiM
2267637746	01	https://00.img.avito.st/image/1/1.OT8mzbawldYQehfbWJkXQTdtl9aWZJ3ckA.jc-W20kkcvHP5pUV1jkOgqUHgHBjFSedmcv2mkRtEh0
2267637746	02	https://00.img.avito.st/image/1/1.tjZ507awGt9PZJjSGcWqTmhzGN_JehLVzw.v7WgM7v8Ghh-wuLGPAo57ymNeMIf9d8ahpz7RFukPxs
2267637746	03	https://00.img.avito.st/image/1/1.mJhfFLawNHFpo7Z8Y1qC4E60NnHvvTx76Q.rMGm1vVRenN4LaD2N1fQVKUfgFQSH2MWe0Jle8o8gaQ
2267637746	04	https://00.img.avito.st/image/1/1.wTRYRLawbd1u8-_QVm_bTEnkb93o7WXX7g.SguPpLjNOPlvWyMXH-NCo_RqnJTqRTMcBZ9VgDfUvU4
2267637746	05	https://00.img.avito.st/image/1/1.1QUyRbaweewE8vvhFGK2fCPle-yC7HHmhA.RPcWfgh9jucYXRXSm-jX8OzIIV4eDyx2sVk65RDHiO0
2267637746	06	https://00.img.avito.st/image/1/1.njYKE7awMt88pLDSOgWcSRuzMN-6ujrVvA.3P5O71LzRU1A0fUmjyIByUZCisOB1VQrAgL8rwUaadI
2267637746	07	https://00.img.avito.st/image/1/1.htNrR7awKjpd8Kg3a3HAqXrnKDrb7iIw3Q.wQeXFZTBoc7FbBuohVYtIBeaelmXkt6fRI56YNAR8ys
2267637746	08	https://00.img.avito.st/image/1/1.ZyCTGLawy8mlr0nE0QUsWoK4yckjscPDJQ.ybmPvzQwUcMAxO2AtM0qgtSz79ITXR1KJtEM1l5R_b0
3739102357	01	https://00.img.avito.st/image/1/1.k4htGbawP2Fbrr1sRzfs8Xy5PWHdsDdr2w.QCxnik3ufkXvVQEpn424kKEgl037LPP7edQAVnrJMVc
3739102357	02	https://00.img.avito.st/image/1/1.RCjAX7aw6MH26GrMxEpaV9H_6sFw9uDLdg.AxPKFqoYqhlrdRU-pd9kCyNf6xWkQzvPK5IZu1zV7Qs
3739102357	03	https://00.img.avito.st/image/1/1.AJhhVLawrHFX4y58bXwd4HD0rnHR_aR71w.Vwzc1uw9WqvzGxPecDucevM-Cmt2QStCtKKLaSepCQY
3739102357	04	https://00.img.avito.st/image/1/1.hLjAerawKFH2zapcxHzRx9HaKlFw0yBbdg.KD7AGeYdxoSBBLxx3y4X0mAN9pAO-9qZgMvXGLRc9Vs
3739102357	05	https://00.img.avito.st/image/1/1.pgn3frawCuDByYjttyzTc-beCOBH1wLqQQ.J7s4-FPFtXwYv1XuyOiUtfholAPSiB6KD-XWoQmGkFo
3739102357	06	https://00.img.avito.st/image/1/1.3Zf6rbawcX7MGvNzzMa0q6EMc35KBHl0TA.TgJK2GGxaBlz8S53iO18k6P6quwHr44yc1OztRCb-jg
3739102357	07	https://00.img.avito.st/image/1/1.nJ1KMLawMHR8h7J5fnaC4luQMnT6mTh-_A.ppbq881d_boo_Iion9tV30TTKatsNJlJ5siOX4T0L4Q
3739102357	08	https://00.img.avito.st/image/1/1.sPuDgbawHBK1Np4f74fR29ggHhIzKBQYNQ.UnjtEOL6OO7zQhoyzrau7HIu20CtaDo-h4tbPKUZtNw
3739102357	09	https://00.img.avito.st/image/1/1.VkfJKraw-q7_nXij6QNSeZKL-K55g_Kkfw.WB1HplX5lO0hzOv4PfTIXWFXBxknV6uMhny4Sc_fkE0
3739102357	10	https://00.img.avito.st/image/1/1.Urt7fbaw_lJNynxfUxgdwWrd_FLL1PZYzQ.JeCQ_HpewBXYc29d1Z-RXXY6e7A2eWCEf8V7CWe1-oo
2235530669	01	https://00.img.avito.st/image/1/1.UdnYRLaw_TDu83899gFFocnk_zBo7fU6bg.VRC2CfwjUwGyZfvSwjjeb90FPUlLFuG39JTu34L5OP4
2235530669	02	https://00.img.avito.st/image/1/1.bjYAYLawwt8210DSUDk_SRHAwN-wycrVtg.4J70b9M4Vcjx7brMVlFDTOIHnC2Lc1HVal0aA1R3vS4
2235530669	03	https://00.img.avito.st/image/1/1.DwwN27awo-U7bCHoH8MLcxx7oeW9cqvvuw.sdxt3qkLfNr7weEZlGONeqX8ByJBnXR0ZT5DxnqOJvM
2235530669	04	https://00.img.avito.st/image/1/1.U8jtFraw_yHboX0sxyt8tvy2_SFdv_crWw.wEH7IedMH18_s7CX6Ke7RyS1xbIlzTzPgdo1SC7Sub0
2235530669	05	https://00.img.avito.st/image/1/1.3Z1bF7awcXRtoPN5bXiO4kq3c3Trvnl-7Q.J8gCnLi0CvPx8vpV3QvSA4XnFuIz2vznrEqVkaSq9xs
2235530669	06	https://00.img.avito.st/image/1/1.Svx-J7aw5hVIkGQYZgIm3CWG5BXOju4fyA.kLJemwkL3T9Rdrpl4nGgF1BQG3Xj9yYkerYs-kaqecw
2235530669	07	https://00.img.avito.st/image/1/1.CAnU3rawpODiaSbtyNYgNY9_puBkd6zqYg.rcwjWD7BrRc2UYH7jlZUD1R07ivWRqWEGKxjaEQAUOw
2235530669	08	https://00.img.avito.st/image/1/1._kLXfrawUqvhydCmpy3SPMbeUKtn11qhYQ.6Y4ca6rxkAfjCk4ljwzAYZewEzM7HDSu7gukSc3gFYg
2235530669	09	https://00.img.avito.st/image/1/1.U96NFraw_ze7oX06p2d5oJy2_Tc9v_c9Ow.lgiiicBmfONZrVBYQshIJMN7l_nWsGUu4vAE1VbDpaY
2235530669	10	https://00.img.avito.st/image/1/1.jRLQTrawIfvm-aP2xiiTbcHuI_tg5ynxZg.u9ZzhL1qdDqQlViTclIdfna0zzsYTOHAMPosfTdmlRI
4794740103	01	https://00.img.avito.st/image/1/1.xadq77awaU5cWOtDbNTumzFOa07aRmFE3A.zmGYoGcCaBA2XWgSmB8d4fIZw6hMQ3xUXW7IB5wd7fE
4794740103	02	https://00.img.avito.st/image/1/1.T5IFGLaw43szr2F2FylO7RS44Xu1setxsw.94ejetcBXmNt66l3XBOnRwYhMnFVdVIWSWR-6JjLU4w
4794740103	03	https://00.img.avito.st/image/1/1.bQXJdbawwez_wkPhn0h1fdjVw-x53Mnmfw.TLfozIsuBA-wh0MalhQhF1pfudHQDjLgz5JkpKqFg08
4794740103	04	https://00.img.avito.st/image/1/1.qjBofrawBtleyYTUMByiT3neBNnY1w7T3g.jPgA1mfXpdvtvxpXjkWmZqLwz03SwI0c6seUSDDBG6k
4794740103	05	https://00.img.avito.st/image/1/1.GlM-OrawtroIjTS3Bk4hbmWbtLqOk76wiA.KerXZPZYo_YwuqX8ujsRD-t3sDtuwNbcRLeuoo6m1vI
4794740103	06	https://00.img.avito.st/image/1/1.37QN2Lawc107b_FQP7PVyxx4cV29cXtXuw.trbsFGb82jxkcUQkktkGxZ0QrT2EZ-DtSo08wH1GOac
4794740103	07	https://00.img.avito.st/image/1/1.0jdXDrawft5hufzTfzHFT0aufN7np3bU4Q.cHHwJ7YVCg4yQ1u0MBl2yS8IguTT1uTvTs-appL95mg
4794740103	08	https://00.img.avito.st/image/1/1.xjscfrawatIqyejfHAGkQg3eaNKs12LYqg.Nh_8mhr8UxSXpNkERJbL2LGwCOdYv7kmxqWCKE5pt4c
2171075346	01	https://00.img.avito.st/image/1/1.KopreLawhmNdzwRuM1h99XrYhGPb0Y5p3Q.7Fl5y9UI5_zZJuzWSnIgTtQgElC0wH815pUL02cHwQA
2171075346	02	https://00.img.avito.st/image/1/1.1QU0LbaweewCmvvhEj6wfCWNe-yEhHHmgg.QLqdFBsKkcZxwlHJgtRFKHq2pcklLb02hHCaLK73aVo
2171075346	03	https://00.img.avito.st/image/1/1.Kho7f7awhvMNyAT-Y0s1YirfhPOL1o75jQ.qO_0UZ2ql5DB6H-BSrBY24FonFragIUxqcHpLg6of2E
2171075346	04	https://00.img.avito.st/image/1/1.tQb-VbawGe_I4pvimHuaeO_1G-9O_BHlSA.fp5cCmyhw9LHeWvkL7SfsZPXvE96kF2KZow_H0i4Tv0
2171075346	05	https://00.img.avito.st/image/1/1.ATC3zbawrdmBei_UuZFWT6Ztr9kHZKXTAQ.ZKQRSqLQhCi3t7aPsCkPGGIyld2ynjdpADoSoQSvDt4
2171075346	06	https://00.img.avito.st/image/1/1.kGnB0LawPID3Z76N7aKHEdBwPoBxeTSKdw.-O2UrqOEby-jO0YPvZN7x2AFU284sAzM4mn9LuPvyCQ
2171075346	07	https://00.img.avito.st/image/1/1.Z4apGLawy2-fr0li63E0-bi4yW8ZscNlHw.0oHQAu1XrozyWdJ2V3Ho3ve6d2GvsdCoQ3RMhG9dGoY
2171075346	08	https://00.img.avito.st/image/1/1.e7qDN7aw11O1gFVe-Wp5hNiW1VMznt9ZNQ.Eermukezf_IUqRUlrci7SF1_TuXjp3eeRLgExukPX94
2171075346	09	https://00.img.avito.st/image/1/1.YmB-O7awzolIjEyENh5AXCWazInOksaDyA.5H903MsGQWvqvfeLgIRjLwBGHrBrh97CYsxxQZaxQ_g
2171075346	10	https://00.img.avito.st/image/1/1.6kMuILawRqoYl8Sndh_Mf3WBRKqeiU6gmA.RKi0QWsVZT-rp4meeIHDiJ0_Spw2HJWPxA5ewTeE-no
2171524207	01	https://00.img.avito.st/image/1/1.jH7d1LawIJfrY6KayerBBMx0IpdtfSidaw.f5NfBi-pF4Iw21izqcy6cFLNwdxdJPJaDbE8RqZ35HY
2171524207	02	https://00.img.avito.st/image/1/1.njZT1rawMt9lYbDSY9TSTEJ2MN_jfzrV5Q.qZYTrh423-gZLvJ-x1wrVlqxWYo1nwL8h-o1C1jQlaQ
2171524207	03	https://00.img.avito.st/image/1/1.xKrh1LawaEPXY-pO5deh0_B0akNRfWBJVw.Q6VK8FWqgPnKJKayLDFVcsks-apGXe_2sasWMBcKovk
2171524207	04	https://00.img.avito.st/image/1/1.d1DNYraw27n71Vm0rzd_L9zC2bl9y9Ozew.ycf4tkXvLLB39BgU_Iv3mEXiBqjdNZxuhJJrEf6ZwOY
2171524207	05	https://00.img.avito.st/image/1/1.q1G-OLawB7iIj4W15H7OKK-YBbgOkQ-yCA.2rIu3ST38jl5RAOJ6qmB-ZedjWNogTyVOdvTOWP8WmY
2171524207	06	https://00.img.avito.st/image/1/1.OjdHLrawlt5xmRTTPxolT1aOlN73h57U8Q.bftczSvuyJZ6pCmwX8Bh2AWR_mrPFJhZWWlN6edIec8
2171524207	07	https://00.img.avito.st/image/1/1.J4INabawi2s73glmT21p-BzJiWu9wINhuw.Ejt8bAlIo9CAKiV-WjCNej97_yrurMQZ-Y31Zp1eyMk
2171524207	08	https://00.img.avito.st/image/1/1.IYVEObawjWxyjg9hCj1v_1WZj2z0kIVm8g.NkA1e6avkK8eay9o6TZmJlL9ufz8vCAnjFofDd9fp4E
2171524207	09	https://00.img.avito.st/image/1/1.M7GNH7awn1i7qB1V5w9Cy5y_nVg9tpdSOw.tbyQbnTSXW2e9k6UvnXwbU1RJ0vqZwwb4OvdKPOmK_k
2171524207	10	https://00.img.avito.st/image/1/1.uqZqQLawFk9c95RCEkas3nvgFE_a6R5F3A.l96vnt3Jv33WLJVtQtNOJ1Zgem9ENiIt38C5tLIEYTE
3994654289	01	https://00.img.avito.st/image/1/1.njZnZbawMt9R0rDSVyv3T3bFMN_XzDrV0Q.C2O6gFRz30hETz-f9l8JJINQarImUEx-zdnDf96Ofn0
3994654289	02	https://00.img.avito.st/image/1/1.oylNGrawD8B7rY3NBxC0UVy6DcD9swfK-w.7oUxUSGnUV00gQURuzzDxeh0AoNyWtVaR8B5-pT60TA
3994654289	03	https://00.img.avito.st/image/1/1.Fo9rCrawumZdvThrS0468XqquGbbo7Js3Q.ZFst0K7RcFX5NWQRadqHDKQ0N2E-aE0xQb7c696dHRc
3994654289	04	https://00.img.avito.st/image/1/1.QYVRAbaw7Wxntm9hX0Rc_UCh72zhqOVm5w.uNgMuaV1d_o_OpGoZhsqiWkwLobutDfFCev3B31ppn0
3994654289	05	https://00.img.avito.st/image/1/1.MRlYRLawnfBu8x_9NgQpYUnkn_Do7ZX67g.zkY9GxpCZiCWojsjLm_S0IUdrF8yVehXRjUq5QInFxI
3994654289	06	https://00.img.avito.st/image/1/1.1jZmbrawet9Q2fjSRg23T3fOeN_Wx3LV0A.ehTvthZV5OqzlO5hkMvRK0H4D0_Eh8vF3odQ_QC_gvI
3994654289	07	https://00.img.avito.st/image/1/1.7bVY07awQVxuZMNRDqj6zUlzQ1zoeklW7g.pesB0XYwVSsQmx7u6Xisvcs71LtRLseeeoUXUAd2mjM
3994654289	08	https://00.img.avito.st/image/1/1.91wNA7awW7U7tNm4bziSJRyjWbW9qlO_uw.Enog7Kekm1nbeJKr_duQR1dxGCGR5eFJp0faC0fF_u0
3994654289	09	https://00.img.avito.st/image/1/1.HDFl1bawsNhTYjLVUdFOTnR1stjVfLjS0w.3_p2bnG3arnm9WHVkYLPrBsQwFS2rgs5lMrL2CAxDbE
2203138687	01	https://00.img.avito.st/image/1/1.gNzP07awLDX5ZK44w4XJpt5zLjV_eiQ_eQ.DPyiCY-cfy_97RwMw11uV0L8Dx-dHO339l1GhTE-kcs
2203138687	02	https://00.img.avito.st/image/1/1.-KkB2rawVEA3bdZNfaW30xB6VkCxc1xKtw.sN_Vc-LoepJKW5-cmO2sxr3Pi63h2ywLnJkCjkX7ngE
2203138687	03	https://00.img.avito.st/image/1/1.RTVYJ7aw6dxukGvRXh4mTEmH69zojuHW7g.2CtIvk3V8VmfBwy4PtXOJWqNxpxpFsZwCFnmmAd2i8w
2203138687	04	https://00.img.avito.st/image/1/1.5jYAFrawSt82ocjSQBW0SRG2SN-wv0LVtg.uZN7-XC9JHmqkK2bXd0hl3Z8_jIT987njQNGNkez5OE
2203138687	05	https://00.img.avito.st/image/1/1.q1HeGLawB7jor4W1hFrWKM-4BbhusQ-yaA.CDfw4QEjkb8vQPsPjnP9BQp3oWIxWl_cyx9BtMxgo1Q
2203138687	06	https://00.img.avito.st/image/1/1.-MeBzLawVC63e9Yj_dv6uJBsVi4xZVwkNw.cKfs7dR6dAVxKmacdzx32V21ADBEWiVIHUPUdqwYUYE
2203138687	07	https://00.img.avito.st/image/1/1.uJzP2rawFHX5bZZ4s5jw5t56FnV_cxx_eQ.ACIfhbmXJJ6EkGUgyo9j3mPBQEIPwGViOgq8eQ9pU6s
2203138687	08	https://00.img.avito.st/image/1/1.016TmLawf7elL_26uev9III4fbcjMXe9JQ.D6-jw2kdru5Y-jXkJPGiuBVW2mJ0pw5cHi8on6gagHA
2203138687	09	https://00.img.avito.st/image/1/1.eS97ibaw1cZNPlfLBYhMEiAo18bLIN3MzQ.ni3rscAX2PLhx19a7yMB5DnHZO3xQYd9cWl9NAyWyXE
2203138687	10	https://00.img.avito.st/image/1/1.3nJrCrawcptdvfCWWzn1DHqqcJvbo3qR3Q.sEnkChNyhFxcczssKIgweqbKjWHcP7V-z8E4ib0WBJI
2267648072	01	https://00.img.avito.st/image/1/1.oCvB17awDML3YI7PjYXfUtB3DsJxfgTIdw.sZVMsXIHfj92PXrXiuEo77xxODJYqlPXMCFmRuDibq0
2267648072	02	https://00.img.avito.st/image/1/1.i1PtFLawJ7rbo6W390qCLPy0JbpdvS-wWw.d7lCfA7Q0y8XTA4sz3vh6rQ4D1edpRYPGcyDv9v9CU4
2267648072	03	https://00.img.avito.st/image/1/1.wJUB2rawbHw3be5xDeWI7xB6bnyxc2R2tw.byHy-FFGO2mLirjF2L5VEaIZT049lq085j-gc5J8_3s
2267648072	04	https://00.img.avito.st/image/1/1.1QUtLbaweewbmvvhCz6pfDyNe-ydhHHmmw.2KX9f2RtZQy61mZc5uMYwb45LnZgPpcVershGeKj2Ow
2267648072	05	https://00.img.avito.st/image/1/1.grZqX7awLl9c6KxSYh2bznv_LF_a9iZV3A.JtRkYt41EWTBup6PyFoOflNLl-aKSrYautKhq3nJmiI
2267648072	06	https://00.img.avito.st/image/1/1.V3QhGLaw-50Xr3mQA2FODDC4-Z2RsfOXlw.viJQUc5AgP1t61f4l541AtY76ImFgPMhHQlXxcJx55E
2491459509	01	https://00.img.avito.st/image/1/1.F34N27awu5c7bDmaL6cSARx7uZe9crOduw.0g8nG2oJuyIPZc6dNq92qobCQA2HXzbJfWz5NFqtkkY
2491459509	02	https://00.img.avito.st/image/1/1.n_v8eLawMxLKz7EfzhrT3afZMRJM0TsYSg.aQ2LHBYdc4YHuvW3P7Jraw6c8lrtWMZJFmSBfRhbyy0
2491459509	03	https://00.img.avito.st/image/1/1.MG_B0LawnIb3Zx6LrcAnF9BwnoZxeZSMdw.3wJU7tH406fzBSbFfhKUiB12cYA8IFHBNtr5yiicY-U
2491459509	04	https://00.img.avito.st/image/1/1.3qxrbLawckVd2_BIWyfD1HrMcEXbxXpP3Q.qzTjIVGsPzvlDYfbyfjoHNV304FkQTZKGbYi6ROI8pw
2491459509	05	https://00.img.avito.st/image/1/1.YAWB0LawzOy3Z07hzeV6fZBwzuwxecTmNw.c9P0ZFhOKLhI0Dxlct-4bA4LUZbiHAhg7tA_r2a2PHs
2491459509	06	https://00.img.avito.st/image/1/1.V0otGLaw-6Mbr3muD3k2Mzy4-aOdsfOpmw.AzozEEtV_f9FQ8VdC_lBnVLGnl1O74HhygRcJOTAHvY
2491459509	07	https://00.img.avito.st/image/1/1.YnpbebawzpNtzkyeE1RNBErZzJPr0MaZ7Q.GeaW-Fi7XxXE8o4BtMgkxBdPgWSdMTRILo-9QGOyD2U
2491459509	08	https://00.img.avito.st/image/1/1.GzPNFbawt9r7ojXX901KTNy1tdp9vL_Qew.viDJ8rhTIhthkVVRDKmC1r16OnO2Bq2BmRSHLNZLyeQ
2491459509	09	https://00.img.avito.st/image/1/1.8NzbNrawXDXtgd44tzGlo8qWXjVrn1Q_bQ.YXsQh-cnvaQH6KDy1LCn4Gh3ovNR-DJJsANXFfjzB0I
2491459509	10	https://00.img.avito.st/image/1/1.LDS91bawgN2LYgLQ6Yl1S6x1gt0NfIjXCw.N5ZziGNAJoJHFyA6Z7ds4c1VWg6add4nQeyyA1bgSZ0
8330441005	01	https://00.img.avito.st/image/1/1.6vbc7bawRh_qWsQShL6quMxNRB9sRE4Vag.zP0mEwh4Jppw5jXK6_xifmeyyoJtN9p7CMFxlJrbleE
8330441005	02	https://00.img.avito.st/image/1/1.mzwDGbawN9U1rrXYOXuRcxO5NdWzsD_ftQ.eHdPZkLeMNWO1159f-hRZrYwPEwEZ-ECiM-KtoMHuiE
8330441005	03	https://00.img.avito.st/image/1/1.p_ZzDrawCx9FuYkSMVC3umOuCR_DpwMVxQ.2ryoIeAYyRfo63LF_56sagBPY-b7vWJrh7bz1cBQpPg
8330441005	04	https://00.img.avito.st/image/1/1.WET51raw9K3PYXagxfdWC-l29q1Jf_ynTw.f6fJImbqDDTTIIsVcSvVq8Uuiu0JMRxEuedyBUegY28
8330441005	05	https://00.img.avito.st/image/1/1.pEnJ-bawCKD_ToqtjdOHB9lZCqB5UACqfw.f0paSLd0O2Pic4Gu-DJM21qYqsqX04XalXQX3_g1JE8
8330441005	06	https://00.img.avito.st/image/1/1.-R5d6bawVfdrXtf6I5KxU01JV_ftQF396w.wIUdoqguY7pyjpIhJeIlxFkt11V-qMauIoalr1mN-Gw
8330441005	07	https://00.img.avito.st/image/1/1.coASXraw3mkk6VxkejdHzwL-3Gmi99ZjpA.dRjSO1W9RfKuw0HuT7CeR3aA6z7C9MxoTiaF5pj_hTw
8330441005	08	https://00.img.avito.st/image/1/1.Z8APDrawyyk5uUkkTSsujR-uySm_p8MjuQ.67L7Vbra3Qx4WIwdpFhwRI1EciJgF1uBaQCa90XcYXw
8330441005	09	https://00.img.avito.st/image/1/1.7Bjs8bawQPHaRsL8uNauVfxRQvFcWEj7Wg.TY5DblBX9vS_7niHp5ik_s3VnCuXKAcS1UDkclsHjz4
8330441005	10	https://00.img.avito.st/image/1/1.bV70lbawwbfCIkO6othIEOQ1w7dEPMm9Qg.31usfgKPukrR9EoDSoxakw7eMV_1km8YwYVmBmsSkhE
2266960019	01	https://00.img.avito.st/image/1/1.8hZo9bawXv9eQtzyAJ6-bHlVXP_YXFb13g.c4VhyC89VC2B_T1r2ldeiWgCDo3ex1k1TeEq1N8_sJs
2266960019	02	https://00.img.avito.st/image/1/1.nJ1H9LawMHRxQ7J5c_aZ4lZUMnT3XTh-8Q.7qCpKdyFpdTUzI6Q-1SlAXLxKWPnnEj9Ev4AYv_3NXs
2266960019	03	https://00.img.avito.st/image/1/1.zjZmuLawYt9QD-DSdoOpT3cYYN_WEWrV0A.5E1neWLc3fuQvYBkCmh3Tgal1fRLJ2DkqrGCuQw_YC4
2266960019	04	https://00.img.avito.st/image/1/1.vLDAVbawEFn24pJUtFu3z9H1Ellw_BhTdg.sAD7NFO3fkZwC9-2ZROPWTBOhed_3sYehGhUiNlFZmg
2266960019	05	https://00.img.avito.st/image/1/1.pGKR1LawCIunY4qG1abRGIB0CoshfQCBJw.XxPZrOW5wrPTISR0ULjXWT6THt-zgrHTX1cyeXGLmEM
7418127479	01	https://00.img.avito.st/image/1/1.irDLfbawJln9yqRU03fAytrdJFl71C5TfQ.DPvFy5YIspBU3on9TMYq02pOdrvm50o3K-RxozbCWEI
7418127479	02	https://00.img.avito.st/image/1/1.3qRrbLawck1d2_BAWwfD3HrMcE3bxXpH3Q.PPfnJYQ4zWN4Ah6qZNVFeeR3JuEJhzvjQcQjdpseEro
7418127479	03	https://00.img.avito.st/image/1/1.sJMkVLawHHoS4553SC7F6TX0HnqU_RRwkg.DPmQ9vU00OH1rBMLZAQSbBYc33gSE2zsW2s2t3znpHk
7418127479	04	https://00.img.avito.st/image/1/1.uJzCtLawFHX0A5Z4vpbd5dMUFnVyHRx_dA.uA0XYjXnuKXMnvt7m4TQR-XyA2eILg8-3ItQVQuF7a0
7418127479	05	https://00.img.avito.st/image/1/1.qQx8TbawBeVK-ofoIk-ydG3tB-XM5A3vyg.E6eFZhRsEfXf3RiANkJ3pIHgOa8d6BnTBU6ulYZapxo
7418127479	06	https://00.img.avito.st/image/1/1.g5ADjLawL3k1O610Cbav7hIsLXmzJSdztQ.L2QABEJmREv5vfE-8QULyKlkhGJcH1eg6UZ15vPtLmI
7418127479	07	https://00.img.avito.st/image/1/1.LQ0ATrawgeQ2-QPpVkIschHug-Sw54nutg.16ieI1pYBtH-cTJEAih-GKMGcB9-lwQxEjAIEb5jHuA
7418127479	08	https://00.img.avito.st/image/1/1.dQZXfbaw2e9hylviMURzeUbd2-_n1NHl4Q.clr93_DIdKWAdFdzJFn8O40Pfmd7JKh9Jzep8qIkVmM
7418127479	09	https://00.img.avito.st/image/1/1.jKhV1LawIEFjY6JMQeLs0UR0IkHlfShL4w.vLKpG6uTLjEmZF4c0WrOdd2GXtFSbcNlG10W_Lx-IvQ
7418127479	10	https://00.img.avito.st/image/1/1.7llrbLawQrBd28C9O3P0IXrMQLDbxUq63Q.7o3sTpxZZ56bwNXkPG4XAeJTsOodWFwbgGwKEFqUxN4
2619078896	01	https://00.img.avito.st/image/1/1.3ZVYPrawcXxuifNxblWn7Emec3zol3l27g.HMRJVBEBuNNj_Bi-R4kTcimgNA_10qE3vlBXe4779fw
2619078896	02	https://00.img.avito.st/image/1/1.wTXYUbawbdzu5u_R1naLT8nxb9xo-GXWbg.lLBwTTTDiUO5PKgqKAAYuAIvH-rzopfHn6qPxTi3B4Q
2619078896	03	https://00.img.avito.st/image/1/1.EJzbMLawvHXthz5491BF48qQvnVrmbR_bQ.eZZyR7cjVvC3uHYS04GsZLLc9JaBZpSInBWN4tZmEQc
2619078896	04	https://00.img.avito.st/image/1/1.T2vvs7aw44LZBGGP_dYpS7QS4YJfGuuIWQ.4l-PaS-EC2mHkWOhQYgEGnn9LstIfPXA-HYDtT_4l8I
2619078896	05	https://00.img.avito.st/image/1/1.9f_0rLawWRbCG9sbkvOd368NWxZEBVEcQg.1Q9plJfVwpdVUwolHROs-iMRRy_QlXXcTAdjC3JVcvk
2619078896	06	https://00.img.avito.st/image/1/1.HdJK4LawsTt8VzM2fMhD8BFBszv6Sbkx_A.qOwe3PBDqSHaiZtQGeeXQgfL2zcOa88J9gMqa2Fic5c
2619078896	07	https://00.img.avito.st/image/1/1.g5q6VrawL3OM4a1-sCzZuOH3LXMK_yd5DA.bWCSnv4_l4Q7bMFVYZiUHpGjVKEl8x8infUXVRRqpdE
2619078896	08	https://00.img.avito.st/image/1/1.ljutfrawOtKbybjfjUTxQrzeONId1zLYGw.UVdkpNTuxIVJBq_65jd4u6qduQfGKCM-OKXfbhtGhSg
2619078896	09	https://00.img.avito.st/image/1/1.7xgNBbawQ_E7ssH8XzaTYRylQfG9rEv7uw.CBMv-GHVTDTtVQpuExoHu7TPm3Rc3K3TTDD2V_zQbAg
2619078896	10	https://00.img.avito.st/image/1/1.eNzPwbaw1DX5dlY4s7Qzpt5h1jV_aNw_eQ.uKGj3G32J-wsbfP_1vADZKIE8dI_ADkuy9q7FmKmMZc
7354778235	01	https://00.img.avito.st/image/1/1.C_AMn7awpxk6KCUUFstjiR0_pRm8Nq8Tug.erN3avCaM0Y9qEIzB_Ca3BTNWlkiO3Ra4JSAUtANJj4
7354778235	02	https://00.img.avito.st/image/1/1.anMse7awxpoazESXdBpAT3faxJqc0s6Qmg.r5tZW5WLR3ymvCF_BVsop8-Bd1MKNvi_FM5YlarWv-Q
7354778235	03	https://00.img.avito.st/image/1/1.1jZ43rawet9OafjSWP3CTml-eN_Id3LVzg.QgUG1KpvSHRxCbr9FsRcn_xfNQQwXqHxE5SHl-8IIDA
7354778235	04	https://00.img.avito.st/image/1/1.ynM1q7awZpoDHOSXLbzsT24KZJqFAm6Qgw.AjzTzythmsO5eOAhHTUBKhukOzoUFS4j9HCGgHVpFw4
7354778235	05	https://00.img.avito.st/image/1/1.S3cNFLaw5547o2WTF1VLCBy05Z69ve-Uuw.b5J5GBonsbIFjSkl9t2-F7lc4P1H51Q4wMPgm5D8DkQ
7354778235	06	https://00.img.avito.st/image/1/1.tjZ6FrawGt9MoZjSGhS0Tmu2GN_KvxLVzA.c38zaNReXRytUKYaTwBqPyMMIxjEdONTejglSwqexio
7354778235	07	https://00.img.avito.st/image/1/1.BjYK-7awqt88TCjSCs8DSRtbqN-6UqLVvA.hjnDSFWIdxz2hAeIYIGC6_8iu3g7k33CKVWHW_-deWs
7354778235	08	https://00.img.avito.st/image/1/1.z1DNirawY7n7PeG0343EL9wqYbl9I2uzew.QNu07apwECL2XsA-yPxSbRciy5a98QZJWh_9nT5oIic
7354778235	09	https://00.img.avito.st/image/1/1.IJzbNbawjHXtgg54lwV148qVjnVrnIR_bQ.CVZCDQAhjf_VyQngPWLL0TC6qr_RYD0ws8RrWln9k9I
1883079752	01	https://00.img.avito.st/image/1/1.63AAebawR5k2zsWUWn66DxHZRZmw0E-Ttg.HplechqvNHbvEHxQWUVWOqVAkHQv2TpnvyfnORO0A68
1883079752	02	https://00.img.avito.st/image/1/1.6vZrqrawRh9dHcQSM7mJj3oKRB_bA04V3Q.sflbJqpGCC2fJ0Gr0yT8sK7idCAKvPxR9Jz3dpsF4OM
1883079752	03	https://00.img.avito.st/image/1/1.d1DalLaw27nsI1m0uK0gL8s02blqPdOzbA.vGsRWxJfElyi9zcMsaudxoODkc_w8qMZM03c2h2dxag
1883079752	04	https://00.img.avito.st/image/1/1.7mVrHrawQoxdqcCBO3HlGnq-QIzbt0qG3Q.Gocv_T3bTyh1I6guZjrpnc7T5hC6eAngRUL2QXLunAI
1883079752	05	https://00.img.avito.st/image/1/1.1QU5nbaweewPKvvhH9a9fCg9e-yJNHHmjw.tqHWqm4VYEcprT-HsMV8uCFu8dX8jhcWnDYKahdTFTc
1883079752	06	https://00.img.avito.st/image/1/1.8YVoo7awXWxeFN9hBvT2-nkDX2zYClVm3g.XETCmy9jPGMX5PMUhFn25N7brmP3Z_d4n5WvTBtXOMk
1883079752	07	https://00.img.avito.st/image/1/1.kuQbfrawPg0tybwAM0DynQrePA2r1zYHrQ.Va9RYhc4zuO4Y4EhZDKL4pJF4jiTKZ3Orgw5YKKfQnU
1883079752	08	https://00.img.avito.st/image/1/1.gxAK87awL_k8RK30ALnwahtTLfm6WifzvA.VFBDMSbCudV8VeBPptrbMnHvR8hITLHGKE1iJLX7gtM
1883079752	09	https://00.img.avito.st/image/1/1.DbVZtbawoVxvAiNRT818z0gVo1zpHKlW7w.jCF0dzHon-HBFi7kLLrAX4_hgTo91zl70mnqfvRdHa4
1883079752	10	https://00.img.avito.st/image/1/1.mjB8nrawNtlKKbTURMSYT20-NNnMNz7Tyg.KQa84AqJ5DBa17WqnNpwmHeQs_FYktABhjQWFZx1d3E
2939001418	01	https://00.img.avito.st/image/1/1.rjZmHbawAt9QqoDSNjPMT3e9AN_WtArV0A.vIXSSe9xIrMEB3gZD4J45J_qVd1VPAAv3FuhKAtVwc0
2939001418	02	https://00.img.avito.st/image/1/1.AI08wbawrGQKdi5pMLE2sGdgrmSMaKRuig.D-7x9J4h6usYHQb3rjI-KExh8AHkrd_NHyVLj5p7YbM
2939001418	03	https://00.img.avito.st/image/1/1.dQXKfbaw2ez8ylvhrERufdvd2-x61NHmfA.qBTpg-60DjH6jAkT40DBrD-uWXaSaEgLcgxl_DG9RdY
2939001418	04	https://00.img.avito.st/image/1/1.3oBrRrawcmld8fBkWz2S-nrmcGnb73pj3Q.3mFvA1Qc8o0a8M3fFFXJxpB7TwGLNk6exc4NNo6nez4
2939001418	05	https://00.img.avito.st/image/1/1.4QIjzbawTesVes_mbbKfezJtT-uTZEXhlQ.JH2tiSxq-okvGgLDqFg-to8oeXllAwVYRkh-g9MzH7o
2939001418	06	https://00.img.avito.st/image/1/1.HmrJKrawsoP_nTCO-QJyVpKLsIN5g7qJfw.dLF93uVRoanJYdjFhWEmOTVKrSycbosf0xbv7v3d9yk
2939001418	07	https://00.img.avito.st/image/1/1.PJz0JLawkHXCkxJ4gHRe5eWEknVEjZh_Qg.sVdfI1Zhrzpg3Cp9TDs5xpbdXDP0eZjw8vYqbI0y5rc
2939001418	08	https://00.img.avito.st/image/1/1.uxAPWrawF_k57ZX0dTCiaB76Ffm_8x_zuQ.fQbvV7WLJBz2vxdWdhMqEWC8wGSiMAmY__MrZQ86Lzk
2939001418	09	https://00.img.avito.st/image/1/1.PjZTPbawkt9lihDSIxF1TEKdkN_jlJrV5Q.GUDgNtyPVMn-iZomX6wdjMalmMzIwBgtca4s5aem99g
2939001418	10	https://00.img.avito.st/image/1/1.ig27f7awJuSNyKTpoymedarfJOQL1i7uDQ.d9_LKZk1DxMzNzsEh0DYzbE_vKDs24FLVm4GdhccDPU
8090414675	01	https://00.img.avito.st/image/1/1.mIY9FLawNG8Lo7ZiAXrO-Sy0Nm-NvTxliw.WJl-3e327JZrR9ip8B2kxt1kRW2MKlzqzkaE8tjafAk
8090414675	02	https://00.img.avito.st/image/1/1.njYKH7awMt88qLDSOjmcSRu_MN-6tjrVvA.IJ3sDN3fE9cAIJcuY8dgDeGGEnEHAMvkzmn8YuQc6lo
8090414675	03	https://00.img.avito.st/image/1/1.3jlrFbawctBdovDdWwqPRnq1cNDbvHra3Q.5PfdlgumTYuEWlpDduJj4PwCPhysqvX3SHYdXCUASlg
8090414675	04	https://00.img.avito.st/image/1/1.TZRwTbaw4X1G-mNwZnhV7GHt433A5Ol3xg.5ys0zFFVfoyemo9lxfCKSyK9PP6hK53mmVAkbzmHg0I
8090414675	05	https://00.img.avito.st/image/1/1.69ADhbawRzk1MsU0WZbFrhIlRTmzLE8ztQ.N2TCzpVTT199H5JqaYCSrd-V9LYPjmM5-UdkxNfHqGQ
8090414675	06	https://00.img.avito.st/image/1/1.WTWVzbaw9dyjenfRq4BcSoRt99wlZP3WIw.ndX1U6FiHlJnU9DG0GIW6ggZt5Cv0o12-m-wOSCDjTQ
8090414675	07	https://00.img.avito.st/image/1/1.ZRBQTrawyflm-Uv0Fmt5b0Huy_ng58Hz5g.GjkG0xocqZ-JZkipuOSm9juGtcKKSO0NN5dfnQfLlPY
8090414675	08	https://00.img.avito.st/image/1/1.I_AMn7awjxk6KA0URstLiR0_jRm8NocTug._I2eR5ewVk7Ac0-XLRZbmXdI3o4hE7uO_LKF9Cirg_I
8090414675	09	https://00.img.avito.st/image/1/1.VGPR1Law-IrnY3qH9eUjGcB0-ophffCAZw.CkR5SExT9LnFIOfka5wGwM8NhizW3nXbsc104nf4yvs
7994455675	01	https://00.img.avito.st/image/1/1.q1cCWLawB74074WzWBLhLRP4Bb6y8Q-0tA.Jt0HcE7sE3rYkWNM6mGMc-r333cvbfqpwvF7MYtKMDM
7994455675	02	https://00.img.avito.st/image/1/1.9KDB7bawWEn3WtpEpfKP2dBNWklxRFBDdw.MdBlqEK_CgYgFfRBn1NV3MPCxUrFDHeVOWKI-YjOxMU
7994455675	03	https://00.img.avito.st/image/1/1.O1JzOLawl7tFjxW2CVwtKmKYlbvDkZ-xxQ.zor7emrERpPk5UkB6N953RMaQmbM3DRKSYOOiHLUY10
7994455675	04	https://00.img.avito.st/image/1/1.iyEtFbawJ8gboqXFNxPeXjy1JcidvC_Cmw.TnRcOTttH_iLo9f3RUlhBJkyrIdeO0_QNzZBjtO-POg
7994455675	05	https://00.img.avito.st/image/1/1.2gZo-Lawdu9eT_TiUNeQfHlYdO_YUX7l3g.sCYjKpIvNsQtJPFUQfTA1uIUkuo0RKNmFKjdb5mv-BI
7994455675	06	https://00.img.avito.st/image/1/1.mjDd3rawNtnrabTU5dTIT8x-NNltdz7Taw.tC1UQtsn-rZ8i8kvmD6pp0sXPfjcIX7G5FHCFqsgecE
7994455675	07	https://00.img.avito.st/image/1/1.EBzbMbawvPXthj7490lFY8qRvvVrmLT_bQ.o2Yjg1DEGOfBiNotRt8UU75OyvfuS8Z0toR5AKDamR4
7994455675	08	https://00.img.avito.st/image/1/1.wgFrf7awbuhdyOzlYxzQeXrfbOjb1mbi3Q.XfPXjP_QcACWu5v5MQIcS7K_PogAoXVeqlSgOEpIkUI
7994455675	09	https://00.img.avito.st/image/1/1.9nlrcLawWpBdx9idC2-NAHrQWJDb2VKa3Q.hnL_MsVIPguzlhDTJZTScD2dQO0K7nCgpOsHOQTZPa8
7994455675	10	https://00.img.avito.st/image/1/1.OT9_zbawldZJehfbAdESQW5tl9bPZJ3cyQ.M_EYtcY-z3nKPvfQ43bS21Zm9ZL4QaRaxeoTnXB2t1Q
7962123055	01	https://00.img.avito.st/image/1/1.HXCATbawsZm2-jOUtgFhCZHts5kw5LmTNg.Ewm_5nb5JCAiDGXmwEPLWtVjcexM0uIAF6tdntSno-g
7962123055	02	https://00.img.avito.st/image/1/1.FndrcLawup5dxziTS1RtDnrQuJ7b2bKU3Q.E2e_RO_To_83A2QUeAEhpukXtNAIsvitS2wY3bLyrRc
7962123055	03	https://00.img.avito.st/image/1/1.FtprRrawujNd8Tg-S1ZYoHrmuDPb77I53Q.AO4yud374-dEmHW3-Og1hCCyX6IB1sIqROiQieGb3KI
7962123055	04	https://00.img.avito.st/image/1/1.QQVtpraw7exbEW_hY98WenwG7-zdD-Xm2w.Ta-iQn1FtUEEuJXUKD0WR820MSSUl6cD3LjWv8irwZY
7962123055	05	https://00.img.avito.st/image/1/1.t1AqlrawG7kcIZm0SKigKDs2GbmaPxOznA.OeIS8T3iI2ZG9QmM586VT8qWfo3BEgaj6Wmq4weheCU
7962123055	06	https://00.img.avito.st/image/1/1.njYfgrawMt8pNbDSL9CwSA4iMN-vKzrVqQ.XCaHDxGY7UTWz0I5Qe0gQOJhB_PAtoUc4QmRw2_TEl4
7962123055	07	https://00.img.avito.st/image/1/1.KxqNFLawh_O7owX-12QwZZy0hfM9vY_5Ow.ru8wRn5gUHkl1BQJnhKMD1SCmbOX7pU-Frmi2xK6Ojw
7962123055	08	https://00.img.avito.st/image/1/1.Zg7ffrawyufpyUjqnw8qdM7eyOdv18LtaQ.lHJBu_7LHScb80GyBkTF7YCXDpWlbUwYBJwKvb312VA
7962123055	09	https://00.img.avito.st/image/1/1.IQVRa7awjexn3A_hH3s6fUDLj-zhwoXm5w.r-QqrgpH3U6kNzh7MA9csJruZ4ow5FPruxujJq2iPgQ
7962123055	10	https://00.img.avito.st/image/1/1.TGBJ1Law4Il_Y2KEXf08Glh04on5feiD_w.OsMrxuA6GABwsfEXk2DqaetPRA5OWb_9k4OSvBDfI_Y
3227680643	01	https://00.img.avito.st/image/1/1.hX1Y0bawKZRuZquZXs-QBUlxK5ToeCGe7g.wWfZjiU23JjzT_Bd6TyJHHoSEr0WSbgQGdoBqLyFIK0
3227680643	02	https://00.img.avito.st/image/1/1.CYVRjbawpWxnOidhT6kc_UAtp2zhJK1m5w.12Q7FuSfHQOLFAm8AQF_kpWlnE2XCcyB7GOb5Y285_o
3227680643	03	https://00.img.avito.st/image/1/1.ktFrfrawPjhdybw1QxzoqHrePDjb1zYy3Q.fgdk7UYDUrYsmMAT8RZEnzEQUega1zudwVDXOuRaYak
3227680643	04	https://00.img.avito.st/image/1/1.CYVpdLawpWxfwydhdxgT-njUp2zZ3a1m3w.Shp7JYR4HD9hkJydpYOXN-rjZGxfgXnv8UHEZ_ElE2Y
3227680643	05	https://00.img.avito.st/image/1/1.qjdfjrawBt5pOYTTB5C5T04uBN7vJw7U6Q.uAf203Gc_aRK-DLpqqkNihpBZWxus-vzCNpaHTr6gwU
3227680643	06	https://00.img.avito.st/image/1/1.B1B8eLawq7lKzym0fhhLKm3YqbnM0aOzyg.IB9U71WwOw8vH60aB3ch9z9zV6zU7xUfF6ykZ-dm4hw
3227680643	07	https://00.img.avito.st/image/1/1.OjDZ3rawltnvaRTUodZqT8h-lNlpd57Tbw.m1ZZe3qSyP48uP2r8DIuSbbg6l_arzJE6AMzvMfOlUk
3227680643	08	https://00.img.avito.st/image/1/1.3PTBM7awcB33hPIQ9XibjtCTch1xmngXdw.cE7LzZkMoX_sL50ErlkrjUnb9X01YHlOtYYQIiVZ1Rk
2970871393	01	https://00.img.avito.st/image/1/1.cJg01Law3HECY158WKVn4CV03nGEfdR7gg.JcoxxZ3M8vQCjZZJZa2DJURpo8LP5QjvcWYouvO8i4E
2970871393	02	https://00.img.avito.st/image/1/1.9HTABrawWJ32sdqQpE3YCtGmWp1wr1CXdg.JacoScnMvLqXtUm5SKNm0wycGG_sdW9mN3ghlIO2J_g
2970871393	03	https://00.img.avito.st/image/1/1.21AKEbawd7k8pvW0MBKQKhuxdbm6uH-zvA.XfisGXHPfX8otKDDBoWIvio5zf-Xh5-tx0auTk7mUtw
2970871393	04	https://00.img.avito.st/image/1/1.X1AomLaw87keL3G0GrlAKDk48bmYMfuzng.--Es8ofEe58nPymt4PfbMyDrW949tsl6r2u5gtOLeyY
2970871393	05	https://00.img.avito.st/image/1/1.FDzBNrawuNX3gTrY5TZYRtCWutVxn7Dfdw.7X1Siixfo_WbZo-RtLNlhONo1OKKiheGucC4zjB9hr4
2970871393	06	https://00.img.avito.st/image/1/1.jldAfrawIr52yaCzUHCOKFHeIL7w1yq09g.VfN2r5HD0gfOR44v-YReQ7gR6hvK8jWloJM2Mxhx9t8
2970871393	07	https://00.img.avito.st/image/1/1.FX1b77awuZRtWDuZffM-A0pPu5TrRrGe7Q.yTGVrPccvEcgnij8e22Xd5E3FklJBT0pt5YCXTKYDDw
2970871393	08	https://00.img.avito.st/image/1/1.EkZo9rawvq9eQTyiQMpfPHlWvK_YX7al3g.2WMRAdBYrmW1FTUw4kC8KtVb9GFGj_iDy7SNuFjJZN4
2970871393	09	https://00.img.avito.st/image/1/1.M8BtFrawnylboR0kBzoevny2nSndv5cj2w.sZNG-d3g_RS357Sk9WX9hc11xB1iDE7CFhwl5ikY-Eg
2970871393	10	https://00.img.avito.st/image/1/1.JOjBnbawiAH3KgoMhck_kNA9igFxNIALdw.ibev6jCPRGoSZlAc-plsGaeFHG6xiVAMKnX9wfdm_NY
2267816159	01	https://00.img.avito.st/image/1/1.OIHr1LawlGjdYxZll9QU__p0lmhbfZxiXQ.Hy1tBlhBHruOZAZlAbZ4Bzgtg09cYD5cSI5TeOvhAVg
2267816159	02	https://00.img.avito.st/image/1/1.K-qtGbawhwObrgUO921Mk7y5hQMdsI8JGw.sMrhK0NQyEJlNw2UcE2UrPgJN9QEZC1TZQghY8TuSIY
2267816159	03	https://00.img.avito.st/image/1/1.nQUtXbawMewb6rPhG3fhfDz9M-yd9Dnmmw.1lWuHMk6TCsI-bKSc-rY97zzObDGM44RAwb2pyZfO3E
2267816159	04	https://00.img.avito.st/image/1/1.Nidmfrawms5QyRjDBmo3X3femM7W15LE0A.VRZxchiRWgOp8k_5bYts2LKNRLGAGBMl6GMR42uX_Ic
2267816159	05	https://00.img.avito.st/image/1/1.PQZStbawke9kAhPiJOk-eUMVk-_iHJnl5A.5ywVt-4D36_HxJKsIYk6_4pNd8NnaX5ay8hfKwoGCVw
2267816159	06	https://00.img.avito.st/image/1/1.P1DI2rawk7n-bRG0uv4hL9l6kbl4c5uzfg.TW8ChMNtaVtGkIwwN-556gsrMbV1njrRnCMSDHOcbo8
2267816159	07	https://00.img.avito.st/image/1/1.mQOrzbawNeqderfnlfP_erptN-obZD3gHQ.WUfbsYqnyW1jc-DQLVqySpS-zfG5d09O_4LimA5MJnI
2267816159	08	https://00.img.avito.st/image/1/1.mQxXTbawNeVh-rfoaReAdEbtN-Xn5D3v4Q.18iJQHWR0H2bwkezfdrt0lkv9ugesjQTaHVVUCqQZk0
2267816159	09	https://00.img.avito.st/image/1/1.Q5APYraw73k51W10BRtU6B7C7Xm_y-dzuQ.CGoYj37Ca4aqDU8qRHJ7lZd_bJz4T8ww5NWDe65f8ew
2971128373	01	https://00.img.avito.st/image/1/1.OV6B57awlbe3UBe6_4sNbNpGl7cxTp29Nw.wmzsKrm3r2aYj2PV4e2-yBtmugR_8xbW04aF4W3fpxc
2971128373	02	https://00.img.avito.st/image/1/1.9qFrRrawWkhd8dhFCzm723rmWEjb71JC3Q.ITE5d7UMeYspGZE6f5PvBFTByrAwMcifTCJvhqJNAlo
2971128373	03	https://00.img.avito.st/image/1/1.iMbUyLawJC_if6YiyMqK-I9pJi9kYSwlYg.X3xhsbAisCJ9gwsyMQ9sFC5Mgdk8w--hjG7yJzHsqHw
2971128373	04	https://00.img.avito.st/image/1/1.cja9braw3t-L2VzS1UsQT6zO3N8Nx9bVCw.bSI4adcr-AxF3P26kJ1rcuU_FRCVOhepMX-hUji_4eU
2971128373	05	https://00.img.avito.st/image/1/1.t_ilYLawGxGT15kcxzKfxP7BGREVyRMbEw.TnHRd3afqoItCMVwTxLeN_uQ0aHFRHmzHMZb0eWzxuU
2971128373	06	https://00.img.avito.st/image/1/1.UYpYUraw_WNu5X9udgsg8Eny_2Po-_Vp7g.cyRig-wAf83D307zlOK2aR6ZuS0OIZ8_eYGL2F-BkoM
2971128373	07	https://00.img.avito.st/image/1/1.bJw9pLawwHULE0J4afUd5iwEwnWNDch_iw.yJ1aaBgV4wFcvfn4SOv6FpHSTf3vMTQL3r5ThU4TMLM
2971128373	08	https://00.img.avito.st/image/1/1.Sy1tFbaw58RbomXJdxgdUny15cTdvO_O2w.QgCw_H-V8RRf6NtiUMJTwxvm4ZYOAAJ3FExaiGmFoKA
2971128373	09	https://00.img.avito.st/image/1/1.hCTABrawKM32sarAxByoWtGmKs1wryDHdg.-pfvzukehZen7FSDuZVhrLezWAl1hbHdb7b4sp7c2RU
2971128373	10	https://00.img.avito.st/image/1/1.63APRLawR5k588WUVWP1CB7kRZm_7U-TuQ.uuGCgMegSiD1Z1vGK2NyAu1Z-9NL70zE09yR23SEpFs
7578655672	01	https://00.img.avito.st/image/1/1.9nNrHrawWppdqdiXCyn9DHq-WJrbt1KQ3Q.HSEX7ZJR-hNJzEviEU1HFF1NyyW_bugQLpKrsX69RP0
7578655672	02	https://00.img.avito.st/image/1/1.01GguLawf7iWD_21iq-xKLEYfbgQEXeyFg.-FiZ0MmSMbH7C6d7i-Z_5L46HU4FZDvHhSZqw2dOgnY
7578655672	03	https://00.img.avito.st/image/1/1.gYVohrawLWxeMa9hZviE-nkmL2zYLyVm3g.L7KIk1ZSFp6w_P7-OSdepb5yrH3CYoRMTj9uBJwQt2Y
7578655672	04	https://00.img.avito.st/image/1/1.Zfk4TLawyRAO-0sdfl0QgynsyxCI5cEajg.dy0lP2RXepypA279-2xYlsA49vZE60pgJMVu1XhWyso
7578655672	05	https://00.img.avito.st/image/1/1.nJ0STLawMHQk-7J5Jnay4wPsMnSi5Th-pA.8VvQ_ffKCGs-DOp4EaRJiJQnQrAYsLtXclGysYj2p_g
7578655672	06	https://00.img.avito.st/image/1/1.1Jw9-LaweHULT_p4Gfel5ixYenWNUXB_iw.8URip2roHegnkooMpEk8dSK-hgb0E4_UE1RaTSBrOps
7578655672	07	https://00.img.avito.st/image/1/1.piWhfrawCsyXyYjB4XSxXbDeCMwR1wLGFw.csNuT4HOFvgbPXdvDyqcN5MfGAEMokHU6r_uo45J3AY
7578655672	08	https://00.img.avito.st/image/1/1.XJyO_Law8HW4S3J4uvVL5J9c8nU-Vfh_OA.405nBzgVG2nliO5DGE7sg9tfraxMnC74EEBNEKnC7fU
7578655672	09	https://00.img.avito.st/image/1/1.PQZZ5bawke9vUhPiL5E1eUhFk-_pTJnl7w.itx8PmaGjh4hqhf-3hO8orzFJ5j9bKbSgWW5WCKyMU0
1883225454	01	https://00.img.avito.st/image/1/1.Zleifrawyr6UyUiz4nthKLPeyL4S18K0FA.PStd2weYp_BGqTWyC9sK35X1PTJq9_vk9c-v7AwdxeM
1883225454	02	https://00.img.avito.st/image/1/1.hY1bTbawKWRt-qtpXSuM8krtK2Tr5CFu7Q.M7vfltsaCY-daBEEWWYidPVzaGEh2--WR6mTrbee0uM
1883225454	03	https://00.img.avito.st/image/1/1.8kZrkbawXq9dJtyiA-6MP3oxXK_bOFal3Q.2gU6zjz6caGMa9TVaSz9wRY35whoaKhLpQSvgu8wkGg
1883225454	04	https://00.img.avito.st/image/1/1.92YN8bawW487RtmCb77aGBxRWY-9WFOFuw.rp6gz-C-Ez6J2PHluTUQFbnCa2Ygudp5bK6M9mHh61s
1883225454	05	https://00.img.avito.st/image/1/1.2FzCa7awdLX03Pa4_jSmJdPLdrVywny_dA.cDjSOOManVDkqZtEyKyTZudgVAN582dDm3TeTqHeqKk
1883225454	06	https://00.img.avito.st/image/1/1.vgBrb7awEuld2JDkGxW-eHrPEOnbxhrj3Q.qHJkBObeL6M9n6gPc1rpGktdjvqsqga7a1NMYIyK8dA
1883225454	07	https://00.img.avito.st/image/1/1.s1JPWLawH7t57522JTKqKl74Hbv_8Rex-Q.BUeJhLohWhgHA6lRcJOXGUkir0gN3q3MlfsU6Es1oUQ
1883225454	08	https://00.img.avito.st/image/1/1.oYdYfbawDW5uyo9jFk-g-EndD27o1AVk7g.4rjXAnQr7W5bqT7c2MoDO-tk_KURlpfa0Qve-Qeq39U
1883225454	09	https://00.img.avito.st/image/1/1.fiVrRraw0sxd8VDBGys3X3rm0Mzb79rG3Q.I1vCvvjeoeBNLlCm1KSMQfncx90lbYMmkXGB3TA9OQE
1883225454	10	https://00.img.avito.st/image/1/1.mjB2jrawNtlAObTUTtCdT2cuNNnGJz7TwA.H7deA_rCKuEeaOi_G4p_0Uj6petAglddCRO7W8DHfG8
2267515708	01	https://00.img.avito.st/image/1/1.Vz93sbaw-9ZBBnnbVeRjDSwQ-dbHGPPcwQ.9YM07Iawn5yjKtuL2JLoJ1D43uwJeVmH3QDT1v4i0S8
2267515708	02	https://00.img.avito.st/image/1/1.OQJZzbawletvehfmJ-FAe0htl-vpZJ3h7w.-kT3vAlpUCgf6S1ehHQT-_hZXKE9M8mFeoyDMH5GrIs
2267515708	03	https://00.img.avito.st/image/1/1.mJMN1LawNHo7Y7Z3Mbbo6Rx0Nnq9fTxwuw.a_nWp9y7au7lCgNYqK4li56ZCyI2kvlcmZILnt5x20A
2267515708	04	https://00.img.avito.st/image/1/1.h44N87awK2c7RKlqD-2h8BxTKWe9WiNtuw.wKiimgJDhcOrtZkV1Y_iaC-QM3hVCEJxtyAmCGIf_f8
2267515708	05	https://00.img.avito.st/image/1/1.pyDxGLawC8nHr4nEs0LtWuC4CclBsQPDRw.Xmu5krRGC9NHQI7slaypLPfl6-hA850xaOUpcEVGvtg
2267515708	06	https://00.img.avito.st/image/1/1.nJz10LawMHXDZ7J4wfb95eRwMnVFeTh_Qw.1VMgDzX2P_JLmS43RxXQukZkpOWEBC9xsdMQGrUR81Q
2267515708	07	https://00.img.avito.st/image/1/1.ZcSoTLawyS2e-0sg7hUtvrnsyy0Y5cEnHg.e9bBd0N28W_8K6p4lhvGs_-BbXs15C8-_U47AblZozc
2267515708	08	https://00.img.avito.st/image/1/1.0IYqVLawfG8c4_5iBk-E-Tv0fm-a_XRlnA.9RUL8mvlrJAFoq7kuVrbqbWn5i8SLgqmqmf_7iAc6QM
2267515708	09	https://00.img.avito.st/image/1/1.DJDBKLawoHn3nyJ01QR96tCIonlxgahzdw.WMShiaKDWIaVXRNfq2w_5MMyBecvV-tAMdbcbef3HWg
2267515708	10	https://00.img.avito.st/image/1/1.XQSYbbaw8e2u2nPgrlwUfonN8-0oxPnnLg.EfsLT_kVFIWqEMdjw33XEqyJ0dLkfSiwrn02EQdWnQA
7578174988	01	https://00.img.avito.st/image/1/1.7JjAerawQHH2zcJ8lF2559HaQnFw00h7dg.dG22_7oFHRXHJAC-aX2JEW9nhoq2Uaj_yJF7oZUtu0k
7578174988	02	https://00.img.avito.st/image/1/1.5jYKXbawSt886sjSSnLmSRv9SN-69ELVvA.EpcV58lcFQqs58bgEmaHKAOcqjOjB9H4_Hfqvb9nptQ
7578174988	03	https://00.img.avito.st/image/1/1.gnZqUrawLp9c5aySYmCdDnvyLJ_a-yaV3A.Yl5r5kBVlfFrzcxYIQMwjBpHwheXK_OW5VB72j9t5hQ
7578174988	04	https://00.img.avito.st/image/1/1.IFzZtrawjLXvAQ64lbolI8gWjrVpH4S_bw.Mwh4ukQvEQoeS_5rxYjvFWvG1-2MLkxZnj7SS9fMuF8
7578174988	05	https://00.img.avito.st/image/1/1.0QPUTbawferi-v_n-g6wesXtf-pk5HXgYg.3x5fpKZ6zwq9qwCWw1UsxSFrnUO-o-9T1Ti6QMOhh3Y
7578174988	06	https://00.img.avito.st/image/1/1.HjvdfrawstLryTDf7QZ6QszesNJt17rYaw.AfiTS8WB3w9GHMg3uDllK59k7zElAlJfTzYUFKZQwqA
7578174988	07	https://00.img.avito.st/image/1/1.6QVt_rawRexbScfhM8W7enxeR-zdV03m2w.YABf04_4WJf7LLOnhpXmQE4op1Q7XURmtukrBvGkCx0
7578174988	08	https://00.img.avito.st/image/1/1.CBzCm7awpPX0LCb43sNoZdM7pvVyMqz_dA.b7aWVlcp4o9mL8CVN2xfRk-D80STcBlzQpzLkLDL4j4
7578174988	09	https://00.img.avito.st/image/1/1.wM7BzLawbCf3e-4qzc_DsdBsbidxZWQtdw.4j4ysm7uiwN43jf76ROePHDMq5aASvyFrOhLMYnR2z4
7578174988	10	https://00.img.avito.st/image/1/1.FS1Y0rawucRuZTvJfuYDVUlyu8Toe7HO7g.UVproVIII6t9HRhn6eLi9t8CgaZT4Vvjka8jBO7uPrw
8026080747	01	https://00.img.avito.st/image/1/1.YKfB2rawzE73bU5Djcsu3dB6zk5xc8REdw.pRWZ05Q6oXF5X54fxiu_z_hMr775Um-B_bv9aPnXCdU
8026080747	02	https://00.img.avito.st/image/1/1.t1DmwrawG7nQdZm0hNSRLvdiGblWaxOzUA.f0ZwIFyA9rXhwwGUoY7gPrpHQNtjPLue8ZjuRE3JmDk
8026080747	03	https://00.img.avito.st/image/1/1.3oBrbbawcmld2vBkWxbK-HrNcGnbxHpj3Q.TmGHdmkvZb4k6Nmij1voAq0P8bwkLZSBDV5uxzMb6fY
8026080747	04	https://00.img.avito.st/image/1/1.sIR-lLawHG1II55gEsKu-280Hm3OPRRnyA.WX2dypynhXpnY8LkLIt3Z95p_eDe6UwTRUVlnR6j4zo
8026080747	05	https://00.img.avito.st/image/1/1.ZcIYTLawySsu-0smXk0ruAnsyyuo5cEhrg.H5QSnPdUplhpaYBGwfhmuv02WvLcb12G08UpDerV8I0
8026080747	06	https://00.img.avito.st/image/1/1.X1DkJraw87nSkXG01ntyLvWG8blUj_uzUg.nrd9p0csPxXIXMaYqxMDY6hD57vm1w2gCtKuoq2yprw
8026080747	07	https://00.img.avito.st/image/1/1.5jZ4RLawSt9O88jSOA_2TmnkSN_I7ULVzg.VD1R806cj28X50vgPDQyY1ZFWNzWHEmiAFlj5Tl7TQs
8026080747	08	https://00.img.avito.st/image/1/1.c16XeLaw37ehz126_RVcIIbY3bcn0de9IQ.bB-UovLmEVS8Cv2BXAQHz65Uhn0LrYUl3lQ55fQzpGU
2267433135	01	https://00.img.avito.st/image/1/1.Hlc2frawsr4AyTCzBiodKCfesL6G17q0gA.9bpm07qjFc6qyoXoPHePtUc6M-jCm56T8qfFEaqoZnQ
2267433135	02	https://00.img.avito.st/image/1/1.cJ9flLaw3HZpI157M9EK5k403nbvPdR86Q.I7H7nYqjfAhpBSiO6cS0n-Om-p3eQ-ppsP5HO7zV2jo
2267433135	03	https://00.img.avito.st/image/1/1.41cx-LawT74HT82ze8elLSBYTb6BUUe0hw.wPdreJ_z9uZe8Kb6zZb8BPgC0mV4V1BjXFaC-k1OfBs
2267433135	04	https://00.img.avito.st/image/1/1.IQVEWLawjexy7w_hClBpf1X4j-z08YXm8g.ujufappCsw-TjYM9NMDy_VqlDsNaxHmETMAvYIvrY94
2267433135	05	https://00.img.avito.st/image/1/1.a1wtGLawx7Ubr0W4dzlqIzy4xbWdsc-_mw.dGxv_65L1eiVFDe4y8i9uSm5558gNltIxk47YH35wc4
2267433135	06	https://00.img.avito.st/image/1/1.k1utH7awP7KbqL2_h0nYIby_PbIdtje4Gw.vuWdNuC8tpOmDluZULh9kgnc1g5LtTwI-JG19NHaWho
2267433135	07	https://00.img.avito.st/image/1/1.7rNrcLawQlpdx8BXO0eTynrQQFrb2UpQ3Q.60bjmmG9RQdjPQcG0tMRkGg0Yz5R6EOjbnBUqkLqqlY
2267433135	08	https://00.img.avito.st/image/1/1.HZQQTbawsX0m-jNwJkkF7AHts32g5Ll3pg.faKULlEv8RYyigCRMOkUB4IdT_LxOE_R2sIv5ebxLFY
2267433135	09	https://00.img.avito.st/image/1/1.-jfbeLawVt7tz9TTozfzSMrYVN5r0V7UbQ.h65pPec1OghFaqnj_CNoAyyhoZRQdKUETcDMPXDsop0
2267433135	10	https://00.img.avito.st/image/1/1.51B9XrawS7lL6cm0P3GvKmz-SbnN90Ozyw.EB9mHr41II_9E41tF-Wxcc_ALP2mhg6weiKz2sS_HAM
7930148852	01	https://00.img.avito.st/image/1/1.X1Dl-Law87nTT3G015l1LvRY8blVUfuzUw.h1pbSD4cSA6-ae_FGOTvfXSOsafwC0sZ_g-fYm5vh1Y
7930148852	02	https://00.img.avito.st/image/1/1.W1G5uLaw97iPD3W1g40_KKgY9bgJEf-yDw.E5yc8dFkb7J_4BwgtpMW8F1ZfmlawJ6C6yur2edmpEk
7930148852	03	https://00.img.avito.st/image/1/1.bQZNVbawwe974kPiG3hxeVz1w-_9_Mnl-w.iVNP7yOKnzP_IETsVo342Ep4qgCsQL-d3xVjWZwqlfQ
7930148852	04	https://00.img.avito.st/image/1/1.ZlTIfrawyr3-yUiwiFN6K9neyL1418K3fg.PMNZdunJQQ5ZjILO4Cx8f_Rq24ljk6KkbwkbtZQ2cuA
7930148852	05	https://00.img.avito.st/image/1/1.B1Aorrawq7keGSm0KuIYKDkOqbmYB6Ozng.vYAsR_MfRP4fMIUbfVC-CCCpEFN5qP_z2avNELjVRWg
7930148852	06	https://00.img.avito.st/image/1/1.wIsB2rawbGI3be5vDYWL8RB6bmKxc2Rotw.lJT9NfuPp2mTBmC-4bqabMiK_Qy3gIY6NfKZyDT48cM
7930148852	07	https://00.img.avito.st/image/1/1.D2IN2rawo4s7bSGGH54OHRx6oYu9c6uBuw.Gd95QV-VYcj65tlh8oEUOnjq4E2iou6ZL2mSwE7gPlU
2075703268	01	https://00.img.avito.st/image/1/1.YeFYRLawzQhu808FFkV2mUnkzwjo7cUC7g.m3pIcfMAAgjIfcdYHToRIKQZpCvEfSiL38n4GAuxMJc
2075703268	02	https://00.img.avito.st/image/1/1.TcXATLaw4Sz2-2Mh1iEEv9Hs4yxw5ekmdg.cWPSX74vN02s5HNtp1hrNaiTePcV5PPxxlR0QQd4Qgk
2075703268	03	https://00.img.avito.st/image/1/1.x0vHGLawa6Lxr-mvxS-hMta4aaJ3sWOocQ.0jYoPGpwUXMQPXZYlNsyA6RlzfZ0SJFP8ufj9NHI10U
2075703268	04	https://00.img.avito.st/image/1/1.tJ0QHLawGHQmq5p5dHae4wG8GnSgtRB-pg.ID8Dp1JxVkn-9wTKMGkznaOmZviNAOiSHPjHPgcgIBo
2075703268	05	https://00.img.avito.st/image/1/1.eNzC17aw1DX0YFY4vsIRpdN31jVyftw_dA.VAWtB99gHXlagAGXU1sNGuflHOQ7aN6nHuJ85prH2yg
2075703268	06	https://00.img.avito.st/image/1/1.bQYBlbawwe83IkPiV9g9eRA1w--xPMnltw.f_De2x195N99uoH_ddVAkPll6evFMnFmAQClGUwPUtg
2075703268	07	https://00.img.avito.st/image/1/1.FJDAVLawuHn24zp05Hgd79H0unlw_bBzdg.xx2J-1rZPF20DEHaExqhjT-vNMMV_bgg6kwWdgx73Mw
2075703268	08	https://00.img.avito.st/image/1/1.qJ96lLawBHZMI4Z7JoLW5ms0BnbKPQx8zA.osGoRenQeD-J2_eIlVIpgZ1GN64deiRSm0-KEQ6-nm0
2075703268	09	https://00.img.avito.st/image/1/1.ARk0TbawrfAC-i_9Og1OYyXtr_CE5KX6gg.HwYok03sIIEDuDgQK4pO-IORhPiWo3uQ-8G49uuhnWI
7578758543	01	https://00.img.avito.st/image/1/1.uQVeibawFexoPpfhIIvcfE8pF-zuIB3m6A.Khx6kLI9dXWKgFSD59kuh2H7C8fyZ6saFlYd4Bn4Q8M
7578758543	02	https://00.img.avito.st/image/1/1.pl3efrawCrToyYi5ngjyIs_eCLRu1wK-aA.tV21s7m8eVxyXOR4i3ECJXGISIu8T4ZhoMv9oSMEJRs
7578758543	03	https://00.img.avito.st/image/1/1.zjYfwLawYt8pd-DSD5viSA5gYN-vaWrVqQ.5qhgi3lQKVGSSwTdHsRvm17q0HFpXNWnPEpB-6UQzcg
7578758543	04	https://00.img.avito.st/image/1/1.P1DkHrawk7nSqRG0ljISLvW-kblUt5uzUg.yX8_ZL2pu9huCOARD6zVo8j1NSG4P2I-awxR0A3z6AQ
7578758543	05	https://00.img.avito.st/image/1/1.SsEbfbaw5igtymQlAwA4uwrd5Cir1O4irQ.5OUs_Wd7B9Z6UNJiGHks_j-fDQu3wDHCp52ltU6ewAs
7578758543	06	https://00.img.avito.st/image/1/1.ktBLfrawPjl9ybw0Y1ToqVrePDn71zYz_Q.nTXNuRHE0w_HpGQmkLdwhzKUl-azE0zoWaH3ydcLOIs
7578758543	07	https://00.img.avito.st/image/1/1.Se1YeLaw5QRuz2cJRhkekknY5wTo0e0O7g.YeZQFMg6XbZyf7DqYgcslyxHwqVVkJY4XmLXgGfc-bA
7578758543	08	https://00.img.avito.st/image/1/1.q1G9mLawB7iLL4W156rOKKw4BbgNMQ-yCw.CO3t8lANgsrCnCtvsaMTCk65lp7P951isO_56RBuwz0
7578758543	09	https://00.img.avito.st/image/1/1.dJ1GmLaw2HRwL1p5IvVz4lc42nT2MdB-8A.Af2_c2qjkkRN4jXU2G1nFnIPCci-z-vrpWlO8-Tdyu4
2171528463	01	https://00.img.avito.st/image/1/1.ws-rfbawbiadyuwroy63tbrdbCYb1GYsHQ.FkGS5a4fm2riyDCAkK7qpx9puDO_FPyLCUaUVjBKxmc
2171528463	02	https://00.img.avito.st/image/1/1.01G_WLawf7iJ7_21lTO2KK74fbgP8XeyCQ.NE_097_nvTCuR5rwKSh7zwBvsPU9ik9kxdazKm03AkE
2171528463	03	https://00.img.avito.st/image/1/1.q1cYGLawB74ur4WzQhrnLQm4Bb6osQ-0rg.L3_mL3HzFUHownGYEhFiXDwYRi-29ylIF5mZVYZcrTo
2171528463	04	https://00.img.avito.st/image/1/1.WTVnzbaw9dxRenfRWZBTSnZt99zXZP3W0Q.tYuu-Wb3JHO2ZOpSsqIuAMQqo2zRbQxYYzaKQVFpSEw
2171528463	05	https://00.img.avito.st/image/1/1.zjZlhbawYt9TMuDSdcqwT3QlYN_VLGrV0w.wnr9AbzAhLl_Wb5fXR6Vt1E_yxN_Mc-SB2fd4ZgzIvA
2171528463	06	https://00.img.avito.st/image/1/1.mQPSTbawNerk-rfn7D_4esPtN-pi5D3gZA.MvlgiLkRjUjeyZ9m5ER3xGYMFcLChRgv84ftV15mvMs
2171528463	07	https://00.img.avito.st/image/1/1.7uprbbawQgNd2sAOOz75knrNQAPbxEoJ3Q.CCVvzL16ucwzZOFeX4NlNzXEk2gL4VDoxk9551WXO88
4090963149	01	https://00.img.avito.st/image/1/1.IQVie7awjexUzA_hLGsLe3Pbj-zS0oXm1A.dCUg4__dq3nGV21yu1y30N1O5e-RLubEzSG8Dq5YsK0
4090963149	02	https://00.img.avito.st/image/1/1.8NzOErawXDX4pd44olWBpt-yXjV-u1Q_eA.SQhO9iQCt1GkMpbKdnEPMhwOgk1xHUapCF9DKbKGeyw
4090963149	03	https://00.img.avito.st/image/1/1.WTWcTbaw9dyq-nfRokxcSo3t99ws5P3WKg.Rq8f_GQqg4-uveGJyNtErcuJupQgTxET29wzanqutIk
4090963149	04	https://00.img.avito.st/image/1/1.YBhB0LawzPF3Z078Dbl5YFBwzvHxecT79w.Gjr83gNN_Q_knf3gBp4xrq36aL2WJhBMH7GVvKiPb_k
4090963149	05	https://00.img.avito.st/image/1/1.owbtFLawD-_bo43ip2q_efy0De9dvQflWw.6Rj4lK_JfFhiDt3ACvbq2qwwSZ0RNluaQ3OS380SlzU
4090963149	06	https://00.img.avito.st/image/1/1.w9VtFrawbzxboe0xZxnrq3y2bTzdv2c22w.7nqZkhLPqENgrQu4yibK7zZ2w7kkWl3-FyjWsjT6DXE
4090963149	07	https://00.img.avito.st/image/1/1.P_ikBrawkxGSsREc1hoSxP-nkREUr5sbEg.9xVO98cimW8-Xa3G2lWtrP_drXfDdxzCFQav3ksuP2I
4090963149	08	https://00.img.avito.st/image/1/1.BMtFpbawqCJzEiovQfUF7B4EqiL1DKAo8w.59LH5RKKi6JIUp00tjfxLq5afzT95by4Xm9OKtQC_Ic
4090963149	09	https://00.img.avito.st/image/1/1.bMtIBbawwCJ-skIvHHR27BOkwiL4rMgo_g.7XIKH-PwGVOZKrUiFKuTHGUzHv2Ibx-IRQf3NG90l5U
4090963149	10	https://00.img.avito.st/image/1/1.cjX0vraw3tzCCVzRnO80T-Ue3NxEF9bWQg.q85Cixq8V5XETBzk4guPf-Ko6BIV7l7Y4BwrASVX2Gw
4090592441	01	https://00.img.avito.st/image/1/1.2_APYbawdxk51vUUNXbMiB7BdRm_yH8TuQ.GJaboK4CQ5pC3hp9GGN0qoB4DML_BWDwJEmSDVVeB2o
4090592441	02	https://00.img.avito.st/image/1/1.MXbYSrawnZ_u_R-StnZPD8nqn59o45WVbg.oRCmvzMu32dhvwfKfxKyftCEoxl1XxCJZX-3pVgY91E
4090592441	03	https://00.img.avito.st/image/1/1.0RlNzbawffB7ev_9Y8KZY1xtf_D9ZHX6-w.Iu2yRzjrNoFTT1jb3jo5ZP3U9zDQwslKkYH6nP1bFW8
4090592441	04	https://00.img.avito.st/image/1/1.01xdOLawf7Vrj_24dx_OI0yYfbXtkXe_6w.UH8WtEyOQafKMjL6YiqCh5hsTzPOr7NR2PKKpa6wP-I
4090592441	05	https://00.img.avito.st/image/1/1.3xANArawc_k7tfH0PyG_aRyicfm9q3vzuw.mxvorQ1o-JU5RA3LlXN4zokWqeqmEPezd2hTDf9YFEY
4090592441	06	https://00.img.avito.st/image/1/1.JudrH7awig5dqAgDK3shmHq_iA7btoIE3Q.-wcmGUfFeLXOIZegnOW9sE3t1arXwZr0GHAJohEbiyo
4090592441	07	https://00.img.avito.st/image/1/1.UTrYSraw_dPu_X_e9hcrQ8nq_9No4_XZbg.E1dRrXG7pVo0O1pVn571bHTolMxxfntQ7fGy5APaB8Y
4090592441	08	https://00.img.avito.st/image/1/1.U-QtGbaw_w0brn0ABzw3nTy5_Q2dsPcHmw.4I-KrBiKn8X0qs4bxFrPSwm9gXoPu5-6ajQZV8VpPgk
4090592441	09	https://00.img.avito.st/image/1/1.w-YtGbawbw8bru0CJ36nnzy5bQ-dsGcFmw.EReg9ZZ2Xh0ZuW9zOR0t50igb-HcEpldK94COrqVXoo
4090592441	10	https://00.img.avito.st/image/1/1.PjYKkLawkt88JxDSeog4SRswkN-6OZrVvA.SLqGMzCMOZoy5c9PNBlDcWrX3tIcA8X7WJzeqa9uIJI
2619008492	01	https://00.img.avito.st/image/1/1.9_YNabawWx873tkSbwa4jBzJWR-9wFMVuw.mscznVSNi5s24bObh2c9nUtsJIcTODDdCkG74xYdCbQ
2619008492	02	https://00.img.avito.st/image/1/1.0QOBzbawfeq3ev_nr6K1epBtf-oxZHXgNw.EQkne5_3I69cINEYfQHuEOvUkoIRWezDmbI2dfj8tB4
2619008492	03	https://00.img.avito.st/image/1/1.KykNFbawh8A7ogXNVxV8Vhy1hcC9vI_Kuw.MeWAbKH1l4-Zd1lTlRzEKQ0KcspUPFMrw7g6HgExg20
2619008492	04	https://00.img.avito.st/image/1/1.vz4NP7awE9c7iJHaf0GrRhyfEde9lhvduw.Dy2HkwzUFjwYpE3_r-Inean_G8BHEfh75hWHuQL4cyI
2619008492	05	https://00.img.avito.st/image/1/1.OJ-9VLawlHaL4xZ7wTxe5qz0lnYN_Zx8Cw.k76rvd59kwVIQKR9nU1SkoGRkE-oYybkCBW837WQFT0
2619008492	06	https://00.img.avito.st/image/1/1.nQb9zbawMe_LerPiy6-xeOxtM-9NZDnlSw.oerwWIEYRi6aT-_qiSWWTKUk0f3WC-7Haq29aMPmdK0
2619008492	07	https://00.img.avito.st/image/1/1.tjZmVbawGt9Q4pjSBlvWT3f1GN_W_BLV0A.pARG08XcnwlU-RtPJJf4yXaAbmYs7GFxTXDF3yFU-vE
2619008492	08	https://00.img.avito.st/image/1/1.B1Dbdrawq7ntwSm02QpXL8rWqblr36OzbQ.Nc_HnbdOA_Aj0-p_2C9qMW5iRN-9mGNQZhp9jj6yas4
2587330038	01	https://00.img.avito.st/image/1/1.zQUxJbawYewHkuPhJzKtfCCFY-yBjGnmhw.NsX-pyFtiru_NLsoHL-PuEJwUOSfQEh5jZHOVGCz7iA
2587330038	02	https://00.img.avito.st/image/1/1.tJ1EgLawGHRyN5p5IPa34lUgGnT0KRB-8g.1Ts1bGcD62QH8z99MSSmewksMMbid4M862X6k64bnKs
2587330038	03	https://00.img.avito.st/image/1/1.-1GtFLawV7ibo9W11wPyLry0VbgdvV-yGw.iWpKZJ9eNbD_PICBnpiN8FTGKf3xs4H1HYRYimDPgOc
2587330038	04	https://00.img.avito.st/image/1/1.rjZ5OLawAt9Pj4DSKQK1TmiYAN_JkQrVzw.phQURUBZzrqI7KQh2uPKvZCEsbC2EbFsyURnuEM1saM
2587330038	05	https://00.img.avito.st/image/1/1.jZFYTbawIXhu-qN1Tm-Q6UntI3jo5Cly7g.qfZeVCG0q25_Oqv2aNxOI2Wz9l99fFz879A3ZS_IqrA
2587330038	06	https://00.img.avito.st/image/1/1.DjhrFbawotFdoiDcew1fR3q1oNHbvKrb3Q.iLxHpb7IvgzVdYH4uj9ZoOhf-BaAXyxNISdNMS804rs
2587330038	07	https://00.img.avito.st/image/1/1.U0WtFLaw_6ybo32hhwFfOry0_awdvfemGw.wAnzM8xyHgssygAwI2Tm_pBA7OpZ9mWffNbmGsIXRgI
2587330038	08	https://00.img.avito.st/image/1/1.-V5ysbawVbdEBte6DMq1eCkQV7fCGF29xA.wsTmRd381JyluJaO0yd4CV7rM4UMGF5oyJ-wmkVeIHc
2587330038	09	https://00.img.avito.st/image/1/1.g7AKB7awL1k8sK1UAFnNyhunLVm6ridTvA.hvxdNOyerr-6M2pzrGxUUX4Fd7FtFSkCbJ3UIRsgUwY
2587330038	10	https://00.img.avito.st/image/1/1.cQwvTbaw3eUZ-l_oQVRvdD7t3-Wf5NXvmQ.BW9Nhy5qWKO3xY4rxYUGncCvKBRv5oxWV13FD_PscIM
2523380951	01	https://00.img.avito.st/image/1/1.oZNYUrawDXpu5Y93FkDR6UnyD3ro-wVw7g.9MxQYLWB66lOGiXpYIhIuig63MsqWFSjn7rm0ryoxSA
2523380951	02	https://00.img.avito.st/image/1/1.3oRrbbawcm1d2vBgWwbK_HrNcG3bxHpn3Q.-XzbzWjv-mVaQmTu77z6aEelEb97OuPTWHmlSdLcnBE
2523380951	03	https://00.img.avito.st/image/1/1.5QYDzbawSe81esviRa63eRJtS--zZEHltQ.9VQrpcZ8XpdiYJsbW1jYRxpNbvrz1A5NYMvMCvA6j7s
2523380951	04	https://00.img.avito.st/image/1/1.t1DbdLawG7ntw5m0uQ7nL8rUGblr3ROzbQ.RaW_1gbaJnufyzUeEZtliYBy1eqgZVUv9pl2yF1WuQ8
2523380951	05	https://00.img.avito.st/image/1/1.0QyBTbawfeW3-v_orybFdJDtf-Ux5HXvNw.z4kQzKAfGZRX9wg3-PqcK_jmRdpDGWgpFCKdkBlYxo0
2523380951	06	https://00.img.avito.st/image/1/1.tJz3eLawGHXBz5p4k3bQ5ebYGnVH0RB_QQ.wMnktirziGmArTwnwx6smQb-dSpCQZuP1VZuUi1tFYc
2523380951	07	https://00.img.avito.st/image/1/1.FxIN2rawu_s7bTn2L_4XbRx6ufu9c7Pxuw.uHsRQCCitHz7NWNrsmV8GZcyO3SMTlXwiXVAd17uHGI
2523380951	08	https://00.img.avito.st/image/1/1.D_ANArawoxk7tSEUH2JsiRyioRm9q6sTuw.wK-FBX2DNUdxmaHTpCaLwoOdcONLK_h5EDqm1Kwgb0s
2523380951	09	https://00.img.avito.st/image/1/1.ZKXF1LawyEzzY0pBgfEf3NR0ykx1fcBGcw.qssYf3j5woj_biV3AHDr6zaWk38Ij6E-jIqK1p6MwDE
2523380951	10	https://00.img.avito.st/image/1/1.y1xd-LawZ7VrT-W4R8fWI0xYZbXtUW-_6w.LFiyqkNNN37NJ_qh9mAP_tpyncmh41g5SVIfLz4KQ6A
7962873258	01	https://00.img.avito.st/image/1/1.LEwJ1bawgKU_YgKoXb0EMhh1gqW5fIivvw.5vGxHC7w5IOtOZRrWUt1ZLX6I60trQKhyS_vs429TWE
7962873258	02	https://00.img.avito.st/image/1/1.1J1FILaweHRzl_p5YXfU4lSAenT1iXB-8w.GN9fMpSgVxTb12ZzWUrcnRkvM6ESTxfAVfqt7otNYsw
7962873258	03	https://00.img.avito.st/image/1/1.XQXDHbaw8ez1qnPh9RRPfdK98-xztPnmdQ.Pq7C_cHy1FyZNjriVk5QVPQ4X-ETtTqQE2IbekSrASM
7962873258	04	https://00.img.avito.st/image/1/1.gzAPT7awL9k5-K3UBQGfSB7vLdm_5ifTuQ.kDd1Ew-rUAnSXPLovW1L3_7CiotIt_vPFUtUW5zrGkM
7962873258	05	https://00.img.avito.st/image/1/1.lZZITbawOX9--rtybmeP7lntO3_45DF1_g.Bx15NZllTV5dJHGlyc1Wf-d_4g2-WNs_0DnvKskEJd4
7962873258	06	https://00.img.avito.st/image/1/1.6YVo0LawRWxeZ8dhNp_p-nlwR2zYeU1m3g.SQCZmP-WeDCJKaHB4giA5nDwDxPd_eYIWwRw4zIy-hE
7962873258	07	https://00.img.avito.st/image/1/1.lZkgTbawOXAW-rt9BlOA4THtO3CQ5DF6lg.kzR90qHNxY3K8mGKjRfgoYARiIPZwAj1s2xdJMp-rKY
7962873258	08	https://00.img.avito.st/image/1/1.KSLYUbawhcvu5gfGhk1iWMnxh8to-I3Bbg.bZALep9QhgOlF7slJAoS2TS5PqG917j2-Wj6MpuyCg0
7834026349	01	https://00.img.avito.st/image/1/1.lKhl1LawOEFTY7pMQdL00XR0OkHVfTBL0w.h1pXDKUAgaGC_1cwlVGukwn0gvQmzDXXPQitA1Z8hgU
7834026349	02	https://00.img.avito.st/image/1/1.Sir7eLaw5sPNz2TO431NVerY5MNL0e7JTQ.gI0O-obi8egZL0fZ7vN85sNVpDA-oonSDP3el6jXtlE
7834026349	03	https://00.img.avito.st/image/1/1.NNjF1LawmDHzYxo8ofA1oNR0mjF1fZA7cw.ZYDlhJpddB88B2U9AJ4WCISHPNGPCVH0DpZL-x7bhLo
7834026349	04	https://00.img.avito.st/image/1/1.6pZteLawRn9bz8RyNXPg6XzYRH_d0U512w.ljXcjqfNnLk2KgsiShYwYuf39SWgdj02HiCs8BUDL9w
7834026349	05	https://00.img.avito.st/image/1/1.cjDODraw3tn4uVzUpnMpT9-u3Nl-p9bTeA.zz5vfHRmMpB7upWGUFRsq5LkTh44TKOVe9MWNfAYbbI
7834026349	06	https://00.img.avito.st/image/1/1.-rXLfbawVlz9ytRRszayz9rdVFx71F5WfQ.uRXZTDX-_40tC2vQ-GFcqAgAijaQzJeYvfGoS57PCww
7834026349	07	https://00.img.avito.st/image/1/1.qQxKzbawBeV8eofoFPuxdFttB-X6ZA3v_A.V1Rr8X0gs9PmYOuisvZUpd51kkjxajmw2z0XT_ZKLHE
7834026349	08	https://00.img.avito.st/image/1/1.hR1YJrawKfRukav5XgjnZEmGK_TojyH-7g.sCS4GUqCs1fZVUl4rIBAtNELoahFzngOSlVbQYs1onI
7834026349	09	https://00.img.avito.st/image/1/1.LjuPfrawgtK5yQDf305IQp7egNI_14rYOQ.YkmwCK7XCfsAhHy8V0B9-_vVkyhQXbOW4N3Qu_KMMbs
2459293430	01	https://00.img.avito.st/image/1/1.TXMoTbaw4Zoe-mOXPlQyCjnt45qY5OmQng.Y7PrjMcClzq_khT5YUPQ08vddX-osblyC5d4dPo0DtA
2459293430	02	https://00.img.avito.st/image/1/1.1jZTqbawet9lHvjSc9aZTEIJeN_jAHLV5Q.AdHaoDzVPGlBAQYu2sspWpEIlbC3FAkEZQWjdaNQhtk
2459293430	03	https://00.img.avito.st/image/1/1.zJzxxLawYHXHc-J45fel5eBkYnVBbWh_Rw.eyU6tqFZXlb-DpszdZy4eH49skcASB6Gh8ptD_hF2Js
2459293430	04	https://00.img.avito.st/image/1/1.BQUypbawqewEEivhNPFmfCMFq-yCDKHmhA.TRkIoBQCNAROVeOFqkCGqzK02z-jDjRGEnDdTh2FB-o
2459293430	05	https://00.img.avito.st/image/1/1.zJz6ILawYHXMl-J47ney5euAYnVKiWh_TA.Inb9e5B-rDeI5O5kfcpsZpxc7Q_heNadk7ry_xrFaLA
2459293430	06	https://00.img.avito.st/image/1/1.RoBrH7aw6mldqGhka2ZC_3q_6GnbtuJj3Q.k77zw3z7o30S5oLdBy7yYMe6HZfF5GZq4QgSs6ADs9g
2459293430	07	https://00.img.avito.st/image/1/1.j8a9sLawIy-LB6Eir_Lc--YRIS8NGSslCw.Ty-egPwKfxHAlEPqyZYx8qagCVSbYQraN7naccDMVUw
2459293430	08	https://00.img.avito.st/image/1/1.WRkczbaw9fAqenf9IsgUYw1t9_CsZP36qg.GBmVr3zP8B7zGZ1mJIxwUFY9cl4FIJy9t5sCbDlZXCA
2459293430	09	https://00.img.avito.st/image/1/1.37gN8bawc1E7RvFcP4LxxhxRcVG9WHtbuw._rEwAJsAT54xFNjzSEPqnHpjGmVQBrEw0byu-1Ol_KE
2459293430	10	https://00.img.avito.st/image/1/1.vb1Y0LawEVRuZ5NZLq6pxUlwE1ToeRle7g.xhw-nAmb40DCx6BccQFYbVCnHRi42yZP8OUlAGg9cnI
7834164735	01	https://00.img.avito.st/image/1/1.Q1ABObaw77k3jm20CzhCLxCZ7bmxkOeztw.FUjnpAlqK-Jen1jz_n2RIt5c7fNtIFIalS1Rlq2C9Ug
7834164735	02	https://00.img.avito.st/image/1/1.JBTBNrawiP33gQrwhR5obtCWiv1xn4D3dw.plqUYknKncO0zbLORwiF-jWRWdxzE5jMkgoYe5JSlAA
7834164735	03	https://00.img.avito.st/image/1/1.qjWfTrawBtyp-YTRx2DZT47uBNwv5w7WKQ.hgjKMTcLZBnLqBSj93KXBbpQaw-C2mlx9PW1xpyOBGU
7834164735	04	https://00.img.avito.st/image/1/1.kg4bf7awPuctyLzqM0GHdgrfPOer1jbtrQ.SjF8mhzjkTHwWq4-oBU2E2gSwKJ4ziOHsfHL1DEbsUk
7834164735	05	https://00.img.avito.st/image/1/1.zJ1FvLawYHRzC-J5UffN4lQcYnT1FWh-8w.TBIydCwlshnBwac6mOLTalsoJU_I8oYyHqtxnpPf9G8
7834164735	06	https://00.img.avito.st/image/1/1.aQItzbawxesbekfmc8AXezxtx-udZM3hmw.kp5NmmwSQ-hbnbIMZ-ineiwP6lIg_LlMRDjUu4U1-dM
7834164735	07	https://00.img.avito.st/image/1/1.-iMreLawVsodz9THUwv5XDrYVMqb0V7AnQ.HthHALm_WkPg_cOQKEAM4lIlmVaWXcMCYZzvVHi4Ncc
7834164735	08	https://00.img.avito.st/image/1/1.YGAB0LawzIk3Z06ETb12GBBwzomxecSDtw.TeZwIYuwoqoeHewEQW4RWu4PV5PYF_3E_PC0L9H2lao
1787609866	01	https://00.img.avito.st/image/1/1.P1AQ3rawk7kmaRG0YvJBKQF-kbmgd5uzpg.Gu44KYP6SJU1vX9dCnPtqtyy1WeKnIwaoz7WjzOLKt4
1787609866	02	https://00.img.avito.st/image/1/1.XJyOGLaw8HW4r3J4unVK5J-48nU-sfh_OA.G3QzODOsyvHa7q21WJi8uAHNcf6cl7AqR53TKD6pjD4
1787609866	03	https://00.img.avito.st/image/1/1.9FDBnrawWLn3Kdq0pfHoKNA-WrlxN1Czdw.8L1l9tLH02WYv3qPy3eIUehssYudvxbXoHmmpkOnADc
1787609866	04	https://00.img.avito.st/image/1/1.Q_AKGraw7xk8rW0UAG8Kihu67Rm6s-cTvA.lbyxRsnaTftzvvDYf3JJputFYXf6-zK_UJa_PyfiQJY
1787609866	05	https://00.img.avito.st/image/1/1.i83NFrawJyT7oaUp1wyls9y2JSR9vy8uew.vRgvLH_VLDh32qjvyjLsWSx8KI3Lvfs687OL8LST1PA
7578661996	01	https://00.img.avito.st/image/1/1.EYVeorawvWxoFT9hcP52_E8Cv2zuC7Vm6A.U7jrL4t_GCEWnMNaeJGqvGDrn_c16LjdVeLAUVIDV4o
7578661996	02	https://00.img.avito.st/image/1/1.bjZ5Vbawwt9P4kDSKVh2Tmj1wN_J_MrVzw.8r824X1s0EsranqvscKQr0DiJcxxPL1j5yJwzYdpcMU
7578661996	03	https://00.img.avito.st/image/1/1.IYVoULawjWxe5w9hJhwp-nnwj2zY-YVm3g.C4rQNqmvt2mO78OxR9ZE9MzCyl-g3fofpaM0z_Ew_qY
7578661996	04	https://00.img.avito.st/image/1/1.dQXLdbaw2ez9wlvhrUhvfdrV2-x73NHmfQ.9xegAKMhuohP0KsuYSl-D9nVNF4v378KD6DvbW1XCoI
7578661996	05	https://00.img.avito.st/image/1/1.qjB0HrawBtlCqYTULGSsT2W-BNnEtw7Twg.aXipXEjYgYF9kVUNPABnG6im_JNU_VQR4dnKsJVe9Tg
7578661996	06	https://00.img.avito.st/image/1/1.1QYENbawee8ygvviIiqAeRWVe--0nHHlsg.BXWDz2iYT39ZehYIYMpSGzbxyX2zIIedl14mF192WI0
7578661996	07	https://00.img.avito.st/image/1/1.1jYfgrawet8pNfjSP9H4SA4ieN-vK3LVqQ.l30GIUslF_3UNpSUjTTjTNtXIz0imK7-Uvg-0qiNAB8
7578661996	08	https://00.img.avito.st/image/1/1.jW7QTbawIYfm-qOKxivvF8HtI4dg5CmNZg.PRXbQk7-3jOYiL0f646TDcwwiKpRjmiaIQJjQznwbtI
2267137688	01	https://00.img.avito.st/image/1/1.QBzbAraw7PXttW7410sTY8qi7vVrq-T_bQ.TDSFb4VDHnIMJZLMM7uL7W0wRuZPykVkkaPdqhEq_K8
2267137688	02	https://00.img.avito.st/image/1/1.MaFYUrawnUhu5R9FNlJC20nyn0jo-5VC7g.Aw7KeNQRrMGFNy6F6imY1cOnL1HYtFnJj6ULKLnGZRs
2267137688	03	https://00.img.avito.st/image/1/1.INzFYbawjDXz1g44iRU_pNTBjjV1yIQ_cw.xzbIxu0RNzy8cEDoS7gIR3fqh3aUFtsK8w6VYHfwiqM
2267137688	04	https://00.img.avito.st/image/1/1.ZQ2wTrawyeSG-Uvp9htkcqHuy-QA58HuBg.v8d-AGQtzFrn1SlEmorQnc3EWlXtKiL3044r0WSnjvk
2267137688	05	https://00.img.avito.st/image/1/1.bJ0S0LawwHQkZ0J5RvVD4wNwwnSiech-pA.is9XVc0j7MHO0_Pm_4i4ri6ZpWuIPQ0o0p5cLp8x4Lo
2267137688	06	https://00.img.avito.st/image/1/1.xBcN1bawaP47YurzCbraaBx1av69fGD0uw.j65LUf3h7MK9MPln6kPog3--cTDUFT0lhaIXGe-8bHY
2267137688	07	https://00.img.avito.st/image/1/1.71gNOrawQ7E7jcG8XwnuIByaQbG9k0u7uw.s_CLmv6EgdLFym55uxFO2wctoNYbApb5mW4KN_6vp30
2267137688	08	https://00.img.avito.st/image/1/1.wuoLfrawbgM9yewOA0WlkxrebAO712YJvQ.GHB0h4mIU0xWx3Cqqpy65qreVLxiCboP4bIj60T3WBg
2267137688	09	https://00.img.avito.st/image/1/1.O1caOLawl74sjxWzYHx3LQuYlb6qkZ-0rA.G9cSnEzZep08HBurnaF3jTlCONRqYfM7JviBKBn2v2A
3003575829	01	https://00.img.avito.st/image/1/1.eJzbN7aw1HXtgFZ4pyYt48qX1nVrntx_bQ.rtTwe0X094v3cjD6aZwPz6Ef9zhpRIN8SSLEzX8NjQQ
3003575829	02	https://00.img.avito.st/image/1/1.lZc4TbawOX4O-rtzHl-O7yntO36I5DF0jg.baGWzzBez8fmZZKWreqPTdwmGRjtOQFWAkcp0oAvxCE
3003575829	03	https://00.img.avito.st/image/1/1.jB3d1bawIPTrYqL5yeuHYsx1IvRtfCj-aw.pFzHIHXu83oBthsotiC4j9j5LLLIj5IcJXsFcRUICWA
3003575829	04	https://00.img.avito.st/image/1/1._3TXGLawU53hr9GQpQ_lDMa4UZ1nsVuXYQ.oa_63jcUbqj6rc8OIVDejPidzu_5RKE6JFtSpDwruwE
3003575829	05	https://00.img.avito.st/image/1/1.jWioTbawIYGe-qOMvhfpEbntI4EY5CmLHg.OZkmfNG2u8JVWQVwMu6GE4mDY9bj9vQbmOp_cXFSEbw
3003575829	06	https://00.img.avito.st/image/1/1.4S9K57awTcZ8UM_LBNDJExFGT8b6TkXM_A.tfWYZEupzkCsKDaFnHi2hvOrdepfc2FX21062yHOylA
3003575829	07	https://00.img.avito.st/image/1/1.djZ4nbaw2t9OKljSGLBgTmk92N_INNLVzg.f7XNrAfNM7vQOe1m3XNJwxC9CgnRlSkk2O4ivQ9L05g
3003575829	08	https://00.img.avito.st/image/1/1.giZtzrawLs9beazCZejTWXxuLM_dZybF2w.JEFIGH7c_R8qJrjt0Ct9dLuZyVYzQC_gVkNZquyup9s
3003575829	09	https://00.img.avito.st/image/1/1.hqRrQbawKk1d9qhAayvz3nrhKE3b6CJH3Q.pcBYzXiXNLX0dLIVIc7BHa5Y5UQCH9I6tQHZHFs1vxU
3003575829	10	https://00.img.avito.st/image/1/1.JEzBnLawiKX3Kwqohew8NNA8iqVxNYCvdw.xSlfSldgKL99mpGccZTce0nwJYmJ90IPZ5zzOwUs1ME
4090605198	01	https://00.img.avito.st/image/1/1.uYVRdLawFWxnw5dhLxqj_UDUF2zh3R1m5w.BAp-5Zr6zK97rNbxc9IDk94Tty4CnaIIF2Q6Y_ZKtzE
4090605198	02	https://00.img.avito.st/image/1/1.C_APXLawpxk56yUUFWgTiB78pRm_9a8TuQ.J8MqC9Evne2UOSb4wz5zr07dJUDVePNhYtFa5_Tns_o
4090605198	03	https://00.img.avito.st/image/1/1.tbnEvbawGVDyCptdouegufcdG1B0FBFacg.gu0flJ9hciS1TXu_zjbDAmyHudr3Rg4VdQWbjNGFjOM
4090605198	04	https://00.img.avito.st/image/1/1.QxAPPraw7_k5iW30BVdDaB6e7fm_l-fzuQ.6eauZvZE5qo2nl6DUaagtiF5jQHDVa53KdukG011TrY
4090605198	05	https://00.img.avito.st/image/1/1.41cNGLawT747r82zRzuqLRy4Tb69sUe0uw.3aGjn0N4AuSan2hyfcHDFhqlx6Y_w7bCyYhl-6JGnNc
4090605198	06	https://00.img.avito.st/image/1/1.Zl1JfrawyrR_yUi5CVc2IljeyLT518K-_w.mJD4hLBOtx-jlaeQjESlqNZdfl9pES4HcDYLkhtDmKI
4090605198	07	https://00.img.avito.st/image/1/1.6QVEFrawRexyocfhGm2lf1W2R-z0v03m8g.sfw5UJLv1xpN8Dr5DlSul9e3eJ832EipJZhGCz9QyFw
4090605198	08	https://00.img.avito.st/image/1/1.vLTAULawEF3255JQtFq9y9HwEl1w-RhXdg.iq-0xpr6C4MXjHYy9I65uyyunYQQr7tgtZoXstKFZ7I
4090605198	09	https://00.img.avito.st/image/1/1.nJ0RULawMHQn57J5JXa04wDwMnSh-Th-pw.nIQVKLhYotDo_gCpS8JwqeyiEQl8_3lY61iiiYUJV2s
4090605198	10	https://00.img.avito.st/image/1/1.xWgATbawaYE2-uuMBkKhERHta4Gw5GGLtg.DNt_C1W7cXLfDi-VE661cYFoV9cuLQY1jdNielyPSNs
3899495049	01	https://00.img.avito.st/image/1/1.mjB1vrawNtlDCbTUTaycT2QeNNnFFz7Tww.rcr-sp0sAKfkiXQQdExW12NdBkwttg66-p_6_qmff9Q
3899495049	02	https://00.img.avito.st/image/1/1.goZqQLawLm9c96xiYk6U_nvgLG_a6SZl3A.uXCwBq_f-Vtq8eO8gCGnONWkGwipK-AV7faKinu6So8
3899495049	03	https://00.img.avito.st/image/1/1.v0QNPLawE607i5GgfzamPBycEa29lRunuw.Qinrx5yuOrV2zQ3igSuMDmrIeZIoqnob3ZrV07VOqTA
3899495049	04	https://00.img.avito.st/image/1/1.9bVZs7awWVxvBNtRP8iCz0gTW1zpGlFW7w.I8Qansjwd36RW_Ol1V0qYkmNaKzE0Berk4rTnn4XUPg
3899495049	05	https://00.img.avito.st/image/1/1.2NzFKrawdDXznfY4-W3OpNSKdjV1g3w_cw.jE71E80SfvtV-X07e0Pr4l-2U1Kr8Xp66Uqm9nH3Nw8
3899495049	06	https://00.img.avito.st/image/1/1.waTYeLawbU3uz-9A1leS28nYb01o0WVHbg.uEZklOfugtMf3rUGcLcKdaEsog1unWSiRcOwFrbVnh4
3899495049	07	https://00.img.avito.st/image/1/1.l4fbGLawO27tr7lj-RbB-Mq4OW5rsTNkbQ.PDNzCe2MJa_7cAPqjvpMjWNXVHZufcC47V_ItI4Byk4
3899495049	08	https://00.img.avito.st/image/1/1.X_irBraw8xGdsXEcmRtOxPCn8REbr_sbHQ.eE-COTLElS-UD5tjIS9zNDm85AA9VxHH5Jhvctgs8oo
3899495049	09	https://00.img.avito.st/image/1/1.XJ1uYLaw8HRY13J5WnUK4n_A8nTeyfh-2A.HEwJWAtUAFKgfBq4SJsOICzWFc5gZ7IaQkLBgmt_NOY
3899495049	10	https://00.img.avito.st/image/1/1.RrdrCraw6l5dvWhTay9ryXqq6F7bo-JU3Q.Kwjjc7EoIGn6-Ce_9iPbB8CUza1fqtNp6Nyr2K9URpg
1787200602	01	https://00.img.avito.st/image/1/1.0jXmDrawftzQufzRznGdT_eufNxWp3bWUA.wEATzLhvh6tdetP0GZPRAHV2cwmgXQq-6n9Oj2le1So
1787200602	02	https://00.img.avito.st/image/1/1.S_ENGbaw5xg7rmUVFxgqiBy55Ri9sO8Suw.OKlWYk3gEQfDk41RJgh8nTFjVXeihIo-AjLR6WYUe6w
1787200602	03	https://00.img.avito.st/image/1/1.oL6B2rawDFe3bY5azdztxJB6DlcxcwRdNw.lgHsaQpAq7GVHs0b5g5_RQ1Xy0erIwbCgXnem21vsvA
1787200602	04	https://00.img.avito.st/image/1/1.BjZT4rawqt9lVSjSU7JLTEJCqN_jS6LV5Q.UqIKWogLs31gmOu5wpCvBk_OTDMY8iraYCQiwY7qg0c
1787200602	05	https://00.img.avito.st/image/1/1.ajWYrrawxtyuGUTRwPsaT4kOxNwoB87WLg.jIqhT_SmFnTYmvkVuOYuRbY_jeBDZ9F-xOhSetd1eMw
1787200602	06	https://00.img.avito.st/image/1/1.3JTAU7awcH325PJw9Hjb69Hzcn1w-nh3dg.dGiM9Mhc615wvmV0-DE6tZwZzEDOJsZgKHSNkemWs58
4027009999	01	https://00.img.avito.st/image/1/1.BJz3bLawqHXB2yp483Rg5ebMqnVHxaB_QQ.BGU3FOd8_7x0uQbGwD2jbZBRlIBibKTL3_mUy6emTto
4027009999	02	https://00.img.avito.st/image/1/1.VBsB1baw-PI3Ynr_JbRSZBB1-vKxfPD4tw.PA7a3yggYGo4wGOzQUqQ8BIoHLm9XOAjKinc8MfPIUI
4027009999	03	https://00.img.avito.st/image/1/1.L4YhGLawg28XrwFic2B--TC4gW-RsYtllw.ewOJiGUwTK5DSZ8VjwU2MFm4hm8xF2D5ptelrGfxAyw
4027009999	04	https://00.img.avito.st/image/1/1.dJ1svLaw2HRaC1p5CPUn4n0c2nTcFdB-2g.aCstAzHrm6jJI-DUdNSQpcp-uuMFiObc8Q5rTFaMq5Y
4027009999	05	https://00.img.avito.st/image/1/1.2YVRrrawdWxnGfdhb5HO_UAOd2zhB31m5w.lU5ljRU9Fgwjx9hP6XCM1roUMmLNSD-KUBc7mBXwjhc
4027009999	06	https://00.img.avito.st/image/1/1.bQZS5bawwe9kUkPiBJBueUNFw-_iTMnl5A.GiXNK3vtH3VNufVtLrfSE8K0zKn1Uur4Y2GP9Iqk_LA
4027009999	07	https://00.img.avito.st/image/1/1.K3ItFLawh5sbowWWd3AqDTy0hZudvY-Rmw.G24QFz2pfYZ8jZ4XdsD4bxAJVP_2O3KOsoZD1KOhljQ
4027009999	08	https://00.img.avito.st/image/1/1.BQYBlbawqe83IiviB9lVeRA1q--xPKHltw.hx3OQDq1DcW3hdEeLSafe9edkOOxq_pK3M--GWGYPzA
4027009999	09	https://00.img.avito.st/image/1/1.PQU1PbawkewDihPhQyVZfCSdk-yFlJnmgw.HpMv_bk2KP9rGVXvUqcZeNFrF9TU2kCnxVdI2Ebdwdo
7962010120	01	https://00.img.avito.st/image/1/1.llcCfrawOr40ybizIniUKBPeOL6y1zK0tA.ArWFfcZvIbZ8-5H3Fda0JK2CYZaJ5Aukt1lNE_UI7qo
7962010120	02	https://00.img.avito.st/image/1/1.Vcb4TLaw-S_O-3si3j0fvOns-y9I5fElTg.x0kvW76Bqi5GmXTH7G8k4u2nH2CL7Y3niY5ZCX6aNIo
7962010120	03	https://00.img.avito.st/image/1/1.zJz1KLawYHXDn-J44Xes5eSIYnVFgWh_Qw.05Z-LlkO0w17NQk27xRsEIc0_pSWofv8dlaVEcvFjeE
7962010120	04	https://00.img.avito.st/image/1/1.Grabfbawtl-tyjRSo2FTzIrdtF8r1L5VLQ.ZqnkcYpETQRdo4iMNjl_a-G5Mdwnt43xySGxyVYicDQ
7962010120	05	https://00.img.avito.st/image/1/1.41GieLawT7iUz8216DeBKLPYTbgS0UeyFA.qSQ-iNNMjMzp979pYCi2eMl-KjHPu6w-NQbHWaCYz1c
7962010120	06	https://00.img.avito.st/image/1/1.CmZo8rawpo9eRSSCcMZFHHlSpI_YW66F3g.ZY2Rtcvp7vQdmhEh-yW8uSC0Ix2-yW7AsWcp_uQwT58
7962010120	07	https://00.img.avito.st/image/1/1.HcNATLawsSp2-zMndmBSuVHssyrw5bkg9g.yUcGPbGp-wIYpxm9wj_4dvlAJszdBGuvTLyp8_sUEYA
7962010120	08	https://00.img.avito.st/image/1/1.Mo_reLawnmbdzxxrgzhn8PrYnGZb0ZZsXQ.7hKM-EkGRDEhb_1_pAetuC8LewIRLLOnwY1S_kZkaaM
7962010120	09	https://00.img.avito.st/image/1/1.nJ1KjLawMHR8O7J5fvaD4lssMnT6JTh-_A.mUmX0MPsIe24nLRjNXAx1_l7goBy0uiNPNl8puZIkQA
7962010120	10	https://00.img.avito.st/image/1/1.0J9aVLawfHZs4_57dk-q5kv0fnbq_XR87A.7M4nN78CQX9NpFQwpuQ_xITCC94akum13zmHsUVylw0
4187469422	01	https://00.img.avito.st/image/1/1.HDCZ1bawsNmvYjLUra1NT4h1stkpfLjTLw.eKbohucJPgClt7zLF8HvLH7Ja5XE2na5GLcYVsFsXPc
4187469422	02	https://00.img.avito.st/image/1/1.xH-V1LawaJajY-qbkaOLBYR0apYlfWCcIw.1GRI9ezoUi7HBVMTD2VUf5vTRWBYvRLftFQm2q0_vMM
4187469422	03	https://00.img.avito.st/image/1/1.77INz7awQ1s7eMFWX6i5zRxvQVu9ZktRuw.XdqJoyEbG9h72gP74elUh3pQAFhd7gHNDMrcII8o3Qs
4187469422	04	https://00.img.avito.st/image/1/1.TRBgTraw4flW-WP0dnNRb3Hu4_nQ5-nz1g.WJdT9Q-XEjUxxVW0hbWMKjFeZFdoNlMEGQAWL3e7aBU
4187469422	05	https://00.img.avito.st/image/1/1.Y8uNFrawzyK7oU0vx0dMtZy2zSI9v8coOw.ei84_MZl6Xsa1IUfU_iALxJCQejNPTX8jlB7iRxWZX8
4187469422	06	https://00.img.avito.st/image/1/1.0jaAjrawft-2OfzSqNGuT5EufN8wJ3bVNg.IK9GUDEDJhD76ZiE2dxZu6ijWL2osXmBht5zOGoebqM
4187469422	07	https://00.img.avito.st/image/1/1.sjWSfrawHtykyZzR-hzHT4PeHNwi1xbWJA.gLWDv8sY8B3gQxOBr50Wl3iLdoevoCiBfH6AQxmoOuQ
4187469422	08	https://00.img.avito.st/image/1/1.RAjAe7aw6OH2zGrsxE4Sd9Hb6uFw0uDrdg.CIh460OVlH_VgiB9MuM0U1nf2s1Z9ff3RP2M9HnTgAI
4187469422	09	https://00.img.avito.st/image/1/1.GMLB17awtCv3YDYm_Zd6u9B3titxfrwhdw.c3J4bupYyPtthHspeGVxbPEGAPdp6udTR9ULM7SYBcg
4187469422	10	https://00.img.avito.st/image/1/1.5QZaBbawSe9sssviHALueUulS-_qrEHl7A.IU6pC9YGwKRH4ZLG35b53eWVaWIoOo4QqbB_Z_-Jn_4
2235173033	01	https://00.img.avito.st/image/1/1.tjYKKrawGt88nZjSali1SRuKGN-6gxLVvA.2CLZWghXFASCodzdkiL3pCIf0k9VUhX8TF7VkF0beR8
2235173033	02	https://00.img.avito.st/image/1/1.NjjxfrawmtHHyRjckTZLQeDemNFB15LbRw.NdOtW3XaVgzi8ZdQAnvE7zDMVFTWy71R7MMlCB7EifI
2235173033	03	https://00.img.avito.st/image/1/1.zQUt7bawYewbWuPhO56xfDxNY-ydRGnmmw.Qtj0vxGszQ4XY3zc12-ei7GQkrfSHpfIysAleHU0bMA
2235173033	04	https://00.img.avito.st/image/1/1.bjYfyrawwt8pfUDST7tCSA5qwN-vY8rVqQ.8JTMD5stL54N3z9ZLRydjJrLoBQVQchUScbrSGm0nvs
2235173033	05	https://00.img.avito.st/image/1/1.3cVY0LawcSxuZ_MhbpPJvUlwcyzoeXkm7g.CFnyFNSaU9bXPDPmVYArYgb0tH98K2_Y3n35ilUyNSM
2235173033	06	https://00.img.avito.st/image/1/1.PjZl5Lawkt9TUxDSFaxDT3REkN_VTZrV0w.tR5YV0GFNvlKQSlmAQE34CHswzrrKm7gnp7aZwmUkAo
2235173033	07	https://00.img.avito.st/image/1/1.IFzFT7awjLXz-A64iVM6JNTvjrV15oS_cw.KtbHRiFNZagnjGk5Pe2WLtnTpCzo72lkrPUpWNrhObE
2235173033	08	https://00.img.avito.st/image/1/1.2QVECrawdexyvffhehGUf1Wqd-z0o33m8g.oVPIBV11W9yK3UMz2MF7N823-uTm5VQMKQM0iYzBjvk
2235173033	09	https://00.img.avito.st/image/1/1.f1INBbaw07s7slG2fyACKxyl0bu9rNuxuw.hHj2Wm61dfTMU18Eikk6hpoC4B4mhgh3efpszjyFPxg
1787569530	01	https://00.img.avito.st/image/1/1.Mgjbf7awnuHtyBzss3MkcMrfnOFr1pbrbQ.NIcbCvbruWcAXZ4wM9PSMWvDmbpagq_hqhbAQ6wOlEc
1787569530	02	https://00.img.avito.st/image/1/1.pNb51LawCD_PY4oyvc65ruh0Cj9JfQA1Tw.nLWaGsjdTlYKtb-Ax2QcpCTEVf-kXlYow2ofbBjDz3o
1787569530	03	https://00.img.avito.st/image/1/1.QmZtxbaw7o9bcmyCZbAWGXxl7I_dbOaF2w.meO2BHOZH2-5Q9QPcAQn9O7147BgGohBxWR_31_YKZ4
1787569530	04	https://00.img.avito.st/image/1/1.SbrYeLaw5VPuz2dexiUbxcnY51No0e1Zbg.UTibetNxR5Q9tjY50xDf-yhz7E72mU94QnBw7YhdXys
1787569530	05	https://00.img.avito.st/image/1/1.s1fp2LawH77fb52zg-LDLfh4Hb5ZcRe0Xw.QOUTfT0HcamYEDHBBWnt6BbTgNsGCldbGUC2E0YxAw0
1787569530	06	https://00.img.avito.st/image/1/1.iixbeLawJsVtz6TIQ1aOU0rYJMXr0S7P7Q.6a7Aq6MkaSbPriSySnG9sl-1xFl9XrcE35baV1nDMKA
1787569530	07	https://00.img.avito.st/image/1/1.B1B-trawq7lIASm0fMpAKm8WqbnOH6OzyA._RGVg5fACqIabB66lnlWNrU6sAilBbLEu_XLBB0DC40
1787569530	08	https://00.img.avito.st/image/1/1._cUITLawUSw--9Mhfke0vxnsUyy45Vkmvg.7JlLq6kRswCOlYuHjTM_SzDiRitZl0enSt6KVR9_6O8
7322115695	01	https://00.img.avito.st/image/1/1.AjdEfrawrt5yySzTTB4cT1XerN7016bU8g.gR7CYhfzqHWrjzDsQ8emh8MewZuqwkjRovXt73FKis4
7322115695	02	https://00.img.avito.st/image/1/1.XQU0fbaw8ewCynPhAkQ4fCXd8-yE1Pnmgg.D48L34xRdQ-KJaLxe6ve8b5ilX6rMFnKPf-cnqp8VUM
7322115695	03	https://00.img.avito.st/image/1/1.1jYA3rawet82afjSIP2CSRF-eN-wd3LVtg.1I7o0cfnU7bg7hyvVA8NSHP66FwlQKdfThvSAMFUB-g
7322115695	04	https://00.img.avito.st/image/1/1.rQb8xbawAe_KcoPiqqOAeO1lA-9MbAnlSg.SEGZZPClCB7ufvlZ5BcslDoIvfRJhnt27l-rd3L7gpY
7322115695	05	https://00.img.avito.st/image/1/1.3htrH7awcvJdqPD_WwjeZHq_cPLbtnr43Q.DEcIOwmQr_tg7hDJXdQyqpG2HyhdgFhAaT3MoiWRkwY
7322115695	06	https://00.img.avito.st/image/1/1.gvZqQ7awLh9c9KwSYhGVjnvjLB_a6iYV3A.av00t5sCRIib8Fr0mFLqIuT2OLPMYczWUUYEQkbXu5w
7322115695	07	https://00.img.avito.st/image/1/1.Njt0frawmtJCyRjfFCJXQmXemNLE15LYwg._k7-9fASlHEA5dztGWZWIylUCZineU1-vJhXBdb-goI
7322115695	08	https://00.img.avito.st/image/1/1.B1AWhrawq7kgMSm0FJpgKQcmqbmmL6OzoA.QZW6gvgLME7LHkYUwBsuk9nB06zh_XQl30f4E3g8KTQ
7322115695	09	https://00.img.avito.st/image/1/1.63ABPbawR5k3isWUWzrrDxCdRZmxlE-Ttw.9OR3f0ahU70h_TQ5EznMR_40Gf6AIRVp1XYwsGOK4zk
7322115695	10	https://00.img.avito.st/image/1/1.U3ANFLaw_5k7o32UJzVSDxy0_Zm9vfeTuw.oGLhJOfZrMc0S5eh1jcQi877ikNqGdAnMdJO2ef42XI
7898035201	01	https://00.img.avito.st/image/1/1.-1cNH7awV747qNWzd1yzLRy_Vb69tl-0uw.htZhPY3Uz0NC9XskUwtD89TmI9anOUOdCArwmpQp5MY
7898035201	02	https://00.img.avito.st/image/1/1.eNzFXLaw1DXz61Y4uXlgpNT81jV19dw_cw.Cr5NpP0ayIDmWMe1AMCVEo2DEEJMvgWfwYmAUQ555VM
7898035201	03	https://00.img.avito.st/image/1/1.EFzOCLawvLX4vz644mRiJt-ovrV-obS_eA.f6JJ3uB2FMoK0zdL1x8kv3CQZzdp-2IsHRU4BN2FcDQ
7898035201	04	https://00.img.avito.st/image/1/1.yJ_BVLawZHb34-Z73X-h5tD0ZnZx_Wx8dw.RcQ_QzMzCxpAeKsusUzUbZNdq8-yQ1140l4e5VGE_JA
7898035201	05	https://00.img.avito.st/image/1/1.cQxZTbaw3eVv-l_oN2RodEjt3-Xp5NXv7w.GKsR4BzagD-EuAPEENptXy3-n5Hi6ji2X4dbSahcPWE
7898035201	06	https://00.img.avito.st/image/1/1.y1wOuLawZ7U4D-W4FO_CIx8YZbW-EW-_uA.KfSAJhCC9bVtVnFy1h-a17NJPQjL7pr24OMb_iRE4mI
7898035201	07	https://00.img.avito.st/image/1/1.lNZN1LawOD97Y7oyafqIrlx0Oj_9fTA1-w.-Zhig0-3nlYu7Wu_CDUo0mRbaDBmaZZYGf6YBCoWZB0
2267127646	01	https://00.img.avito.st/image/1/1.ky_tGrawP8bbrb3Lx0SFV_y6PcZdszfMWw.wzzeJex9cmBiIl8RYBhgtsHM50OI69xe-ol0oVLAnPI
2267127646	02	https://00.img.avito.st/image/1/1.0IH3FLawfGjBo_5l21v__-a0fmhHvXRiQQ._BxBLkEa4VIrMX9ouqmGaEc6FKWwMr7XxWZ7HiiWa8w
2267127646	03	https://00.img.avito.st/image/1/1.UzwNGraw_9U7rX3YJztBRBy6_dW9s_ffuw.PM558ynLyYQ221dHE4oBwWxa2o3d4BvznMGMvq7owEk
2267127646	04	https://00.img.avito.st/image/1/1.H5OTGLaws3qlrzF3oQQY7IK4sXojsbtwJQ.mDHjbzbw6fKEIisUydhmdj5IlARod641rxuuO4uaP5U
2267127646	05	https://00.img.avito.st/image/1/1.BJ0TdLawqHQlwyp5F3Qo4wLUqnSj3aB-pQ.OjRfIoj4PLslEQcA6o7CQo4wWKI0IL0tq2zyJR-wCDU
2267127646	06	https://00.img.avito.st/image/1/1.b1Db4raww7ntVUG0ibc9L8pCwblrS8uzbQ.MhIFdlEddLzJAtgkFNcJm6K6-MX0V9sMX1ewDUkfzV0
2267127646	07	https://00.img.avito.st/image/1/1.L3XtGLawg5zbrwGRv3gxDfy4gZxdsYuWWw.L1r48FAccGEHHNYipOPQA7XjmTJsNOZZWg1T7WgrAU0
2267127646	08	https://00.img.avito.st/image/1/1.bJyFiLawwHWzP0J40fVt5JQownU1Ich_Mw.vP8HWv4ZdOVLH8T4LgBOMjNQLhwtQLykYlEiyLJN9So
2491174421	01	https://00.img.avito.st/image/1/1.9JzBkLawWHX3J9p4pbP15NAwWnVxOVB_dw.KOwoPYHX2rBreGrFvHpTENGhTAWBcs3WR_l0ecJYk3w
2491174421	02	https://00.img.avito.st/image/1/1.0IYhlLawfG8XI_5iDbOF-TA0fm-RPXRllw.lHBx4j3OL8sUiqCFbLGlmYO4nav_WEQPIC06kwJt4r8
2491174421	03	https://00.img.avito.st/image/1/1.hr9rRrawKlZd8ahba0DLxXrmKFbb7yJc3Q.juP8IzX-QWWsqEIvS3XrR0NHSShDCE-qpwjMjWwegrw
2491174421	04	https://00.img.avito.st/image/1/1.6FzCjrawRLX0Oca4noGKJdMuRrVyJ0y_dA.xfjdz9mzM5Gw2ZVKEDXIbO6D6zHwrjt1W5DQwls8VeU
2491174421	05	https://00.img.avito.st/image/1/1.oiULeLawDsw9z4zBQwKiWhrYDMy70QbGvQ.njEskhCZrL4mG_shMkdSVYdo5yNVQJew_3YDbNqQ8CI
2491174421	06	https://00.img.avito.st/image/1/1.LQtATrawgeJ2-QPvFmIqdFHug-Lw54no9g.DfAeTb3ohujKpcf611M2v9yVBB1d3H0vcydAdUknPFM
2491174421	07	https://00.img.avito.st/image/1/1.tJ1EsLawGHRyB5p5IPa34lUQGnT0GRB-8g.MvTuiMMVuUy7EELNceixsEBLN-km3HiTxRAxPqRz1Tw
2491174421	08	https://00.img.avito.st/image/1/1.4IYRlLawTG8nI85iXbOz-QA0Tm-hPURlpw.mRhVHW7NncfVtU61MNshs1DKeVPxqq_mCDiwc1AiREU
2491174421	09	https://00.img.avito.st/image/1/1.YiobeLawzsMtz0zOU0VlVQrYzMOr0cbJrQ.flFJSa5Oqk2jN1zlxRcXTbaRCoRmIfZJ0ZvKK-VvLTM
2491174421	10	https://00.img.avito.st/image/1/1.YOFB17awzAh3YE4FDa4GmFB3zgjxfsQC9w.x4iFqYBXw6kaxvxRdC8342K9k9OM5Z_N96SZx5eW5Ys
7994307058	01	https://00.img.avito.st/image/1/1.fcVbWbaw0Sxt7lMhLRhgukr50yzr8Nkm7Q.tOVf0pY3WyDTh_FswMoz5zYdBrBeM79EHQV6zSmbpQg
7994307058	02	https://00.img.avito.st/image/1/1.k4itGbawP2Gbrr1shy_s8by5PWEdsDdrGw.IpodWbvX7x5-iArlUXi0Wp2kmIT7WilcfF09ZRG4znk
7994307058	03	https://00.img.avito.st/image/1/1.x3cnGLawa54Rr-mTJW_SDza4aZ6XsWOUkQ.l6xY5j2fABVeBTOUnOruLllDRemc6Ye4G0vckqBKt6s
7994307058	04	https://00.img.avito.st/image/1/1.B1Aq9rawq7kcQSm0KIoRKDtWqbmaX6OznA.wkSEduh3tROb7ErT_MHgTEPgFZtGI5BGu9oeaX5fezI
7994307058	05	https://00.img.avito.st/image/1/1.j0xtGLawI6Vbr6Gof3r3NXy4IaXdsSuv2w.1prdfgwlwtyT5USYyOSQ9fv-RS16-SuBJyEENdUUXbU
7994307058	06	https://00.img.avito.st/image/1/1.AjEl3rawrtgTaSzVLdYsTzR-rNiVd6bSkw.uXPmzRiiIwq_OvHWkusgzsoebxhusiLCHyGBTxfj3oQ
7994307058	07	https://00.img.avito.st/image/1/1.VRP4Traw-frO-Xv33j9KbOnu-_pI5_HwTg.LcvJHjlv-rNYDXkfjlnHHjpVttGGLxsjumr5H46PygY
7994307058	08	https://00.img.avito.st/image/1/1.Vf3ATLaw-RT2-3sZ5iEkh9Hs-xRw5fEedg.yYCF17r9atBc-ap-5Qe53q0BS0D_spokWaEW_nzxIm4
7994307058	09	https://00.img.avito.st/image/1/1.KenYfbawhQDuygcNhjkulsndhwBo1I0Kbg.MnWPAPYb7L5T3XDNUeqxXViBuxIUAXNtkQpiE6M-g5s
2011194841	01	https://00.img.avito.st/image/1/1.PjZl8rawkt9TRRDSFeJDT3RSkN_VW5rV0w.jY0nwDJN-5kpsYJbU9lefmTzc8ilyXI665mT4Mcnq5w
2011194841	02	https://00.img.avito.st/image/1/1.6BzOHbawRPX4qsb4kiaYZt-9RvV-tEz_eA.E0zyEwv2VCwiFOzK9gZIyeO2hZybpQX6m4_L36igKpo
2011194841	03	https://00.img.avito.st/image/1/1.FgNrQbawuupd9jjnSzVmeXrhuOrb6LLg3Q.2sUDbNHLcYk6RHrQB9SjyDhMBxLi392yiSqARQfzPIw
2011194841	04	https://00.img.avito.st/image/1/1.pcfQTLawCS7m-4sjliruvcHsCy5g5QEkZg.8_3i0SbVVSOlGv_2CVeM7Rr2dctJVk61C-0B4II3Iqk
2011194841	05	https://00.img.avito.st/image/1/1.z1AoOLawY7kej-G0OlvSKDmYYbmYkWuzng.zqq7jnuf8uSimAlb-dhhHFUhItdgLOSsIj3Fynn7Xgc
2011194841	06	https://00.img.avito.st/image/1/1.a1IsuLawx7saD0W2dq1qKj0YxbucEc-xmg.A34kWYguoEzRUSP_qfXUW442aOvM_sEhvD5flHj93is
2011194841	07	https://00.img.avito.st/image/1/1.6YVonLawRWxeK8dhNrPt-nk8R2zYNU1m3g.tw5VRwfYwWdaEoZ9Jir_jx3cyTOABke8rUTRkbVhoaI
2011194841	08	https://00.img.avito.st/image/1/1.Q_q-t7aw7xOIAG0etOIh2uUW7RMOHucZCA.BvnNnsPonpASzw5_CjF-ysit7advcgNg4ET0aO0OWRk
3802777571	01	https://00.img.avito.st/image/1/1.piQSfrawCs0kyYjAUji8XAPeCM2i1wLHpA.JebBcQl26pXfV-RVzrUzORYTlwaIXOyyZxZKnF4XDZs
