7898184858	07	https://00.img.avito.st/image/1/1.fOzBkraw0AX3JVIItcN5lNAy0gVxO9gPdw.yAOQWu9DRAPMiVM4qy3GzrJCxs4ZqKZEzfayS2WEguU
7898184858	08	https://00.img.avito.st/image/1/1.PQUw5bawkewGUhPhRpFcfCFFk-yATJnmhg.jT4_f0HlUsZKynBxBAnoLCfPk-vrIXUH2amoUom0CVU
2171802533	01	https://00.img.avito.st/image/1/1.UDhB0Law_NF3Z37cbblNQFBw_tHxefTb9w.qrRuSFBPR6pGardVhaV0R7oHmgEgKcGvHqfv8lkb9Bs
2171802533	02	https://00.img.avito.st/image/1/1.zQU1lbawYewDIuPhI9qpfCQ1Y-yFPGnmgw.rGJrqiv-UyTY-bbLF4xZuVtfRDmFoiseNwtbQAhw8Y0
2171802533	03	https://00.img.avito.st/image/1/1.u1APU7awF7k55JW0dRGgKB7zFbm_-h-zuQ.KRY44gVm7PniQ1yWe2CZleq6gJCs9P_7ISQn1aZxlsI
2171802533	04	https://00.img.avito.st/image/1/1.DQ1ZtbawoeRvAiPpT5F8d0gVo-TpHKnu7w.l-ADQg7F6veI7gLmlBT74_GNt4ZYCPhkSsjTBVwBuR0
2171802533	05	https://00.img.avito.st/image/1/1.SeVYfbaw5QxuymcBRlxOmknd5wzo1O0G7g.UWFTk4VrGM0GY16OnElx_Ft-4q_FAu8A8CSkMN9GqTQ
2171802533	06	https://00.img.avito.st/image/1/1.WQI1Tbaw9esD-nfmCwQmeyTt9-uF5P3hgw.gV_U7wyEjmZViyqo-T_553oaZbQzTCnpBaD3Lnwif-o
2171802533	07	https://00.img.avito.st/image/1/1.KHpBzrawhJN3eQaeHYZ9BVBuhpPxZ4yZ9w.M4dkSYD_eoSB8_VpYYsu0CBNGLo9Od3vIsUU6IphGEE
2171802533	08	https://00.img.avito.st/image/1/1.SLDBybaw5Fn3fmZU3ahkztBp5llxYOxTdw.ZEDnYUQc7uUrFlDYA2l4Vw72p7pynUOCJZ4bp_2i-JE
2171802533	09	https://00.img.avito.st/image/1/1.OIHoVLawlGje4xZllGwU__n0lmhY_ZxiXg.Lo-93GJVfWSCfxBcdWqDwl0n3Wq0UJ8DLCTqPWEfRYo
1947917979	01	https://00.img.avito.st/image/1/1.9tFrHLawWjhdq9g1CyPornq8WDjbtVIy3Q.-lUa3MqBWG_WzVlj3JppXut3UXHAMtCoygRKnYtqnDQ
1947917979	02	https://00.img.avito.st/image/1/1.Lg67frawgueNyQDq6x5hdKregOcL14rtDQ.S3A5MG0R4uE2BEfzLSv6l7xdXAUPOQ2nOi8Czc-Xw8Q
1947917979	03	https://00.img.avito.st/image/1/1.eqMuO7aw1koYjFRHVn5Rn3Wa1Eqekt5AmA.q_lTwf7Txto2BoFJJ38rsg4kD1FDIyQh4E6R3ZVkxs4
1947917979	04	https://00.img.avito.st/image/1/1.exABR7aw1_k38FX0ew5lbxDn1fmx7t_ztw.gwBfJMStQNLEw_4NnawzjlvMqOiPZFWSwCgcEDTwBe4
1947917979	05	https://00.img.avito.st/image/1/1.ShlOObaw5vB4jmT9VlBUJxWY5PD-kO76-A.oLLTTsJHhUfwW81x-GrGOKGVWvHf6Sqhjih7neThuKM
1947917979	06	https://00.img.avito.st/image/1/1.nQSaxbawMe2scrPgrKPWfotlM-0qbDnnLA.2MkqJ1GmFvCGBHOuTUJLIT4u0_COh1g8ZGT5SzjTQGY
2010983879	01	https://00.img.avito.st/image/1/1.eJzFDLaw1HXzu1Z4uS1q5NSs1nV1pdx_cw.CbKL_lNx0mwpu9uunsrPWW3rV3Uc7UC87stQklrOe9w
2010983879	02	https://00.img.avito.st/image/1/1.xyGzGLawa8iFr-nFsUeIW6K4acgDsWPCBQ.45hralcFB5uXa6iPyWTGjFXDukQQjwDYUIU2oCptvqY
2010983879	03	https://00.img.avito.st/image/1/1.llfCfrawOr70ybiz4niSKNPeOL5y1zK0dA.0wRplL-l4NSNuOfIgLiISCh9J0RlIG9g4EbOJXcaZMg
2010983879	04	https://00.img.avito.st/image/1/1.QkZtyraw7q9bfWyiZfcROXxq7K_dY-al2w.iA-SPFljo8CUExYbUMGRdfQEsgqD-i3sk3v20Y0pk5Q
2010983879	05	https://00.img.avito.st/image/1/1.DCjAXrawoMH26SLM1EoQV9H-osFw96jLdg.UWP36i_uDji4Q_XU0Byo9mXy3beg6rkueKo2grfB7kI
2010983879	06	https://00.img.avito.st/image/1/1.jaC4TrawIUmO-aNErhyh3qnuI0kI5ylDDg.HsR2ZUvBsiR0oUQMecYRgFIOkdNQH_6fK5cVm9uClOY
2010983879	07	https://00.img.avito.st/image/1/1.WJ9_FLaw9HZJo3Z7Q1km5m609nbPvfx8yQ.hw9eZZYJzjWG8pG9G8aGdhcmowEIJxnLlzXeuENyitU
2010983879	08	https://00.img.avito.st/image/1/1.QjZtU7aw7t9b5GzSZTJdSXzz7N_d-ubV2w.iaK4j8YVTz5vD5OuOYosI4OJwJd4PWz8EkAmBNvphZk
2010983879	09	https://00.img.avito.st/image/1/1.x02fGLawa6Spr-mpnR-4NI64aaQvsWOuKQ.LRppbTGDhlY5J0QKrnebTcvLvt6q0nThVvcZNC6Ev1U
2299141673	01	https://00.img.avito.st/image/1/1.t1B9LrawG7lLmZm0H2D-KmyOGbnNhxOzyw.blffWs3a6jdlCXJbznfikaTBzzaRuGTMVuyPDPuP2oc
2299141673	02	https://00.img.avito.st/image/1/1.3GjBnLawcIH3K_KM9cvEENA8coFxNXiLdw.DP71yqXeDhwwq9B1mYlabFb7RTXd3gm06YUFkQtXvNs
2299141673	03	https://00.img.avito.st/image/1/1.O1JR2Lawl7tnbxW2K-AlKkB4lbvhcZ-x5w.8WUuzKxD89gLQCzb6UNbxDzNvK4RDhWgJz6jo0S1liU
2299141673	04	https://00.img.avito.st/image/1/1.q11pGLawB7Rfr4W5Mzr7Ini4BbTZsQ--3w.swKAzT2W-Z8OKLprImf1peCSNUKRi2vJcGjlbAzEJzM
2299141673	05	https://00.img.avito.st/image/1/1.AJMhVLawrHoX4y53LXx16TD0rnqR_aRwlw.Avwnrm8w7PaXzQz-oL0F9q4zAPz9WZhlfWyTkR2IIZU
2299141673	06	https://00.img.avito.st/image/1/1.Vl1qfraw-rRcyXi5SlsHInve-LTa1_K-3A.5DiX23Bam2_YS4ebXtQZASN-QprvgcrcC-XzpVVUu1w
2299141673	07	https://00.img.avito.st/image/1/1.MuELfrawngg9yRwFYwZQmBrenAi715YCvQ.mv_OZJYexhgg1_2UM77NkGtZqJXA3EdpzVXldWOWUco
2299141673	08	https://00.img.avito.st/image/1/1.ErZrqbawvl9dHjxSQ-lwz3oJvF_bALZV3Q.nsy5_Hc06OkSMwM5Duefv5Km_iN0Y4AOICgs1QU9uYs
2299141673	09	https://00.img.avito.st/image/1/1.qT8pTbawBdYf-ofbd2eHQTjtB9aZ5A3cnw.DYzkg_vCt3PV7iKpnkR28NgTYDggCQK9yr--wo8vu5k
4730696748	01	https://00.img.avito.st/image/1/1.IjZohrawjt9eMQzSIKZXTHkmjN_YL4bV3g.fkTeSB6O3pXEVJRJTbXdqSUz_UlKAL_iJfWqGacirUY
4730696748	02	https://00.img.avito.st/image/1/1.aQxYTbawxeVu-kfoBmxwdEntx-Xo5M3v7g.RzQrL5kPd1ndpWPR5JYry2K8PUR-K6KRskl_YPP4NvE
4730696748	03	https://00.img.avito.st/image/1/1.KV_YUbawhbbu5ge7hiVlJcnxh7Zo-I28bg.k2r0eDTSyQoPHGchM6q3XHaDkbOquqFURCbM88JrPoo
4730696748	04	https://00.img.avito.st/image/1/1.SzNNFbaw59p7omXXV1waTFy15dr9vO_Q-w.UhKsYi6z0zFXY8-5of_edwvfjVZ1qye86kPCO17B670
4730696748	05	https://00.img.avito.st/image/1/1.9vtrRrawWhJd8dgfC1G5gXrmWBLb71IY3Q.1Nip41wudU1tIn7_bPRhyQTJ5T7v-yKiIse4-KM4NqE
4730696748	06	https://00.img.avito.st/image/1/1.dQYBhbaw2e83MlviZ8AleRAl2--xLNHltw.Grg5TSnFDDI58o-MZKpRMqUWSf24eYLO0Q5_p8Exr6E
4730696748	07	https://00.img.avito.st/image/1/1.1jZ5Sbawet9P_vjSWTbOTmjpeN_J4HLVzw.7Ca7mwlzzJ9NKCEQ60XOyRNw4GKixEnJicSjBB3wlw0
4730696748	08	https://00.img.avito.st/image/1/1.liR5frawOs1PybjAWRSPXGjeOM3J1zLHzw.NNoTRst2r-3fMwic6HdveCAt9lsae9a55GQCbcjRm9k
4730696748	09	https://00.img.avito.st/image/1/1.tQUt5bawGewbUpvhS5PJfDxFG-ydTBHmmw.zQ-LW4PJDblgWoC49L0Iy0DFL0_0IWy0MWX2aofsGGI
4730696748	10	https://00.img.avito.st/image/1/1.djYAtLaw2t82A1jSYL0hSREU2N-wHdLVtg.au3qFnFmNT6pdYvybrPZfeSUYbwHT0VNwzmQqu5afKA
7898482302	01	https://00.img.avito.st/image/1/1.YJiB17awzHG3YE58zbIJ4ZB3znExfsR7Nw.aYLVgzarAij7hZ2K3_m7kNHh-r-1DWIvnJjWzM1y4D4
7898482302	02	https://00.img.avito.st/image/1/1.rJ1vrLawAHRZG4J5O_b54n4MAnTfBQh-2Q.NmvbttDn8pF82iijmHga78dTBgIY6jJKeJyOFzotAuQ
7898482302	03	https://00.img.avito.st/image/1/1.f2ANz7aw04k7eFGEf44qHxxv0Ym9ZtuDuw.posFwpQYtDZnJN4vF-yyPmU1sO-O0p4Kqy-0k2P_sPQ
7898482302	04	https://00.img.avito.st/image/1/1.MXzYd7awnZXuwB-YthsfAsnXn5Vo3pWfbg.lneyuN3ZJwUsLozx8UDDFCtqH3T9WSfZNQ2NrIKTxLc
7898482302	05	https://00.img.avito.st/image/1/1.5Jz0GLawSHXCr8p4sHeG5eW4SnVEsUB_Qg.r_OxdPgD-rTjORWVTc_9eKaV-ahc_o3oj8GVxel9TEg
7898482302	06	https://00.img.avito.st/image/1/1.BjYKa7awqt883CjSCh8HSRvLqN-6wqLVvA.xon9DiIW1_OKD3XmQbbrZo55GkBj_LaUv2n1LduYQlk
7898482302	07	https://00.img.avito.st/image/1/1.AjayLrawrt-EmSzSulpnT6OOrN8Ch6bVBA.pr7JWLK4L9yfoWP5-c7U4pphxbTC5-EAsQJPW5lycw4
3642759002	01	https://00.img.avito.st/image/1/1.CqZrr7awpk9dGCRCc-tr33oPpE_bBq5F3Q.hPQlQMIPZwBB16nh5c0Cfp7v20sBs62LLtp9eCbYKxc
3642759002	02	https://00.img.avito.st/image/1/1.w9GHk7awbzixJO01jYCq7dwybTg3OmcyMQ.92G1tdBpmWTQY-VBdC2mE2rmgcUakf_mlMThA4waw6I
3642759002	03	https://00.img.avito.st/image/1/1.ZQ3wTrawyeTG-UvptjtkcuHuy-RA58HuRg.ecsF84oQUSPUz_bXEq6aXNtu9FxymgEoWbjM3-tyRso
3642759002	04	https://00.img.avito.st/image/1/1.JxAN27awi_k7bAn0T_sjbxx7ifm9coPzuw.TjJ6cVF572WZoOojYfV-gPrsxeQP7YrACMnb3avhuf0
3642759002	05	https://00.img.avito.st/image/1/1.nGDC_rawMIn0SbKE9vSTaeReMolyVziDdA.Q_Y32a92shGODlEzYSy3vnZDJ-5wEd8IcunEUPh0-GQ
3642759002	06	https://00.img.avito.st/image/1/1.oyNNFbawD8p7oo3HB1_2XFy1Dcr9vAfA-w.COCQndNhVnIuqlCxIz7Q4RYTjniLNhwJMqGtZ1Dupvk
3642759002	07	https://00.img.avito.st/image/1/1.V4eRGLaw-26nr3ljswEA-IC4-W4hsfNkJw.tplLFj4YgPd5KlXpTMquizIBQzblNPVrFvU8al6Q4YY
3642759002	08	https://00.img.avito.st/image/1/1.yjBqrrawZtlcGeTUcvnDT3sOZNnaB27T3A.9VxibvoRvoeIh6CSuEcSyF8ybrsVRUiURy0BKxfywU0
3642759002	09	https://00.img.avito.st/image/1/1.O115eLawl7RPzxW5A1RvImjYlbTJ0Z--zw.3Vi4Z7Lc7Loh3kpkE2Fvb7r_S8f3LOe-L10V9LFinzo
3642759002	10	https://00.img.avito.st/image/1/1.j4aPGLawI2-5r6FinT7c-Z64IW8_sStlOQ.tDJL_SSaWcJZ7aoWecfi1F_cd5dI07iktiG60ousYMw
2171586511	01	https://00.img.avito.st/image/1/1.njZ5zbawMt9PerDSSaOCTmhtMN_JZDrVzw.WjBcK72k9MFeBHB3JTVH901NNFafznGn09h2O7K9m4E
2171586511	02	https://00.img.avito.st/image/1/1.wDMBzLawbNo3e-7XDZPcTBBsbtqxZWTQtw.lk0EpFEj6mLqlm0a2YOP5XSdRIlqDOCnI3H9EdlrNWM
2171586511	03	https://00.img.avito.st/image/1/1.t1AoerawG7kezZm0ShyrKDnaGbmY0xOzng.NJ3XyO79_iEgeXI0FCue--4VR6F4KiJRBH1q4d-bawo
2171586511	04	https://00.img.avito.st/image/1/1.s1wsmLawH7UaL524RoqyIz04HbWcMRe_mg.ruO9vTjhVYmuMOCXvojxcottrzX7FPzXJ3wkjA6hMxI
2171586511	05	https://00.img.avito.st/image/1/1.uFzFKrawFLXznZa4uWSuJNSKFrV1gxy_cw.3mHZLr4frLZqPDieflgHwjaWjyO4hhwkbfssGX6U3E0
2171586511	06	https://00.img.avito.st/image/1/1.KnxLebawhpV9zgSYE1EGAlrZhJX70I6f_Q.h0R60dT5l-enWZ58wwfYH4BXhlbS4iHvGeplvBilCYg
2171586511	07	https://00.img.avito.st/image/1/1.tjYKcrawGt88xZjSamC3SRvSGN-62xLVvA.WWULUWCTb6LgqNflm1sssFLnEEKTkOrAO86nNPYNi8A
2171586511	08	https://00.img.avito.st/image/1/1.9DjBM7awWNH3hNrcpTSyQtCTWtFxmlDbdw.Iv0Ce38PLqB6nApPZoOJJYnJGCVumOmezaTGEXMUWNw
2171586511	09	https://00.img.avito.st/image/1/1.EJzPzrawvHX5eT54485a5t5uvnV_Z7R_eQ.diNhA435ZSb1Lf0ozcPhNye3yaNUZ6pHOJo1oegTtek
2682855526	01	https://00.img.avito.st/image/1/1.BQZP7bawqe95WiviSZ0beV5Nq-__RKHl-Q.H9lp9MHCgOdvClqSfg2IIj0yiRS5T2fIOaBcLxQrAgs
2682855526	02	https://00.img.avito.st/image/1/1.CiZqbrawps9c2STCckoLXnvOpM_ax67F3A.zt-0gIcpBV5j_Zp2FC4lVexPQf6bCE92-n4PNQeaajM
2682855526	03	https://00.img.avito.st/image/1/1.Dk1rRrawoqRd8SCpewpEN3rmoKTb76qu3Q.vYZJVYpo5B_DbK_qyhxLDR5bqyjUXYLC3u1CGdcO4mg
2682855526	04	https://00.img.avito.st/image/1/1.PM2VQbawkCSj9hIp4XUc8c7gkiQl6JguIw.GG5LR-wCFxqkSbSfJ7Y0IrPoswtsxxcD9HsX4OCOteU
2682855526	05	https://00.img.avito.st/image/1/1.WIYHVLaw9G8x43ZiOx0J-Rb09m-3_fxlsQ.eHuSJQPO8WeYeKRrSNfXHNCTefh7WGfmdKhCzWxaU1o
2682855526	06	https://00.img.avito.st/image/1/1.MKnB2rawnED3bR5Nrap_09B6nkBxc5RKdw.onRLXhUoEHeQ7K_9i1cHRJ4A9SaxZTf-bun_w56izW8
2682855526	07	https://00.img.avito.st/image/1/1.Fpxrc7awunVdxDh4S3ty5XrTuHXb2rJ_3Q.Re0gar7sqkdGtp4_x5hRmHkaESeGwnUgu37S_YxrV_w
2682855526	08	https://00.img.avito.st/image/1/1.36INz7awc0s7ePFGP4iJ3RxvcUu9ZntBuw.sv3ebdDoLwUnYdqP3HqxYzhbqWLzfjmatMiv4ktmqTM
7962391838	01	https://00.img.avito.st/image/1/1.yjdXDrawZt5hueTTTzHdT0auZN7np27U4Q.XQZyFwyNejM9B34YJ8UuOavofQ0SS4S90tAIs8kL_iA
7962391838	02	https://00.img.avito.st/image/1/1.QJzZi7aw7HXvPG541dpC48gr7nVpIuR_bw.ySppK1wVyVT5g7_O9FPoQKpS_Lr15V_aWbCSl9ozIDE
7962391838	03	https://00.img.avito.st/image/1/1.R7oNP7aw61M7iGleD0pRwhyf6VO9luNZuw.9KgIDqpN_nF7SqYRInGEA2QjA_A48rlXm2TmYSQebfI
7962391838	04	https://00.img.avito.st/image/1/1.ChZtZbawpv9b0iTydQ0OaXzFpP_dzK712w.2_EHUM48bttwCAceye31Xdwq_2ldKgeLBSbJYy9RWy8
7962391838	05	https://00.img.avito.st/image/1/1.FZ1Y0LawuXRuZzt5frwB5Ulwu3ToebF-7g.kGA9-X2-L9oXb1c4dTd6eNrbehmAzchfVNU3uv0Ljsw
7962391838	06	https://00.img.avito.st/image/1/1.m1xTuLawN7VlD7W4ac6FI0IYNbXjET-_5Q.6VdDxulnuFfV7oJqizskb29fAkMf61I8klff1NknIqg
7962391838	07	https://00.img.avito.st/image/1/1.JZVY0bawiXxuZgtxHrkw7Ulxi3zoeIF27g.9nGcLYnj91OW61h1WUBcD53__igJU71OaSAcPPver8I
2619416895	01	https://00.img.avito.st/image/1/1.mjElHrawNtgTqbTVHSS0TzS-NNiVtz7Skw.Q4CX9BTh-Ev81YUl_3FtDpqDPP8NUnhl8gnkplDPV6I
2619416895	02	https://00.img.avito.st/image/1/1.UJZB2raw_H93bX5ybdMY7FB6_n_xc_R19w.T067i-bv88th0aduBfp0wrKq6sPIuIDsSt9LcaDKw7o
2619416895	03	https://00.img.avito.st/image/1/1.CQVRObawpexnjifhTzkXfUCZp-zhkK3m5w.gVm9tHQTQxHEljJkhbyO7Y8ruSGSbyQsG7Ne4CxAXI0
2619416895	04	https://00.img.avito.st/image/1/1.iEEB27awJKg3bKalHaX6OxB7Jqixciyitw.ozU09OePfVQqj0FdEZIbbv0BB7pS-03JirWRlk2azRI
2619416895	05	https://00.img.avito.st/image/1/1.iTNYUbawJdpu5qfXRkPDSUnxJ9ro-C3Q7g.f-OdOSgS8tv65a5v-zBpQ54g-7TGftfzsG5ddxmD1t4
2619416895	06	https://00.img.avito.st/image/1/1.0jDfLrawftnpmfzU9xmBT86OfNlvh3bTaQ.aR1HZ8xiuIivLeOtJS9Snqug8QHU4zQ_FJekFNxwX5U
2619416895	07	https://00.img.avito.st/image/1/1.k12NH7awP7S7qL25pw3ZJ5y_PbQ9tje-Ow.mE6uG_iOHelXXfPlX3ZElVBs5S1crtcXWHE02bFQqCc
2619416895	08	https://00.img.avito.st/image/1/1.RR1YJLaw6fRuk2v5XgklZEmE6_TojeH-7g.pxPpZYracXSt_vaI6UpIkalPLmJ7z12R-MMbXpnEE2k
3834831094	01	https://00.img.avito.st/image/1/1.jHvh1LawIJLXY6Kf9dbLAfB0IpJRfSiYVw.I_SQmpSGDjoQPUH05cj2snM6pWWsfJuvOuNcG4NGPYc
3834831094	02	https://00.img.avito.st/image/1/1.NaFS77awmUhkWBtFNMsYnQlOm0jiRpFC5A.GpNxd2RW6MUwjzA1Z2erDN1RCkKevP0I_smjPNDC_P8
3834831094	03	https://00.img.avito.st/image/1/1.i20tH7awJ4QbqKWJNxnNFzy_JYSdti-Omw.GQnyKFwpIben5z-hH5jTBeQC-OVQs0AE6FGNoQ9YEHo
3834831094	04	https://00.img.avito.st/image/1/1.xEBwg7awaKlGNOqkdJD0ZisiaqnAKmCjxg.7HBap-azjeiaYKqmZkd4KTb7Kj781jTvYwHxf39FYAI
3834831094	05	https://00.img.avito.st/image/1/1.tQb6TbawGe_M-pvinG-eeOvtG-9K5BHlTA.Oe_qSRoJ4TwX5wGxH4cUB_MdbdAHHTgGXPwxyegwbME
3834831094	06	https://00.img.avito.st/image/1/1.t1B8trawG7lKAZm0Hsj4Km0WGbnMHxOzyg.kvR_AMAh8BH75CIBj5V32z33TO5HiTBzYZeoMWq6uRg
3834831094	07	https://00.img.avito.st/image/1/1.5mIbYrawSost1ciGWzHvXEDDSIury0KBrQ.gt2LuRlQabW5DlvzLhXLaDBpoDdrPl15D4d-FKbXgPQ
3834831094	08	https://00.img.avito.st/image/1/1.fDzAeLaw0NX2z1LYtHksQ9HY0tVw0djfdg.6y6oial_Rvc7HPCiR8Jp-BUTMNx_tYO9RxkkiMRF1u8
3834831094	09	https://00.img.avito.st/image/1/1.vCjAUbawEMH25pLMtEe-V9HxEsFw-BjLdg.mstKR7of63o6iX8fy-3FSe7CKNhYyLy8mF9lTzSNQWQ
3834831094	10	https://00.img.avito.st/image/1/1.5QZUPbawSe9iisviEibgeUWdS-_klEHl4g.Pr6KNTdcXWWljwDT-783GRLVQ4l3hZxXnqalTkve1CE
2459010435	01	https://00.img.avito.st/image/1/1.DlJrCrawortdvSC2ezokLHqqoLvbo6qx3Q.hz8OrrasyfmVmLtCWd7o9j44DyNt0jliMd3jGYgRUkk
2459010435	02	https://00.img.avito.st/image/1/1.6sZrlbawRi9dIsQiM8qWv3o1RC_bPE4l3Q.tgt7TVbZjmllk0mBYAfaa3pdgFW7d_8oTNVa4PxGD4Y
2459010435	03	https://00.img.avito.st/image/1/1.Uifbf7aw_s7tyHzD8zJTX8rf_M5r1vbEbQ.xdfa-AUHWDMSrEPNITD6IUzpswGAhgl3XTZxzf24HnQ
2459010435	04	https://00.img.avito.st/image/1/1.7HWQELawQJymp8KRxFvsS8uxQpwguUiWJg.A7Y7Ro0hvCmAVPHfCN8BjMq__UOMBOmuheRBWw1ORu4
2459010435	05	https://00.img.avito.st/image/1/1._KmZ1LawUECvY9JN7a-f0Ih0UkApfVhKLw.j7n3YlhYhuZt6xCisYR6ZNpKtdof4d_hgZaAlV3rST4
2459010435	06	https://00.img.avito.st/image/1/1.wE-BzrawbKa3ee6rjdmTMJBubqYxZ2SsNw.20CIg997icJlYqZfPxoraizsH-OdWtBpa76sr-ChtQw
2459010435	07	https://00.img.avito.st/image/1/1.TZOwTbaw4XqG-mN3phhS66Ht43oA5OlwBg.vcs69tHzL2k0jBFapesaP5k8jwpPqyFYoJJiElNI46s
2459010435	08	https://00.img.avito.st/image/1/1.iERB0LawJK13Z6agXfqaPFBwJq3xeSyn9w.qsuJuFm3GxGExwRWMCYTyPrIWVhry6azStZnYhdXalk
2459010435	09	https://00.img.avito.st/image/1/1.774NBbawQ1c7ssFaX3qRxxylQVe9rEtduw.FoHT3jfPvMpTrWQf1qmyPGphtSUmQDuXpGIKr9Yxo1I
2459010435	10	https://00.img.avito.st/image/1/1.IQVH7rawjexxWQ_hCdZSf1ZOj-z3R4Xm8Q.LT8kA8xRHFFJqOnmNI1l7BXOJR14T5x62XsBc2JtwwI
2011671307	01	https://00.img.avito.st/image/1/1.HiWlfrawssyTyTDBlWYJXbTesMwV17rGEw.sV17Ab4NBlyHCq056hT7dn5vKqpULojpV2ax6C2OFGQ
2011671307	02	https://00.img.avito.st/image/1/1.QJzP_raw7HX5SW54w_8M5t5e7nV_V-R_eQ.po1okd_WlaAzvlXeGXOyf-YAlqidDoi6k4knXaXjtIA
2011671307	03	https://00.img.avito.st/image/1/1.2qZtxrawdk9bcfRCVcGP2XxmdE_db35F2w.TIImATqZumrqy4KPYTVGFMIELmWeZ5cnCheYowTHDyw
2011671307	04	https://00.img.avito.st/image/1/1.ajWePrawxtyoiUTRxk8ZT4-exNwul87WKA.RjuGlzB0aBV7dLp0VNRDyPxRWejHhDGCs9C2X0SJbUk
2011671307	05	https://00.img.avito.st/image/1/1.sIHqVLawHGjc455lhk6c__v0Hmha_RRiXA.wnU1r4pcrzBUFPsla--qCXdnQ4EdAQOrdK7cqHbwfDg
2011671307	06	https://00.img.avito.st/image/1/1.bjYf-bawwt8pTkDST8RDSA5ZwN-vUMrVqQ.14cu3KObAGL5pUYn9MD1fzevHCAjPbjtRZqeThJutGg
2011671307	07	https://00.img.avito.st/image/1/1.njZlHLawMt9Tq7DSVTbkT3S8MN_VtTrV0w.5prxurFZDycutgHdfWRidHxMtWXnELxkk4ReBp_YiN8
2011671307	08	https://00.img.avito.st/image/1/1.jldlfrawIr5TyaCzdWSPKHTeIL7V1yq00w.OAEcJ9ja7Athn0QzW3YXA5ycPSRGPNdLHxbJwtihuH4
2011671307	09	https://00.img.avito.st/image/1/1.1jYK17awet88YPjSKtDSSRt3eN-6fnLVvA.K_1sXeUsI1bnJSzzgRku4VChXfB5e5eG7eno3Iz9nqk
2011671307	10	https://00.img.avito.st/image/1/1.qTDazbawBdnseofUhPv4T8ttB9lqZA3TbA.1aUviytpbcriUEeyplvygiinFYy_08utkEjm4bq2KA4
3963380278	01	https://00.img.avito.st/image/1/1.y1JY-LawZ7tuT-W2QufXKklYZbvoUW-x7g.ay-uOrHFHDBuI3cpaVfEh_duyawH0XcPg5XdLfB-9rI
3963380278	02	https://00.img.avito.st/image/1/1.A1G7WLawr7iN7y21sTBnKKr4rbgL8aeyDQ.9IxErm_YoOGDYmeswAzeOD3QS_zXesuZ0YjFxjBPxR8
3963380278	03	https://00.img.avito.st/image/1/1.N7mtGLawm1Cbrxldz3gYx7y4mVAdsZNaGw.45xOUCnCf4cRFRnLJIIwOauvAO5MaosvFbX2i5k2CdE
3963380278	04	https://00.img.avito.st/image/1/1.jH391LawIJTLY6KZ6crHB-x0IpRNfSieSw.nUep1Xas28A1IP222U7wQj6y1QZBUHQK03TJMNGvJjg
3963380278	05	https://00.img.avito.st/image/1/1.zJyIhLawYHW-M-J4nPfX5JkkYnU4LWh_Pg.UDBfKv2Hx6ul3IofE256Ge7EaxPtJ0v90yzdX_vZ4p4
3963380278	06	https://00.img.avito.st/image/1/1.jyGDGLawI8i1r6HFkSbAW5K4IcgzsSvCNQ.LcwbOPdScMJxiiKBHTmCUfCPG_k8q9VvFxya7Fn7YoE
3963380278	07	https://00.img.avito.st/image/1/1.8JzZ2bawXHXvbt54tar448h5XnVpcFR_bw.d3aJpACqyJY75GNh2HVOaso4eo0U_RmXpn9Ns0p38BI
3963380278	08	https://00.img.avito.st/image/1/1.ajXmvrawxtzQCUTRvu8lT_cexNxWF87WUA.-utn31gKj7PcF5eP5o6p9JI_wu940uybiInI3IupR2s
3963380278	09	https://00.img.avito.st/image/1/1.YAzB0LawzOX3Z07ojfF7dNBwzuVxecTvdw.2DyGpKr54Mi0nNyQB3iCtmIzfNvpsxHMq55kiyTN3Ys
3963380278	10	https://00.img.avito.st/image/1/1.bQSfpbawwe2pEkPgyfAjfo4Fw-0vDMnnKQ.jq5aXewbjKlZPPwHCxPGZNt221LH6OAld9DEBT5EpOg
3099287271	01	https://00.img.avito.st/image/1/1.Kou7eLawhmKNzwRv4yx99KrYhGIL0Y5oDQ.Th0EqSniCmBB3Qt_QXi9_t6CSVPNrfKCVLb6A4QvK7Y
3099287271	02	https://00.img.avito.st/image/1/1.iUHYd7awJajuwKelxnGkP8nXJ6ho3i2ibg.i0KEjukboaRM1xJACQ5PpLtDKY4s35un0aA2nVWAVMk
3099287271	03	https://00.img.avito.st/image/1/1._kLHfrawUqvxydCmt23SPNbeUKt311qhcQ.3hIVx7hvmSZHWkxaKq_h17bG1Sd7bK4UGYaiv3hndKY
3099287271	04	https://00.img.avito.st/image/1/1.I7qGmbawj1OwLg1ezIVKht04jVM2MIdZMA.BQYxDMAkzXc-B4n-gIjIk4_O3lv5RZZ_IxhhNmbA7fo
3099287271	05	https://00.img.avito.st/image/1/1.Y4RtGbawz21brk1gJzQf_Xy5zW3dsMdn2w.tDFwgfVZyVgIy_ig7TC8eknKFjkhxAARX2ZI4hErp9A
3099287271	06	https://00.img.avito.st/image/1/1.DrZrQbawol9d9iBSe2F7zHrhoF_b6KpV3Q.H0Uz4qC-vmG3ViKzdyfnXAzmhzujTYuRbPFZz_DC1do
3099287271	07	https://00.img.avito.st/image/1/1.4JiUlLawTHGiI8582OPj4IU0TnEkPUR7Ig.RHrjraJ-swShKHq4MwVRjgIwHV_LhA-JSz4qN8N4wuQ
3099287271	08	https://00.img.avito.st/image/1/1.OIHnVLawlGjR4xZlmxwV__b0lmhX_ZxiUQ.rYISO3rfEqaesN5JvS9WUOyESBpX6ePvq02Ab1IoYzk
3099287271	09	https://00.img.avito.st/image/1/1.YFeBzrawzL63eU6zzdswKJBuzr4xZ8S0Nw.WazY3dja1kFl-V7qKTLa6cfMRudTjiKvPVo9dOQp5MU
3099287271	10	https://00.img.avito.st/image/1/1.haVYxLawKUxuc6tBXraF3UlkK0zobSFG7g.oN8EpIjuh7fbRduhIqZGSpRvaDlQHUD6v6JUWWS0IY4
3866830194	01	https://00.img.avito.st/image/1/1.bjYKcrawwt88xUDSWmNvSRvSwN-628rVvA.ayRw6jP4EV_JHxHVQLgD9CAg8q_62Gu1hQ87OAKojas
3866830194	02	https://00.img.avito.st/image/1/1.EYVpGrawvWxfrT9hRwYN-ni6v2zZs7Vm3w.lRKAB7SK_IV7DZtRUD2GHIo6OFN7I29fC4cAnP1f0mg
3866830194	03	https://00.img.avito.st/image/1/1.7KmQE7awQECmpMJNxATrl8uyQkAgukhKJg.dSdW8nz6BQS2ecBcHmNtar_joQqitzVL3Pb2Db5aPGM
3866830194	04	https://00.img.avito.st/image/1/1.RD2XPbaw6NShimrZkzweH8yc6tQnlODeIQ.y0pLAJpcaFyJmwEu7NiJBDm3fNZd_BZuj03A-kWG6Io
3866830194	05	https://00.img.avito.st/image/1/1.vf1bWLawERRt75MZLQahgkr4ExTr8Rke7Q.WT8rLMv3SdP3biOalYjVvoK5_QBvvAK2Zql9zvUIiGM
3866830194	06	https://00.img.avito.st/image/1/1.3J2QprawcHSmEfJ5pIWxocsHcnQgD3h-Jg.m67YqV9Em0x2P3IZYM_XjHswyZzj8xjW4_d3P5hgrlo
3866830194	07	https://00.img.avito.st/image/1/1.B1DP3rawq7n5aSm0zfIFL95-qbl_d6OzeQ.3zCfj_mVfmIeeBRAv1DFOhCv1zJBjzhSLPcBwW93Oco
3866830194	08	https://00.img.avito.st/image/1/1.aT3m57awxdTQUEfZuLJrA71Gx9RWTs3eUA._p0h55qzOoggdLpgNFOtDSjQDSP8yyqOwZ7UMBxIe-4
3866830194	09	https://00.img.avito.st/image/1/1.a8bhErawxy_XpUUiuzNZ9LqzxS9Ru88lVw.FkPLASBikcbuQgbM58D43LHgrzf1ZugVLAKH-j8Rjpo
3866830194	10	https://00.img.avito.st/image/1/1.7BDABrawQPn2scL0lCnAbtGmQvlwr0jzdg.qhFHTLqIy-9V2WhvID1d-SOvsB-wbW7GoMjoYPhDp7Q
8058402041	01	https://00.img.avito.st/image/1/1.qjDbjrawBtntOYTUg5D7T8ouBNlrJw7TbQ.iW7PcuPlz_0yCWbzA0FxRdGeL7B4w6XYVq1Ubk4Qc6M
8058402041	02	https://00.img.avito.st/image/1/1.V03_GLaw-6TJr3mp3V0pNO64-aRPsfOuSQ.rQ63c7jKUdXUcN_Lj7kiyR3i3dyuO3jgusScyqU-1EU
8058402041	03	https://00.img.avito.st/image/1/1.uJzOH7awFHX4qJZ4sg3I5t-_FnV-thx_eA.QoIHA5Qjv6nQYChVZLugKdMZtyP6gvCJ8iBRqPd3kOY
8058402041	04	https://00.img.avito.st/image/1/1.3EzBmrawcKX3LfKo9enINNA6cqVxM3ivdw.EcQPv-1Q8cfzC-byF6B4nyCGJqBqamwTQLSy0rbpasY
8058402041	05	https://00.img.avito.st/image/1/1.z1DIXLawY7n-6-G02nfTL9n8Ybl49Wuzfg.oasqIkqWefjk-9joZOQWBFheYH1BOnBWamxjOOvoe-c
8058402041	06	https://00.img.avito.st/image/1/1.exAPY7aw1_k51FX0dSpsaB7D1fm_yt_zuQ.f5a2_QBR-g3veyYyTak1oXwCEJpitZkIb1GpHVogMnk
8058402041	07	https://00.img.avito.st/image/1/1.DsxrbLawoiVd2yAoeyQQtHrMoCXbxaov3Q.x8NX23Y_ymt14g8jTRooE2WhKb3LQTGrjeHmDg6zAGY
8058402041	08	https://00.img.avito.st/image/1/1.sjBETrawHtly-ZzULCCsT1XuHNn05xbT8g.x_2QYYaWZh8l2XORHd6vhOI8LWjRNg6FBWwC-uCn-Zw
8058402041	09	https://00.img.avito.st/image/1/1.rJz0hLawAHXCM4J4oPbP5eUkAnVELQh_Qg.aLNSkw_w2Dm_H6JFU_1g15a9KTmVG6woA6xxEIqIXiM
8058402041	10	https://00.img.avito.st/image/1/1.j0zVGLawI6Xjr6Goxwr1NcS4IaVlsSuvYw.ghax_12NJDvcsbhEYrxB0AVdipVeBC7P0KJfmG2BYKE
8026332116	01	https://00.img.avito.st/image/1/1.6FzCaLawRLX038a4ngeWJdPIRrVywUy_dA.uiTTcmnf_EjLIPzVEUIuzMN_nzSoK87tzRtw9ZIKWUY
8026332116	02	https://00.img.avito.st/image/1/1.pg5bfrawCudtyYjqGxzudEreCOfr1wLt7Q.SeDDNtbIlT7OBhLMXrvwGWeoaahSDpRTu2uyb121rvQ
8026332116	03	https://00.img.avito.st/image/1/1.Vg4Nfraw-uc7yXjqLUccdBze-Oe91_Ltuw.0xLI1UzfLTXA4xo5h1TNwjZCXhN3fa_xVU_cOZb4oys
8026332116	04	https://00.img.avito.st/image/1/1.X1DaRraw87ns8XG06FsLL8vm8blq7_uzbA.aAlPFIN7a5zD-_Tn2pQ9sMDJ4xcIMOU2q7L3fU73TA8
8026332116	05	https://00.img.avito.st/image/1/1.B1AQnLawq7kmKym0ErR4KQE8qbmgNaOzpg.DFBFWADayv6NCx4mscZPNSNi4eGsBBVdYFfobMKOgzk
8026332116	06	https://00.img.avito.st/image/1/1.njZnSrawMt9R_bDSVzj2T3bqMN_X4zrV0Q.CjzhWR2VHjJPgeCVGvyiAuInRS7z1KlhC4z3Kp8s7lQ
8026332116	07	https://00.img.avito.st/image/1/1.3dVZjrawcTxvOfMxb8WXr0guczzpJ3k27w.IeZsNViITq2p9WjpJFG_NMHnn32RbcrpT9HoYtYQIAQ
8026332116	08	https://00.img.avito.st/image/1/1.hNjBNbawKDH3gqo8xVPPotCVKjFxnCA7dw.RBag8JXMjGjOhskA4rS9AHXkwiHWEtPhkuZYACB1kmo
8026332116	09	https://00.img.avito.st/image/1/1.mjazPrawNt-FibTSiwz_T6KeNN8Dlz7VBQ.a2Z0uk3auv0QmtsO2wbDG-ypmn-H8jIf-gLL0l-xpdw
2235545342	01	https://00.img.avito.st/image/1/1.AjdX3rawrt5haSzTX9YVT0Z-rN7nd6bU4Q._9BzYC4X3k8Fgvc84Lt7wYKH-lix5hxtdySSK_K-IWw
2235545342	02	https://00.img.avito.st/image/1/1.t1DkMrawG7nShZm0hkSaLvWSGblUmxOzUg.xsxCWfa3FlCxcs-ZyPx7AkQi5FMIEeOHN2kdJJBKkRg
2235545342	03	https://00.img.avito.st/image/1/1.yJ9bVLawZHZt4-Z7R1-y5kr0Znbr_Wx87Q.UyBx8DcK1eRaelU5HF1Eajahju7FZSJwHm-drERrzNQ
2235545342	04	https://00.img.avito.st/image/1/1.xH4h1LawaJcXY-qaJZeIBDB0apeRfWCdlw.WzQoSLeTSiDEefs_iWeHQ5PSFyz66BwX0fcAYtcCCWY
2235545342	05	https://00.img.avito.st/image/1/1.zjYJhbawYt8_MuDSGcrQSRglYN-5LGrVvw.O8bHH_ehJY53oOA2Cw3JpVFo7CprS3C7qInKgnz0UDE
2235545342	06	https://00.img.avito.st/image/1/1.aRkpTbawxfAf-kf9d2QnYzjtx_CZ5M36nw.qEDJfWwLTDu4N5f1HaCegP4SxX036R9p6Gsg6o0pQlo
2235545342	07	https://00.img.avito.st/image/1/1.WISeVLaw9G2o43Zgog1a-4_09m0u_fxnKA.HP-k4X7ZMqdsJ3vo3Z_d_ZbvdM_wVeGvCIFnCfsMqQQ
2235545342	08	https://00.img.avito.st/image/1/1.-iKLeLawVsu9z9TG82P5XZrYVMs70V7BPQ.dUcuXTjLpRabcVHG0eHe_S-lTNRqVnq7v6iYninwykY
2235545342	09	https://00.img.avito.st/image/1/1.41cCGLawT740r82zSFupLRO4Tb6ysUe0tA.xP1KAm6qvcdLbVOJ6R3ly0neWP6cMhWZ38bbtY62oQc
2235545342	10	https://00.img.avito.st/image/1/1.TKnx1Law4EDHY2JN5cUv0OB04kBBfehKRw.dvXvfovG6TsqKlFc6PvkBfmCQ5YpSY4jtI5RcqhKIP0
2235854927	01	https://00.img.avito.st/image/1/1.vDzBkbawENX3JpLYtZO-RNAxEtVxOBjfdw.H8UlyjF7DTcSFPqvgVDanPLvHze189ZimbGykuVjku8
2235854927	02	https://00.img.avito.st/image/1/1.n_s2ErawMxIApbEfBCT6222zMRKGuzsYgA.ALbN450cNihrxtzWv0c4ZXHvzi_dMg_fV5-N66W7w7Y
2235854927	03	https://00.img.avito.st/image/1/1.ykxPFLaxZqV5o-SoVy_RT4q3ZqHzvWyn.mUubs60uhPTP1Up6000tAmgSCaAfoCDtH3lx2Nw9d6o
2235854927	04	https://00.img.avito.st/image/1/1._g4-frawUucIydDqTgm1dC_eUOeO11rtiA.m1FsfXP8AVznlqmP4Yu3aTpLVeC3_D6ISSHJi0wxtIk
2235854927	05	https://00.img.avito.st/image/1/1._gXT9bawUuzlQtDho7bqT7NUUOxjXFrmZQ.5c7qfwdtmmHMe3WHCcKeq3pscuPSP9g440dCcj4TQCI
2235854927	06	https://00.img.avito.st/image/1/1.51DbWLawS7nt78m0mXu3L8r4Sblr8UOzbQ.AvEKazMQX5q40_rlIepjzVjS3CYJJLJaq3Ul3IPJIrE
2235854927	07	https://00.img.avito.st/image/1/1.IJzCarawjHX03Q54jipe5dPKjnVyw4R_dA.K8eWddxAJDvaIoGJJTDUt99CoRAnBu9FZi_dYfDlx8Y
2235854927	08	https://00.img.avito.st/image/1/1.z1DZerawY7nvzeG0yx2XL8jaYblp02uzbw.7jA0cXsyMsO9hQLQ5QZP8SSJGr22wK8Q9m-B34B2JKo
2235854927	09	https://00.img.avito.st/image/1/1.C_ABKLawpxk3nyUUGxwOjxCIpRmxga8Ttw.QdXQyVx1UoR_QYXsbVHtDNGfSOGXJ_z9TAbD87EjJGs
7610582085	01	https://00.img.avito.st/image/1/1.PQZZXbawke9v6hPiL3U1eUj9k-_p9Jnl7w.vsNMOlfjDdjx9tZXfZJv2BZAFCmTSOvoiXe2x8u-Pno
7610582085	02	https://00.img.avito.st/image/1/1.7PjAB7awQBH2sMIclEDDhtGnQhFwrkgbdg.bvXWxj89fEcDxb8je_fli1u-guKpaCX7U2x6lPPc5yA
7610582085	03	https://00.img.avito.st/image/1/1.72wNArawQ4U7tcGIX1mOFRyiQYW9q0uPuw.t_i2PerZqDfG7cLz5MmT-xKXxsid8O5pp_le1_V8ok0
7610582085	04	https://00.img.avito.st/image/1/1.BmIsVbawqosa4iiGLFk2X3f0qIuc_KKBmg.DUH7NbTct_Hj1WMhOP_3YbA03FqNfM7dxqcRcpLhuvk
7610582085	05	https://00.img.avito.st/image/1/1.JGTBnrawiI33KQqAhcY4HNA-io1xN4CHdw.7FGA5yr0aBM2q8UGePWUXFoLhb6LjHRjQG_1zjsgIQg
7610582085	06	https://00.img.avito.st/image/1/1.3hZrc7awcv9dxPDyW1C-b3rTcP_b2nr13Q.yIrZLMBvxaJXpK0hj7o8wCO42iDf6zUBkQanqizJ92I
7610582085	07	https://00.img.avito.st/image/1/1.xH1V1LawaJRjY-qZUeOOB0R0apTlfWCe4w.1GveeiIxdGWEoJYuxI3xY1zvtS7kDrvvqtb8SFqbhak
7610582085	08	https://00.img.avito.st/image/1/1.uuMsYbawFgoa1pQHVDe83XfAFAqcyB4Amg.0UnzDpY3riiYaVkGV6L_yYRgmSmO-NM3C0rIHB5jK-Q
7610582085	09	https://00.img.avito.st/image/1/1.7UVZjbawQaxvOsOhD46kP0gtQ6zpJEmm7w.Gm7j_cCx2-0JX7NeTWMjqbsa2K7u6pizOk2D8wC_6mA
7610582085	10	https://00.img.avito.st/image/1/1.LiWCfrawgsy0yQDB0no4XZPegMwy14rGNA.0hxk4S5qCv7VQRa9dZDYSdlN2a8JzCEUmb1bY7V9cvs
2618907183	01	https://00.img.avito.st/image/1/1.I1AKHbawj7k8qg20QB1rKhu9jbm6tIezvA.mHWnbIC_R8ILJ_waeCimIGvkVYHSVaXOBb9IlemY5oE
2618907183	02	https://00.img.avito.st/image/1/1.NcvwTLawmSLG-xsvljhyseHsmyJA5ZEoRg.o-hzZtD88EjwbULadkdH6HOrxPhMH6p2HPfKzi2_A10
2618907183	03	https://00.img.avito.st/image/1/1.nJyPdLawMHW5w7J4u3aI5J7UMnU_3Th_OQ.WY0shYeArYPPT8TvTsQDBx4ExX1tpeMLkcmCxvlaCS8
2618907183	04	https://00.img.avito.st/image/1/1.plYifrawCr8UyYiyYnitKTPeCL-S1wK1lA.mb2Kpx1b9OZFCKDWX1_J2CjkvEBJi-0mC3SbUiuWv1U
2618907183	05	https://00.img.avito.st/image/1/1.y1f9eLawZ77Lz-Wz51e-LezYZb5N0W-0Sw.Tu9FCPXD2uA1nuxEDrULbfW_tglSWJSeYMU_7_t8tjw
2618907183	06	https://00.img.avito.st/image/1/1.wuOrfrawbgqdyewHoy2hmrrebAob12YAHQ.h5smXHDxWX7oMTVSRnafj35HhMRk2eP23mDf-5wp6lk
2618907183	07	https://00.img.avito.st/image/1/1.6NzFW7awRDXz7MY4mQzwpNT7RjV18kw_cw.wTuJ-G1EHj8JUxjPysE4JsaHUqsNiM3wkSWxCv5SnxM
2618907183	08	https://00.img.avito.st/image/1/1.PjZ5OLawkt9PjxDSCQAlTmiYkN_JkZrVzw.Hjk2vOv8tdfq3iA1VPb8F-Jk5A21BV9vQFXWczDFy7Y
2618907183	09	https://00.img.avito.st/image/1/1.pE5x1bawCKdHYoqqNceIMGB1CqfBfACtxw.R_MH12vNSO6qh_NlLlOWaT8NFofLckkPHkPBVpjF9xY
2618907183	10	https://00.img.avito.st/image/1/1.gYVo_rawLWxeSa9hZsCD-nleL2zYVyVm3g.eKfSdlCU6IGFxXA7rGZiHMqhTEnGrBIjUDeqOaUatRg
4378779897	01	https://00.img.avito.st/image/1/1.1QZXNbawee9hgvvicSrTeUaVe-_nnHHl4Q.XXa3OgEA2c51tQzHTHQrKRAlRhHLGMlSqleYhOxBaD8
4378779897	02	https://00.img.avito.st/image/1/1.DNTB4LawoD33VyIw1YhtrdBAoj1xSag3dw.7nJCRhL7S3Enwv9mcURJ0HZna8zVL_IYPpmvVQ1rdVg
4378779897	03	https://00.img.avito.st/image/1/1.tJz5ZLawGHXP05p4nXbM5ejEGnVJzRB_Tw.k2PgMXppUxKGPCX-iIcz8kOk78l2NEYaaH5KznK0XUY
4378779897	04	https://00.img.avito.st/image/1/1.9vVrHLawWhxdq9gRCzPpinq8WBzbtVIW3Q.8d1CiIyXJgYpd0p31qMbEF4U1wN45XJodYjBpllUg9w
4378779897	05	https://00.img.avito.st/image/1/1.B1AX0rawq7khZSm0FeZlKQZyqbmne6OzoQ.iLje4YD8CiisTZHcqa-02wXptcRYIcz2gJ3Mfl97Jdk
4378779897	06	https://00.img.avito.st/image/1/1.QmZtVbaw7o9b4myCZSBeGXz17I_d_OaF2w.st2Gdr3T1HjtzVG-L-4X3gd5lzdUGfBvChi315Lko2s
4378779897	07	https://00.img.avito.st/image/1/1.LRYwTrawgf8G-QPyZlo3aSHug_-A54n1hg.Z3g6JI83Cr1BF_nF6YarKokSWOC-nCbsylN1Ls0q-GE
4378779897	08	https://00.img.avito.st/image/1/1.R3wN3baw65U7ammYD6RaAxx96ZW9dOOfuw.KiHQBQr_I4AN4Pu9JQx1UQ-oTyWErUdYI8OaOxI04mk
4378779897	09	https://00.img.avito.st/image/1/1.EoZqRbawvm9c8jxiQgkG_nvlvG_a7LZl3A.Cjysw-1Q3Ao7q-YoSu74dlnFymr7HAIA3voVMeE8F-o
3834713761	01	https://00.img.avito.st/image/1/1.TBll1baw4PBTYmL9cdBOZnR14vDVfOj60w.nB7uxvhJZzEy_Pg5gJ10LjbkbEFaUVuMEjyQb8oOccE
3834713761	02	https://00.img.avito.st/image/1/1.h8ANa7awKyk73KkkD2nAuhzLKSm9wiMjuw.-2H0je9RYZCYfYWtIESMfdyrUMXSuUmX-OCIm805aoA
3834713761	03	https://00.img.avito.st/image/1/1.Jc_99rawiSbLQQsru7IX_aZXiyZNX4EsSw.T31u4KGUVzyr750S-57SiarynDDCwzWVuaLjEmzHGlY
3834713761	04	https://00.img.avito.st/image/1/1.EYVEo7awvWxyFD9havdW_1UDv2z0CrVm8g.sSKudYXen4GqYqKbhDg4pM3MYlbhoqfx-UWRdtc6060
3834713761	05	https://00.img.avito.st/image/1/1.NyAnGLawm8kRrxnERWx-Wja4mcmXsZPDkQ.imL-J1o9uaDkFS33j71Dve96ubK4BnXQ-42Pz41Y9Hk
3834713761	06	https://00.img.avito.st/image/1/1.sTDCTbawHdn0-p_UrD_hT9PtH9ly5BXTdA.hS7ysxtS5A3YzclhEtvpv2E78-b0VSUrra4omjGDe-k
3834713761	07	https://00.img.avito.st/image/1/1.KSzYd7awhcXuwAfIhhsCUsnXh8Vo3o3Pbg.ZcAXFR9l-a6wi1YwYekRVlGCutjB5yRToHlp5dmPSVo
3834713761	08	https://00.img.avito.st/image/1/1.Ng5-frawmudIyRjqHgp_dG_emOfO15LtyA.fPcW050O7j_b3eYbDLnfCFy1kkLgdgAKdyqhD04HsQc
3834713761	09	https://00.img.avito.st/image/1/1.LHyV1LawgJWjYwKYwaBlBoR0gpUlfYifIw.nCoCAmB_-aumIpa-xDKSVyQqKkcuuvQV7ALL-i7kYXw
3834713761	10	https://00.img.avito.st/image/1/1.-0wtH7awV6UbqNWoVzi1Njy_VaWdtl-vmw.pdLfaO2whYJZRoqWejjlxi2d392QmuFOLRMFGwOMv0A
2427655696	01	https://00.img.avito.st/image/1/1.q-xDUrawBwV15YUIGTixyxjzBQXz-w8P9Q.XWtEFaGdvWvjlCwIwNfphLfULhh7Fi9CtRQeiaHb-tA
2427655696	02	https://00.img.avito.st/image/1/1.heVZjrawKQxvOasBX9zPn0guKwzpJyEG7w.LoBLd2Fkl1fkpBafOK4YpCwfoUREBxc46DHHW6QmvOY
2427655696	03	https://00.img.avito.st/image/1/1.rJz1ELawAHXDp4J4oXbM5eSwAnVFuQh_Qw.BYAINGNv9GelpFgIO0XQRchK4Mhcr5L9-sPZdA02DU0
2427655696	04	https://00.img.avito.st/image/1/1.t1B8BrawG7lKsZm0Hhj6Km2mGbnMrxOzyg.GmwTMPfry02DW7mGBIm0zL3R9CmdO5YCYf4fxVXsTyY
2427655696	05	https://00.img.avito.st/image/1/1.CBzbArawpPXttSb4x0pbY8qipvVrq6z_bQ.WW52T5y-7Cl2Gw1_ifNRP73VxMqIzXjS7fKozSe4B_I
2427655696	06	https://00.img.avito.st/image/1/1.j5XrGLawI3zdr6Fx-XaR6vq4IXxbsSt2XQ.B8SBzV70rbvhZlQFdRcxGSJlXUUp67M6eQK73t7tFDk
2427655696	07	https://00.img.avito.st/image/1/1.-IkBzLawVGA3e9ZtfbPz9hBsVmCxZVxqtw.Q5ZVTJ-weA80SLf1Gu9CICTZJq_P58NjzdU5IRg2KJo
2427655696	08	https://00.img.avito.st/image/1/1.yRleTbawZfBo-uf9QF6AY0_tZ_Du5G366A.aQ-4cfErKR0OkTNlbXXVYy5qhwLfBdJjGlw8QssodtM
2427655696	09	https://00.img.avito.st/image/1/1.C3ADibawp5k1PiWUGY0mDhIppZmzIK-TtQ.M_l9xy6ZYmXcj5qDQcR9f0bK1PDMO8bxWrAkPVkdjZQ
2427655696	10	https://00.img.avito.st/image/1/1.djYfKbaw2t8pnljSf1RdSA6J2N-vgNLVqQ.qweNrH129NmS7UZ7iy27FJFM8PgzKygMp-jU_xYddS0
2619677347	01	https://00.img.avito.st/image/1/1.OISt1LawlG2bYxZg0bQ8-7x0lm0dfZxnGw.H9slWFDM8d_IXbVcTkvsK-bWrTaaP5it4Y6qG1bJ8SE
2619677347	02	https://00.img.avito.st/image/1/1.kMnB17awPCD3YL4t7aXzsNB3PiBxfjQqdw.C5h5uQ72caaK2eKMG07ertJeBAbJzx7nlMMSaLUwh-8
2619677347	03	https://00.img.avito.st/image/1/1.gYVembawLWxoLq9hUJ_l_E85L2zuMCVm6A.oW84AVNroreEdDPK8WZxsIek7m07qn6aIyX9EvoWamQ
2619677347	04	https://00.img.avito.st/image/1/1.G2enlrawt46RITWDncIfWfw3tY4XP7-EEQ.sxazxyenTGwxvHeBxu8f7nK4oAp-dJajmC38gP38Kgo
2619677347	05	https://00.img.avito.st/image/1/1.H45eDraws2douTFqbApvwT6vsWfup7tt6A.Wym_rCUNWY2Thr1tTXqrfxJ0XjEGBllSH4b0JTGpmYI
2619677347	06	https://00.img.avito.st/image/1/1.8H4Qd7awXJcmwN6afGjNM3DWXpeg3lSdpg.EMgvnPTBlVvIdsEuRir8qP6Ym-Jdtataq4qIbbbWafc
2619677347	07	https://00.img.avito.st/image/1/1.VRQlcLax-f0Tx3vwA21NF-DT-fmZ2fP_.58EzDj94I4A-1SGFqfhiqFOaFPTcn5MA7Hj1x5gAR_U
2619677347	08	https://00.img.avito.st/image/1/1.eQVfA7aw1exptFfhIVIEfE6j1-zvqt3m6Q.zTjcPY8ZXD5okafZUsQ9NC2BeUfCohu6p9mTWaRzj2U
2619677347	09	https://00.img.avito.st/image/1/1.wWvYd7awbYLuwO-P1iDuFcnXb4Jo3mWIbg.H7hQtgzL3ayTWOYei_UFGfJF49LNdHPSzMrO4grzoA0
2619677347	10	https://00.img.avito.st/image/1/1.mRlnTbawNfBR-rf9WRfTY3btN_DX5D360Q.o6_Pu45iTGy9RCGof_pUpxJ4DKp9TWc1cUbCwZnvVJA
3963043015	01	https://00.img.avito.st/image/1/1.0jdQPrawft5mifzTeE3GT0GefN7gl3bU5g._mWnDufCmttZhJ_Z-edfPFlteKL9-yIPIgXQt3COmWk
3963043015	02	https://00.img.avito.st/image/1/1.kEgB0LawPKE3Z76sLb6DMBBwPqGxeTSrtw.Ov6EALvDl27YwHgbzV2VmMYyNPmO5nzhk54AjlOqxoA
3963043015	03	https://00.img.avito.st/image/1/1.r1B9ELawA7lLp4G0LyLmKmywAbnNuQuzyw.UH6L_QoomTJJ1RuF1Sxry8JwMUJaJxLzftuWgR-xGgw
3963043015	04	https://00.img.avito.st/image/1/1.HNEEhbawsDgyMjI1MOEO7V8ksji0LLgysg.xKIDPA1Ud6sLGZhOdevii8Aty5keVyp1eMwH0FtGa2o
3963043015	05	https://00.img.avito.st/image/1/1.6oZsPLawRm9ai8RiNDPC-H2cRG_clU5l2g.r_fGfDNRUAMp_fEr-QSnr0wuPpiaCA4N00ICm5GHxHw
3963043015	06	https://00.img.avito.st/image/1/1.V3RjGLaw-51Vr3mQQWVPDHK4-Z3TsfOX1Q.5NFlLsbXOZoTJUI-6CDPfPhTwTR8G1aNOvSJTGw4CZs
3963043015	07	https://00.img.avito.st/image/1/1.GbHYS7awtVju_DdV5k97yMnrt1ho4r1Sbg.PU0GzLbHHAN0m4_Aue0NTVm1ZZ3hWX6Mdc7_WVSStug
3963043015	08	https://00.img.avito.st/image/1/1.ZZYATbawyX82-ktyRkB_7hHty3-w5MF1tg.7jQ9ZWfnufKONkjvtCeUUqifCBqtMV7sfGaBXqYr1Iw
3963043015	09	https://00.img.avito.st/image/1/1.nmIZhLawMosvM7CGKc6AXEIlMIupLTqBrw.6qljfrV0KP1-IWUCXkoUd7ZU01WeSWA5OM-PhI-b8Kc
3963043015	10	https://00.img.avito.st/image/1/1.dJz7OLaw2HXNj1p4n3UI5eqY2nVLkdB_TQ.mxhJHZuZmP8R1CXOLEF6v8u9tCie4cAogSNrACqWWZQ
2619011766	01	https://00.img.avito.st/image/1/1.mIHJlLawNGj_I7Zl9bKw_9g0Nmh5PTxifw.YxQpsKzCQ9y3Izei9e0hkMhrv3ja9-oJzzwi8pVm-sk
2619011766	02	https://00.img.avito.st/image/1/1.k-wnkrawPwURJb0IDbS10HwzPQWXOzcPkQ._Y5dh9Iwqt4SHQBC1d7uVPH_Am4_cK8EHQl17_lYhPo
2619011766	03	https://00.img.avito.st/image/1/1.LsekK7awgi6SnAAj9Dcp4f-KgC4UgookEg.lMoGI6k7gvX9lA6tg5HERwB3NUNK0pdQYf8lfnzijYU
2619011766	04	https://00.img.avito.st/image/1/1.2a92fbawdUZAyvdLSFqzky3cd0bG1H1MwA.eC30M4Nh8Mj1a3cWVMuVKXKnRbt4NzLembPF9Xk0LA8
2619011766	05	https://00.img.avito.st/image/1/1.azjaybawx9HsfkXcgJBXdbpoxdFqYM_bbA.OgkX34_Is2OfhsS2Gz29YBptcFZuBfMTriJ0HGrWeSs
2619011766	06	https://00.img.avito.st/image/1/1.f7Ubxraw01wtcVFRaa8N-ntn0Vyrb9tWrQ.wLT0ODz4dcd2slNYB9wKZ4t9KczYKxc0nv4kXfxqhXM
2619011766	07	https://00.img.avito.st/image/1/1.HeYK77awsQ88WDMCPOd32lFOsw-6RrkFvA.o7eowKl1hlNRE3mGabeX6aDKffjd51A2Ts36W0dHhIc
2619011766	08	https://00.img.avito.st/image/1/1.gQVEOrawLexyja_hSiDPf1WaL-z0kyXm8g.LRVn_U0cSZeEUmhc2ALf3vefQRihOWSN9sLKE9hpZ_k
2619011766	09	https://00.img.avito.st/image/1/1.lXcQTbawOZ4m-ruTNkvuDgHtO56g5DGUpg.V0Od9Z8fhbUx7JGStpp649CYykZM1FHO9C8F1whiC1E
2619011766	10	https://00.img.avito.st/image/1/1.9zwNzrawW9U7ednYb7WnQxxuWdW9Z1Pfuw.55hWlTnBdfph_nsXMihNMGOOKRj6iYFRm-pJOlY7lvg
2235475006	01	https://00.img.avito.st/image/1/1.uYVEaLawFWxy35dhOmby_1XIF2z0wR1m8g.Bajx55sC7W-bLdENP1MSwe8gqycppvWP2PzwJ0Kp1GY
2235475006	02	https://00.img.avito.st/image/1/1.NGBt1LawmIlbYxqECdhEGnx0mondfZCD2w.JpX_c1rP4S_OycPL_7erKGHyJaeGiE5GtaKM6SAo12A
2235475006	03	https://00.img.avito.st/image/1/1.E7APbLawv1k52z1UJVAHyB7MvVm_xbdTuQ.XnC5ufrcTx6MuKpfonB-tTclrAZydb87UjZDrbr9NAk
2235475006	04	https://00.img.avito.st/image/1/1.HyG5GLaws8iPrzHFi1BQW6i4scgJsbvCDw.igGUBkuQK6xQmiN7JSetnugEaM6XDw1K2oNiHP8xX6Y
2235475006	05	https://00.img.avito.st/image/1/1.T4dfGLaw425pr2FjTR0b-E644W7vsetk6Q.tAndfqE_aXuJWBlfLWc85YDDMhR3O7SXbqSgHDFLsZc
2235475006	06	https://00.img.avito.st/image/1/1.xKY11LawaE8DY-pCMYO43yR0ak-FfWBFgw.aCeCYkOu7ll_YUarku8r9boDxPj0rNQg936zfUfKx-E
2235475006	07	https://00.img.avito.st/image/1/1.S4jNGbaw52H7rmVs1yA08dy55WF9sO9rew.deqIXhiG1FqvAa5FPpiNQ-i2xRxBPuxSP9T_HIPYX8M
2235475006	08	https://00.img.avito.st/image/1/1.lNgZ1LawODEvY7o8Pa6UoAh0OjGpfTA7rw.gsx27Qv8bE41Fr78IUA2mENhdJA4D6dfn_JdT0I4h44
2235475006	09	https://00.img.avito.st/image/1/1.gxABN7awL_k3gK30C32BbxCXLfmxnifztw.u84QUA7taMXWVdSrXiFVV8U8mrK-uC6ww9hq2Xq4H5c
2235475006	10	https://00.img.avito.st/image/1/1.HcCQTLawsSmm-zMkpghRuoHssykg5bkjJg.V5a2LVV87ky-ZLHVEJWl36tryvq_cloiKUUQV_7mk5c
1979638498	01	https://00.img.avito.st/image/1/1.EoZo_rawvm9eSTxiQPJb_HlevG_YV7Zl3g.MjOoTkVLuFD6GCwHmHc1OTcT_FZYuqfnUxMg-Drq8Lo
1979638498	02	https://00.img.avito.st/image/1/1.8JzFPLawXHXzi954qR_k5NScXnV1lVR_cw.zq2f_pYIPEGQfgS3HHt03EZKTsZBdR9V1b0akyVOe20
1979638498	03	https://00.img.avito.st/image/1/1.KIlBzLawhGB3ewZtHbQj9lBshmDxZYxq9w.6V61HfQx-8NLP9wzKLJ4N2BQif3wD60_3aaeMPCdOvg
1979638498	04	https://00.img.avito.st/image/1/1.eoZtebaw1m9bzlRiFTRw-XzZ1G_d0N5l2w.dgXTm_L2cgCnd4LLYMGGWtv1BYy71vM71rjkyjNQVaw
1979638498	05	https://00.img.avito.st/image/1/1.X_jvBraw8xHZsXEc3RtexrSn8RFfr_sbWQ.mJHrBNTjLVU3OvO_stk5OIRq7DiX25vR60NaY1kLpwM
1979638498	06	https://00.img.avito.st/image/1/1.ReVbF7aw6QxtoGsBXUYWmkq36wzrvuEG7Q.arHGPFV0tkxbuwnJZtujRV5_SdU6jZk0pn3fzQkBzJU
1979638498	07	https://00.img.avito.st/image/1/1.NZgATbawmXE2-ht8ZkEh4BHtm3Gw5JF7tg.oPA0Mr4ynos44hYRQTLhnvfRr4SXXRKsdXGNy-NdosU
1979638498	08	https://00.img.avito.st/image/1/1.raqcJ7awAUOqkINOyjHgjMeGA0MsjglJKg._0bRTNeQp_2XENJIDbnbDeP_H5xihl6dkWzXNq8ZXwc
1979638498	09	https://00.img.avito.st/image/1/1.Qa-gL7aw7UaWmG9LrhpOifuO70YQhuVMFg.Dfp4xQ3MzvPtotnf3jiN3Suq_QdJFvexghvWTAds1gw
7898298642	01	https://00.img.avito.st/image/1/1._VlQTrawUbBm-dO9JmmoJkHuU7Dg51m65g.ragexQ43T00LnDSdq4OPc7rSb5cdiY__Rc0eHN2JPrI
7898298642	02	https://00.img.avito.st/image/1/1.xQ04TrawaeQO-evpPl3Ecinua-SI52Hujg.YT3LmoO4kBNM-rLDTGNrWLTe6tTnC1L0rp51INU19wI
7898298642	03	https://00.img.avito.st/image/1/1.wOWBzLawbAy3e-4BjfvGmpBsbgwxZWQGNw.8VGQ9DzxL2AsQoCcTPX2o-CZAjHWVvtzqntmgKQsuY8
7898298642	04	https://00.img.avito.st/image/1/1.tQXNVbawGez74pvhq3upfdz1G-x9_BHmew.1QsAewaHAVhea1CJc6ml1KclidhTccezn0VCOrGfp8o
7898298642	05	https://00.img.avito.st/image/1/1.HNRF1LawsD1zYzIwcfAErFR0sj31fbg38w.ki-2py40CJVqaEHDzPkOAXi7G6zukUfbtDZGj59-NHk
7898298642	06	https://00.img.avito.st/image/1/1.x3IdGLawa5srr-mWHxvGCgy4aZutsWORqw.QKzsDdfcPTXWQqZ2_IAUePfcOPcPNKsX4qN7VpTS7iM
7898298642	07	https://00.img.avito.st/image/1/1.DrtrH7awolJdqCBfewsLxHq_oFLbtqpY3Q.ahUXgP7iOgT4bfyTntzcXQQU29jJCX_kssGmuXGzVaw
3739222623	01	https://00.img.avito.st/image/1/1.jlYsfrawIr8ayaCyPECFKT3eIL-c1yq1mg.xrGgva6qColyb570Q9F79ffqQSdnrEmiJ4Hp-i-eusk
3739222623	02	https://00.img.avito.st/image/1/1.WQyAzbaw9eW2enfovqhNdJFt9-UwZP3vNg.9ySahVQWbSEt9j41iDY1yAUmIN4T33_SDFqISsjAkso
3739222623	03	https://00.img.avito.st/image/1/1.wgvLf7awbuL9yOzvwzTVc9rfbOJ71mbofQ.3VStORDrF7XZ0SxU9YbBheUvyjwSnuvtrSFWVD8Hxzc
3739222623	04	https://00.img.avito.st/image/1/1.liQMfrawOs06ybjALECMXB3eOM281zLHug.lfpzcc3CMNLeQY2EIXRaeusd-QiFdTR64caZft_qzqQ
3739222623	05	https://00.img.avito.st/image/1/1.1jZm9Lawet9QQ_jSRv-zT3dUeN_WXXLV0A.n5ZUriLwKpSWQUyUD9bdmJvI0BPo0sqIHuYVtO_PBs4
3739222623	06	https://00.img.avito.st/image/1/1.gNzCebawLDX0zq44zg_8pdPZLjVy0CQ_dA.P0cs7gOUBLPE5Kr_luzk60NEmZ0o07zY7wy99JqIXqQ
3739222623	07	https://00.img.avito.st/image/1/1.8QVEULawXexy59_hKhu5f1XwX-z0-VXm8g.dFtUvONhhD9B4WxiNCNtKLzk_qDKD_FJpsmggAYvIfI
3739222623	08	https://00.img.avito.st/image/1/1.3bVYJbawcVxukvNRbl68zEmFc1zojHlW7g.CU-5-22n0EfO-G1gfYyIKdVg4XIKleW9xhO4a9ENwgQ
3739222623	09	https://00.img.avito.st/image/1/1._jtGfrawUtJwydDfNmmeQlfeUNL211rY8A.msX-ybWVRL7T-qzAksoutRpicE1OM3wd3wju0JzcF6I
3739222623	10	https://00.img.avito.st/image/1/1.q1f7OLawB77Nj4WzoV7fLeqYBb5LkQ-0TQ.yPQhv7zKWGSip8wuK79UPUyjNwuFgDkvkfqZzC124tA
8218265846	01	https://00.img.avito.st/image/1/1.0IRqVLawfG1c4_5gRk_M-3v0fm3a_XRn3A.xEf6YUZa6EXR6fHBD8nvynELts99Lzfez2FUn_CUHtY
8218265846	02	https://00.img.avito.st/image/1/1.c1HJ2Law37j_b121o-ELKNh43bh5cdeyfw.ewCKN6FK-DTu3brm7zAykP8lYgAP3UEgSFNgmab8cDY
8218265846	03	https://00.img.avito.st/image/1/1.orRbfbawDl1tyoxQE1PqzkrdDF3r1AZX7Q.4gfhqg9FRUH6Y2dprlsF5rF0Ugoc0cQ-ATFW7ucnx1w
8218265846	04	https://00.img.avito.st/image/1/1.EQVffLawvexpyz_hcVRrfE7cv-zv1bXm6Q.yvIOSy2T6YQHCYM7Ka5bzL-jIMUvrBc0_zvhleC4nfg
8218265846	05	https://00.img.avito.st/image/1/1.Gqx7fbawtkVNyjRIQ1le1mrdtEXL1L5PzQ.eYAE-j__V31vdKS33s3NYdXLWKjJUkVl_h1jTiP4eGY
8218265846	06	https://00.img.avito.st/image/1/1.CNzCvLawpDX0CyY43phspdMcpjVyFaw_dA.JNRCN8fKs9NatdcrVwnbiI_SWIFM-sUXllB9iriAZ14
8218265846	07	https://00.img.avito.st/image/1/1.RxYN27aw6_87bGnyD_ZDaRx76f-9cuP1uw.ZOIhslxf50RP54cmyo0JY9-yfh_LwhGrZSja4lzpslk
8218265846	08	https://00.img.avito.st/image/1/1.N0rHGLawm6PxrxmupSxVM9a4maN3sZOpcQ.iwLpsDTixgsMckFiYV6bNg6oK2L3MC9bXhDGEYA-lFQ
8218265846	09	https://00.img.avito.st/image/1/1.9DjABrawWNH2sdrcpAHYRtGmWtFwr1Dbdg.hiQi4UVmtDvq8axKkhIZQ8qD7XbSlQf6ZQ-jAla7rKU
8218265846	10	https://00.img.avito.st/image/1/1.eNzZnraw1DXvKVY4pZt4o8g-1jVpN9w_bw.wlM6Xb7z3R_82595KbOglNR-kGx9adxc9LNUWhZPa44
2971495422	01	https://00.img.avito.st/image/1/1.yjB03rawZtlCaeTUbJXMT2V-ZNnEd27Twg.h2NSMVnrqBDyl9XaY0flZGCQgM0diInJmh5l3oS0FUA
2971495422	02	https://00.img.avito.st/image/1/1.gYVeo7awLWxoFK9hUPXm_E8DL2zuCiVm6A.ztidbqQQgHUcfVJk4nSo6tSzmWaInQpvHtO3SIv497A
2971495422	03	https://00.img.avito.st/image/1/1.-TpYUbawVdNu5tfeJgqzQEnxV9Po-F3Z7g.EyYGs6tt_VPlil-yAjsnNzDYC1mG2c3sc5j_aAnTIq4
2971495422	04	https://00.img.avito.st/image/1/1.MuWrfrawngydyRwBwy5SnLrenAwb15YGHQ.4lUCGmxsHP1oqiQEyI0O-kCJJmc9WL1LSidHO4gTkI0
2971495422	05	https://00.img.avito.st/image/1/1.sIY9lLawHG8LI55iUfLm-Sw0Hm-NPRRliw.FHJ_XYP22Av3LMHJyFgaZcjV0N4um_UWD8SVcdsTBtw
2971495422	06	https://00.img.avito.st/image/1/1._ZgYTbawUXEu-tN8bk7p4AntU3Go5Fl7rg.7gfgcd-6UwrzT7DrViQBPU-ZxX7YnmLLd9ZRRGNWXiQ
2971495422	07	https://00.img.avito.st/image/1/1.29ABQ7awdzk39PU0OxDErxDjdTmx6n8ztw.vufEXEdpW-ECDsVP43IrwT0epOcksZxKVRgZHTtkSDA
2971495422	08	https://00.img.avito.st/image/1/1.6YVembawRWxoLsdhAJ6N_E85R2zuME1m6A.TAMrIjgkOzzAKg4-g3yE8af5Cu6rGMrmm6dAiR4TTqw
2971495422	09	https://00.img.avito.st/image/1/1.tjZ5FbawGt9PopjSGRusTmi1GN_JvBLVzw.D334FHmFJ0VJO-i9_3YH7XQ3qf0YMqq0PXzsXq-6pq0
2971495422	10	https://00.img.avito.st/image/1/1.ZHsZ1LawyJIvY0qfXa0iAQh0ypKpfcCYrw.9IEDcR88oXilWyXxnteVqBwTeB04L20Lun0PBZGasMA
7578688807	01	https://00.img.avito.st/image/1/1.01J4GLawf7tOr_22UhvHKmm4fbvIsXexzg.SLbYUBRuaHWa0w-GMyzZd6GbaAG9DTdPpO8EGQ9LPAs
7578688807	02	https://00.img.avito.st/image/1/1.EQVpLbawvexfmj_hRw0OeniNv-zZhLXm3w.XrSoUfRbTEy5nieBwbBQaAdxzrL8BT7mUtl92IgMuG0
7578688807	03	https://00.img.avito.st/image/1/1.liQafrawOs0sybjAOhiMXAveOM2q1zLHrA.cdFyhW731RujwQSLh9-h0exEm-F1xJUnqMiPw9d3dEU
7578688807	04	https://00.img.avito.st/image/1/1.k1HtFLawP7jbo721xwqaLvy0PbhdvTeyWw.deiOzSPgizxFTIZDHqfTZ-GG1stVoRLjVHzpeoiNkWo
7578688807	05	https://00.img.avito.st/image/1/1.GD9B17awtNZ3YDbbfc9lRlB3ttbxfrzc9w.IRoyuE4vvEIRkuAQcH1RVsm84HnGJDZMJAzhPBzuswU
7578688807	06	https://00.img.avito.st/image/1/1.KnBLebawhpl9zgSUE1EADlrZhJn70I6T_Q.MIDrXJQ-yssUQNoH1sq8C_rLzMuJR3jTaunlDT7oBOc
7578688807	07	https://00.img.avito.st/image/1/1.UFyBzraw_LW3eX64resBI5Bu_rUxZ_S_Nw.6_CG_k5U69hrQ_UtoFrZ0b44eYX36GO27fftJ1Y09tY
7578688807	08	https://00.img.avito.st/image/1/1.B1DPaLawq7n53ym0zSgHL97Iqbl_waOzeQ.DG0gmXcf3H-FOZBfxE1DvuNkrOluHkbL_GmI7DzRM7U
7578688807	09	https://00.img.avito.st/image/1/1.0RkVzbawffAjev_9O4KcYwRtf_ClZHX6ow.TSxp1sxWyNTSXJFAuZ12e3GkE8eeJufvyDdiBbp6uuQ
8058530647	01	https://00.img.avito.st/image/1/1.1JwixLaweHUUc_p4Bveb5jNkenWSbXB_lA.m1wprt32uY2RsiH4vXYG4wBu2MVa3cl8mDT1BL4iLC8
8058530647	02	https://00.img.avito.st/image/1/1.q1cweLawB74Gz4WzanbtLSHYBb6A0Q-0hg.wDtLSssM3BsWqkoLSKUPR0NMQ1rZn-Blzk3xXQ-wwiY
8058530647	03	https://00.img.avito.st/image/1/1.W1HF-Law97jzT3W1_8UgKNRY9bh1Uf-ycw.WvgpXQUsdn3bCv7R6BOZ_fICcvjO16Q0VEpg41Mamx4
8058530647	04	https://00.img.avito.st/image/1/1.PjZmcLawkt9QxxDSFmhfT3fQkN_W2ZrV0A.za_hysgMe-8rppXRM4MPKvkgXwENfZDHMEx3ZfRxSp4
8058530647	05	https://00.img.avito.st/image/1/1.EFzZSLawvLXv_z649SQKI8jovrVp4bS_bw.5LmA4pzadeU7NGaN65qSForkIKraaF34Ua80bXAGmNQ
8058530647	06	https://00.img.avito.st/image/1/1.i8ANFrawJyk7oaUkFzSmvhy2JSm9vy8juw.y4PDDPwcXyfgmDlNkdxvNtJOROrstuxB2YmIItd2FVc
8058530647	07	https://00.img.avito.st/image/1/1.HyFZGLaws8hvrzHFaxBTW0i4scjpsbvC7w.7wulmc0rkY_c595jrALoFr6vxULI1rEKIelnnZK0f9w
8058456458	01	https://00.img.avito.st/image/1/1.hpprbbawKnNd2qh-a3-S4nrNKHPbxCJ53Q.0eLTxBBleLCz_BOID4WpyiW_JxkQjLvQ7rpG4LSt67A
8058456458	02	https://00.img.avito.st/image/1/1.L7kXGLawg1AhrwFdRQwCxwa4gVCnsYtaoQ.IfT-m1Qukz1TrCoPp3RW42E0GgQKLi3Kjyxjdu3LTV8
8058456458	03	https://00.img.avito.st/image/1/1.H3TrGLaws53drzGQ2XQFDPq4sZ1bsbuXXQ.1MN1hFGo8H4hagipIPBgnqdU4g3gYQd4Lr7f0P8psyQ
8058456458	04	https://00.img.avito.st/image/1/1.W11kuLaw97RSD3W5Xq0IInUY9bTUEf--0g.-914sC1ULPan1DHC5Dia47_TeCMov6JF25_b5Twi8xY
8058456458	05	https://00.img.avito.st/image/1/1.n1ApWLawM7kf77G0G3qHKDj4MbmZ8Tuznw.HHwXKip6Y5sZK8W_c1SPfTAUH_gBG80WojsFm3dG460
8058456458	06	https://00.img.avito.st/image/1/1.q16e-LawB7eoT4W6xKaGII9YBbcuUQ-9KA.YtHRrpNdQa-8X3WBy5PwmKR0hlKuk5Q84Re9sb_aQ4s
8058456458	07	https://00.img.avito.st/image/1/1.r1DOFLawA7n4o4G0nC6qL9-0Abl-vQuzeA.kZ83GLan-1axDZq9Q6tQMqZ0wdnQAR3CMZ6J3to4Ohs
2491495660	01	https://00.img.avito.st/image/1/1.fHjAebaw0JH2zlKctDwuB9HZ0pFw0Nibdg.25beiEQpGt4tP86yGUJYzpEqouQrqh0GJO5MLAl777o
2491495660	02	https://00.img.avito.st/image/1/1.W1J02Law97tCb3W2TsFMKmV49bvEcf-xwg.E4TU6v0h7rAGAwCQ1vrufz_9m4OoqPuQh60uCPMqF44
2491495660	03	https://00.img.avito.st/image/1/1.cQx5Tbaw3eVP-l_oF2RqdGjt3-XJ5NXvzw.nUv_6LK04MpnShp0Lcyzv2P54LaucfLokiee9RWJQzI
2491495660	04	https://00.img.avito.st/image/1/1.A1wg2Lawr7UWby24KsABIzF4rbWQcae_lg.45m1KZhJNoCiYyRQ-56_lZ2plnW0NqE7gvduUgKiQ54
2491495660	05	https://00.img.avito.st/image/1/1.CUDYRbawpanu8iekxiUACbjkp6lo7K2jbg.djZN4nYwdZGaiU8BcfpwPT13WRnbMni-7rN1mRWHms0
2491495660	06	https://00.img.avito.st/image/1/1.jYeS4rawIW6kVaNjhKSGoclDI24iSylkJA.0y_ayWrQ-InyCp_orIC2_kqCW9vD_Yv6L4JnM4y8luU
2491495660	07	https://00.img.avito.st/image/1/1.6QVRLbawRexnmsfhDw72fUCNR-zhhE3m5w.unp3RTHga_x6XkigIgQpyTTAygs457BnHLvL25O9-4Y
2491495660	08	https://00.img.avito.st/image/1/1.xy9_GLawa8ZJr-nLfV-zVW64acbPsWPMyQ.qp_lshrHbuwNXBa-iPOVuhOJqBsrf_tEeugd5lTcai0
2491495660	09	https://00.img.avito.st/image/1/1.rQZW1bawAe9gYoPiALuqeUd1A-_mfAnl4A.qEzhPLHlIg6Bk-aXOik-reeYy50cx_5rfx3wQymw6U8
2491495660	10	https://00.img.avito.st/image/1/1.w1stH7awb7IbqO2_J1iIITy_bbKdtme4mw.HSptM7ucdWePemakzlJVlE5aFtPIMKSSk8f0gmAVxGA
2235336304	01	https://00.img.avito.st/image/1/1.cIHB1Law3Gj3Y15lrfVZ_9B03mhxfdRidw.041QBnvolQvLn-59x7P7NBEfAkPqvKzYClfgbQ4QPxM
2235336304	02	https://00.img.avito.st/image/1/1.QpZtV7aw7n9b4GxyZR5f6Xz37H_d_uZ12w.xDMZEeZZpsk99pGCZ1qwdAO2KUf5CxKtyW9irq4BwXQ
2235336304	03	https://00.img.avito.st/image/1/1.SeZYUbaw5Q9u5mcCRmgOnEnx5w_o-O0F7g.KzAZxZOvxvq5Tc8T4aKnlIT8QoyDG_K7CCy6xEQ9Qo0
2235336304	04	https://00.img.avito.st/image/1/1.4jdSTrawTt5k-czTGiH3T0PuTN7i50bU5A.6eak0y4ITEUN7Ds4kkJp2JbNxrHsxdlk_OUVn7TU8wg
2235336304	05	https://00.img.avito.st/image/1/1.9DzAXrawWNX26drYpF3oQ9H-WtVw91Dfdg.XXN0iT6cNdZs044gh_4urPI8lQm5OrRG5IivTYp5H3U
2235336304	06	https://00.img.avito.st/image/1/1.011peLawf7Rfz_25Q1eDInjYfbTZ0Xe-3w._qHPnmt9FT9Xesx8a5giE5P55V678M4LOdC-EoDW0DU
2235336304	07	https://00.img.avito.st/image/1/1.vzQNBLawE907s5HQf27HTRykEd29rRvXuw.JofDFbRlwOqgDTcT3G-twKX8CA79gj-ZzSzEtoIojTs
2235336304	08	https://00.img.avito.st/image/1/1.uQVfVLawFexp45fhIT7BfE70F-zv_R3m6Q.fEbS-O08mTjqO61j1WmfPoJ_Tg3bc51_F9bcacJZzRI
1787431509	01	https://00.img.avito.st/image/1/1.4RlnTbawTfBR-s_9KRarY3btT_DX5EX60Q.MeRNy79U4kwDvC0AKyZnjicRst1jVkqUnrliduamPpc
1787431509	02	https://00.img.avito.st/image/1/1.ihUbf7awJvwtyKTxAwGSbQrfJPyr1i72rQ.9e3uONBImqaGjq7PHynA9HjyOJI-BZ9lP3_bDqG2BGE
1787431509	03	https://00.img.avito.st/image/1/1.hADAUbawKOn25qrkxG-Gf9HxKulw-CDjdg.SAOsFvg5tNl8CzREeW3jTQnZiOuPGpFsvyeic5tPh58
1787431509	04	https://00.img.avito.st/image/1/1.oh8reLawDvYdz4z7Ywq_YDrYDPab0Qb8nQ.qOoYSFnpU3yTOySOT70fVI-HGAx1vGkfsw1U8vWzXTA
1787431509	05	https://00.img.avito.st/image/1/1.bjYf8bawwt8pRkDST-xDSA5RwN-vWMrVqQ.P8uACaJX_wuxIIv2dH2Lbn6JGW9SLn_ZLqLVFCKsPL4
1787431509	06	https://00.img.avito.st/image/1/1.GyWtFbawt8ybojXBlwFPWry1tcwdvL_GGw.NDpPHilD_Fs9aywGr-5hhB9kSE__jOAd4hvu8wyXSLM
1787431509	07	https://00.img.avito.st/image/1/1.tjYK_LawGt88S5jSatazSRtcGN-6VRLVvA.OTJCku1uMiJnH0X7XBevS5-nEnPH7PjUCd2hXMtXXR0
1787431509	08	https://00.img.avito.st/image/1/1.NDAl1bawmNkTYhrUQZFkTzR1mtmVfJDTkw.0Miah0kC7_hFRkR_jrq27e-hCLkD2I0eee5yf7XbJbE
1787431509	09	https://00.img.avito.st/image/1/1.yTXxTbawZdzH-ufR7ybKSuDtZ9xB5G3WRw.nTNCaRxlzPGTBEMWIWQCq7rATydpZ-u_XuGSjq44pVs
1787431509	10	https://00.img.avito.st/image/1/1.wyjtGrawb8Hbre3M5yXUUPy6bcFds2fLWw.Y-8OH4RtLJa13BuU_u4HQOa-Yytb_CSVpbDQm5pCyZE
3899399425	01	https://00.img.avito.st/image/1/1.rjYfwrawAt8pdYDST5CCSA5iAN-vawrVqQ.w2W4u-4rWAAMpZuUshgLB-_fDTMjD_lz4gujk9BC2K0
3899399425	02	https://00.img.avito.st/image/1/1.YwoNFLawz-M7o03uR3V8dRy0zeO9vcfpuw.r7EvAZXBba4FWwF5CAlipN_8xQTTh25fSFkyByQvmNo
3899399425	03	https://00.img.avito.st/image/1/1.0QJjTbawfetV-v_mTTare3Ltf-vT5HXh1Q.tR3_rU5WmJdK7G2Dw9IvQIlnc2cGrkFjvCXY5ojyNbY
3899399425	04	https://00.img.avito.st/image/1/1.uQViELawFexUp5fhHFqVe3OwF-zSuR3m1A.eWeHivIG_oxNPnJup2l2RSVCGCv48ylEhEStemCL4j0
3899399425	05	https://00.img.avito.st/image/1/1.xE1t1bawaKRbYuqpadruM3x1aqTdfGCu2w.FdXN9KFLY3XAiU06Jp0v8Qc05KhMB8sQ6ii7WfF2Rkw
3899399425	06	https://00.img.avito.st/image/1/1.SLmB2raw5FC3bWZdna8Fw5B65lAxc-xaNw.0TOx2WcG-hqQgN2TNB4xma_NuPs2NZJ0xoirsETyPbY
3899399425	07	https://00.img.avito.st/image/1/1.XQXOLbaw8ez4mnPh-DxCfd-N8-x-hPnmeA.-K5PjFiyaAYPLtE2cFK24IhyU5EEpSPkCqJxY6fQ99s
3899399425	08	https://00.img.avito.st/image/1/1.pNaB1LawCD-3Y4oyxba5rpB0Cj8xfQA1Nw.nqhFX-Un0zYkCV7maG3pUTUmm6-OoN81HvFpRI66hug
4250848502	01	https://00.img.avito.st/image/1/1.W9qgcraw9zOWxXU-mn955vvT9TMQ2_85Fg.sGQ68suozbRlJfenc1C6PGJoH-r1ObUpVqd-6p_8qd0
4250848502	02	https://00.img.avito.st/image/1/1.zQUzxbawYewFcuPhJaKvfCJlY-yDbGnmhQ.pJggXrYjRjR1_k9DRMUwsMW0naZdZO7kLurBD0zthv0
4250848502	03	https://00.img.avito.st/image/1/1.-1ANH7awV7k7qNW0dzyyKhy_Vbm9tl-zuw.IhCQrgUOWhyRONda7C2A99aWFUTfQqZC_00IOoa7PTU
4250848502	04	https://00.img.avito.st/image/1/1.Fd1Y2bawuTRubjs5fpUIpUl5uzTocLE-7g.-15ynJUBM3lTOEOMeY8WBHqbLakbYJ5TIDeynfaTGjI
4250848502	05	https://00.img.avito.st/image/1/1.mjaArrawNt-2GbTSuPjmT5EONN8wBz7VNg.TTu60aSBVvQV-WTCFNB1N6NWqPVpoc0qa8OINRHqlGw
4250848502	06	https://00.img.avito.st/image/1/1.weZYS7awbQ9u_O8CVnCmn0nrbw_o4mUF7g.MdlC-6ztRk7sAjgm2gEB6BjQ5uP9PGN6Wpnqn5dj0XI
4250848502	07	https://00.img.avito.st/image/1/1.6iZqWbawRs9c7sTCMj7wXnv5RM_a8E7F3A.pzfAAG-vKEXm5-8ynzzmoF8ptJEkbDHc8zfewYfmBb0
4250848502	08	https://00.img.avito.st/image/1/1.FJGQELawuHimpzp1tDwVr8uxunggubByJg.eC_f6dqkLDsE8rK-en9A6UQnfW9dzQu-r_tEhmS6mCU
4250848502	09	https://00.img.avito.st/image/1/1.Y9KnkrawzzuRJU027edK7vwzzTsXO8cxEQ.6jQHIqQKihYTRcDLSiJiVIetBdEOBbvm7FplguluRmg
4250848502	10	https://00.img.avito.st/image/1/1.6Jzcy7awRHXqfMZ4gJjC4s1rRnVsYkx_ag.RfG0Ppsh3hK4i70KIZdHrjyN8-Ca91eyaf6tNsnvo2E
2267582818	01	https://00.img.avito.st/image/1/1.87AK77awX1k8WN1UYLCHyhtPXVm6RldTvA.xdERm4wpqtI7IGijsA07T_i_GECE-W9AWlYy2zH5f_s
2267582818	02	https://00.img.avito.st/image/1/1.sjDW3rawHtngaZzUvpTlT8d-HNlmdxbTYA.UzmyL5kkTaH4RBnfEx8B8pZJn7zCdwU91jhkUutM7Y8
2267582818	03	https://00.img.avito.st/image/1/1.u3ABPbawF5k3ipWUezu7DxCdFZmxlB-Ttw.kmLThjEGbmTobbFUu4F5nXUFeSlWOeNDjNpJ7XEW0bI
2267582818	04	https://00.img.avito.st/image/1/1.51DNLrawS7n7mcm0j2HuL9yOSbl9h0Ozew.L4A8GEHyDApXk5YUb-554Qt3banGirA4zF_gMe6pz3M
2267582818	05	https://00.img.avito.st/image/1/1.NiWlfrawmsyTyRjBxWYhXbTemMwV15LGEw.hvutOYsoTNZ-8Y-g7YCyz-9iptRWrI5kmoJ_bCq81AE
2267582818	06	https://00.img.avito.st/image/1/1.ihPLf7awJvr9yKT30zWRa9rfJPp71i7wfQ.Gwo-Uxq3c9i26tIrkMu8iE59KK5Fg6aI12hP5lI0gnE
8218258276	01	https://00.img.avito.st/image/1/1.L3fTGLawg57lrwGTgQQ5D8K4gZ5jsYuUZQ.XCiIjS8eX_RObVo3Pbd3o51biShU8GAM5wUvCk1XHhU
8218258276	02	https://00.img.avito.st/image/1/1.uYVtx7awFWxbcJdhE7Ho-nxnF2zdbh1m2w.ehRZ5nN91NirbAYgjGdBAtxUU6vxQKR1LdT4M0j-Ufg
8218258276	03	https://00.img.avito.st/image/1/1.EpZqWrawvn9c7TxyQlIJ7nv6vH_a87Z13A.cels1HrqS9bWdEfHN7VBK6dACzSib6agqQQJvo14a9U
8218258276	04	https://00.img.avito.st/image/1/1.I1ABN7awj7k3gA20S3chLxCXjbmxnoeztw.x1kZ4rKnnfV_ojehB5-zw8Wf1V2_IoTbogOxW1Kf_KY
8218258276	05	https://00.img.avito.st/image/1/1.KCeB17awhM63YAbD3cNWXpB3hs4xfozENw.F7qIDrRhNh0bxcNtY6g5h_afzfI_l0v0XxwFgJm7jXs
8218258276	06	https://00.img.avito.st/image/1/1.ZGDN1LawyIn7Y0qEifkVGtx0yol9fcCDew.7lwh9XFNoZFFmVOFc5PJYLk7qEbc5H4WUKxfs9KK9U0
8218258276	07	https://00.img.avito.st/image/1/1.T3TvGLaw453Zr2GQ_X1VDP644Z1fseuXWQ.6u6kyrb5Nsesp4MKi04ZxnM6oXKTSNMUe5aWHjkHdTk
8218258276	08	https://00.img.avito.st/image/1/1.21APd7awd7k5wPW0NTTJKB7Xdbm_3n-zuQ.ChJ2YyMIAx3MjSiLI1VAJKF1vmN8akzMIKDz2eposgI
8218258276	09	https://00.img.avito.st/image/1/1.R8oNabaw6yM73mkuD3wIsBzJ6SO9wOMpuw.cqi4FYy4n1LhYyaQT8Sym5SLsOvXTrT2dJR2O_8MZj4
8218258276	10	https://00.img.avito.st/image/1/1.51AocrawS7kexcm0agX7KDnSSbmY20Ozng.17uR6k8faWnasUrJY01oxvOCYI34GEWNIruC3wdljNg
2266968440	01	https://00.img.avito.st/image/1/1.L0unGLawg6KRrwGv9WxIMra4gaIXsYuoEQ.mCmus1--WKsnsEwjGovyxkrkr2hwSel3FsACRbFdD6A
2266968440	02	https://00.img.avito.st/image/1/1.AQI-TbawresI-i_mMF1-ey_tr-uO5KXhiA.ChARoFreIclVGy10C_Jee6SUKa6_Zp5qvIZJ6c6DXgY
2266968440	03	https://00.img.avito.st/image/1/1.vLjBmbawEFH3LpJctZ-vwNA5ElFxMBhbdw.RSmlI1dk5gFJuUAIGSMwc_Rdm_vge0uBSodwNrn--MU
2266968440	04	https://00.img.avito.st/image/1/1.q1fmmLawB77QL4WzvMrYLfc4Bb5WMQ-0UA.qq4M_cay-N1uug6sOo9AcLa2Bf44yKDaDew4nhEeazA
2266968440	05	https://00.img.avito.st/image/1/1.tjZT67awGt9lXJjSM537TEJLGN_jQhLV5Q.zyjTAYvXBa7ISeSm4kA2ladQYkfmm_77dXMH3PRE-6o
2011827993	01	https://00.img.avito.st/image/1/1.CYVt7LawpWxbWydhc8Ba-nxMp2zdRa1m2w.g-vlSScfAlv7bvy3EuFnATIASdpQx9zxo2U7qX-QYoI
2011827993	02	https://00.img.avito.st/image/1/1.9o9rbLawWmZd29hrCyvq93rMWGbbxVJs3Q.KUopqRCfFpG9obyJHrH48VEXrDSm1h68iWp7iffjR2s
2011827993	03	https://00.img.avito.st/image/1/1._cEYTLawUSgu-9Mlbk-wuwnsUyio5Vkirg.aiOg93uhneA-TnfYF0QomrBSdfZM6NXPGl2QpjLelSU
2011827993	04	https://00.img.avito.st/image/1/1.MwBNGrawn-l7rR3kJzIueFy6nen9s5fj-w.RNi5hiZQ1d4d-6T7oOMolFgy3T41ZemV0BQ97uSoD1E
2011827993	05	https://00.img.avito.st/image/1/1.Mo8LeLawnmY9zxxrYwBn8BrYnGa70ZZsvQ.56LNJxaqQs3W1z4YxuubASS8h2PcB1V49gtBL2bGZmE
2011827993	06	https://00.img.avito.st/image/1/1.LVnoTrawgbDe-QO9vjZ4Jvnug7BY54m6Xg.ArKok2kBna820WTtuaWnQ-yFA028-ufPIEa9YJtFaIo
2011827993	07	https://00.img.avito.st/image/1/1._3WRGLawU5ynr9GR4wPgDYC4UZwhsVuWJw.bNYh6GI6iALmfJuT_CE5maFwfr47tDlE67p4HtHFMDk
2011827993	08	https://00.img.avito.st/image/1/1.BJz05LawqHXCUyp48PRn5eVEqnVETaB_Qg.ozbUX_7BE37EbzRwyZYQfOH2TmVNg4pnkhrJvQ2uxYA
2299664993	01	https://00.img.avito.st/image/1/1.y11zeLawZ7RFz-W5aRedImLYZbTD0W--xQ.9bfI-VcuTTWMDPhB58PIW_qeiONqM0-hG5KXwFJOCh8
2299664993	02	https://00.img.avito.st/image/1/1.UXjYd7aw_ZHuwH-c9jp_BsnX_5Fo3vWbbg.sc98Dm-lRiugbzhs4lo-eIlbqF6x2T-mAEDQvzn3kqo
2299664993	03	https://00.img.avito.st/image/1/1.zJzwFLawYHXGo-J45Hem5eG0YnVAvWh_Rg.pnjAYEpNAtUVXJnSPY9utfDAao4LaDEGrjCBljybgaw
2299664993	04	https://00.img.avito.st/image/1/1.kXPYSrawPZru_b-X9lzvCsnqP5po4zWQbg.crZ-Mz_gW7M2NYoi5MOynQsNFOBZXQEv_5RyNWrP2Xw
2299664993	05	https://00.img.avito.st/image/1/1.AIYCVLawrG804y5iDkxR-RP0rm-y_aRltA.MdoBhXH-l81rN5mu3dmuyX44VFlma6paD9KIQ5EFGcg
2299664993	06	https://00.img.avito.st/image/1/1.aRk0TbawxfAC-kf9agwmYyXtx_CE5M36gg._VisddZH-ZRziaaUlpTOO67GfK6aQPSKcVv-i_eQRUE
2299664993	07	https://00.img.avito.st/image/1/1.TBwt1baw4PUbYmL4OZhEYzx14vWdfOj_mw.5R9SLqiBcn2VxhYTJ1QCwrjrdlLDylZnQpNFniRqMa4
2299664993	08	https://00.img.avito.st/image/1/1.e3ABMraw15k3hVWUe1d4DxCS1Zmxm9-Ttw.ohtnZ2J9klITRjmUjbaVog-6wSbwh8S9ct8mS6R02vw
2299664993	09	https://00.img.avito.st/image/1/1.9qJrFbawWktdothGC2aj3Xq1WEvbvFJB3Q.JXJccDtuA0Y9VFe-jyD6rq514vRemJ6-Y2gQxc8mkSA
2618940567	01	https://00.img.avito.st/image/1/1.Q5AKDLaw73k8u210ADUP6hus7Xm6pedzvA.WpMlgPXTo4u7-qigdkUnmjJeSy4f0N0-0ZAnZaQff-4
2618940567	02	https://00.img.avito.st/image/1/1.Q94QW7aw7zcm7G06GgoaqS_77Teg8uc9pg.MkclgPB2I9BYg8udoj_zFd0klO9F0kI3E2qWg5wlC4w
2618940567	03	https://00.img.avito.st/image/1/1.Yd7YeLawzTfuz086lgU1ocnYzzdo0cU9bg.YCFOsvMFRApyTbIrORpwpmWG55pEKswK7Vqz34DrNwY
2618940567	04	https://00.img.avito.st/image/1/1.u54Wb7awF3cg2JV6bDXv6inPFXemxh99oA.4EkbkPY5IRHbVnj0NpoHanTYO-0CWFEvQ_ijubF5yo4
2618940567	05	https://00.img.avito.st/image/1/1.5F9tubawSLZbDsq7Kfa1KFIZSrbdEEC82w.DCJ1eDOa5P22fjRLI5eejCflwYnyR4M8_3wQAlc9Y2k
2618940567	06	https://00.img.avito.st/image/1/1.J0ANP7awi6k7iAmkTz8yOByfiam9loOjuw.lUAdDV5DH4-76I3MD4_1RyHsSI2mEcl40mKKxGrgQJM
2618940567	07	https://00.img.avito.st/image/1/1.TW04Tbaw4YQO-mOJLlwsFCnt44SI5OmOjg.FEpCrkCtoDeEwJK9N_178XT-xIJ_wZUzg7H2gsewNDo
2618940567	08	https://00.img.avito.st/image/1/1.EuZtzbawvg9bejwCRZlCmXxtvA_dZLYF2w.8Ww_unQIlYghuZjtc0A2vS6wwyjd5dYkf0kSfmUw42k
2618940567	09	https://00.img.avito.st/image/1/1.m1w2eLawN7UAz7W4DDacIyfYNbWG0T-_gA.M57wWc1JRQzNZ85HpT7EgJ_BMvwfNq7SmBz9gGldi8I
2618940567	10	https://00.img.avito.st/image/1/1.pjiAfrawCtG2yYjcwHDYQZHeCNEw1wLbNg.efln7zQt9ws7qZsFTvQ-KYeNFESfygkLFDYAPkpCu4g
7994510921	01	https://00.img.avito.st/image/1/1.m1cBOLawN743j7WzOx7RLRCYNb6xkT-0tw.-3b23Flpwe8knCSGsLKZQ3Ut_o_Wt2365b6SF-kQ5gE
7994510921	02	https://00.img.avito.st/image/1/1.ow6tFLawD-ebo43q52K9cby0DecdvQftGw.IyLPqfTC0jT0VKKbUS1UDnEOG0eyjB-fskKM14DzehM
7994510921	03	https://00.img.avito.st/image/1/1.7FzAebawQLX2zsK4lBq-I9HZQrVw0Ei_dg.epS7E9dJm_DrHkeq8UBKPIPHVrIYNEavZde_89_nrks
7994510921	04	https://00.img.avito.st/image/1/1.jjs3frawItIByaDfJyztQibeINKH1yrYgQ.ejMSATzNdCUx7wXtRv55d4HdmBDeTxODhKhLc-U69BE
7994510921	05	https://00.img.avito.st/image/1/1.LaT4TrawgU3O-QNArj4F2unug01I54lHTg.PKQJ2YYTDlfzMBDpTewgr7VB6S_MmJKhYNj4TDHddAk
7994510921	06	https://00.img.avito.st/image/1/1.e9ADjbaw1zk1OlU0eZxXrhIt1TmzJN8ztQ.NwXJYSqGkR7v7RPKk_--hzuTG2kzhobFWt6tpFerUeg
7994510921	07	https://00.img.avito.st/image/1/1.d1AQYraw27km1Vm0cjcLKQHC2bmgy9Ozpg.pA6h1xG8FVwQHmbT4aHHUo6EltJ0ccG-R_PIpF3NwV4
7994510921	08	https://00.img.avito.st/image/1/1.0jDerrawftnoGfzU9vmBT88OfNluB3bTaA.xsF9a4ADM_-nSAGgGyad0-x7jYeHNaG2-GHg3Vese9c
7994510921	09	https://00.img.avito.st/image/1/1.cISIFLaw3G2-o15g5Clw-5m03m04vdRnPg.tPJ42YI7aPq-g8FmeXYhHRjUXLDhAZvpuk5ZIXSeLCY
7994510921	10	https://00.img.avito.st/image/1/1.AjB1_rawrtlDSSzUff4ET2RerNnFV6bTww.zrXMqUFwvom4IUeBvidK-32qli6EuHPi_2DRJg2BHMI
7706915874	01	https://00.img.avito.st/image/1/1.PJwiGLawkHUUrxJ4VnRy5jO4knWSsZh_lA.auV-sJX91PMMQkaHmbReaW-Kj8FlEIziRurtthaH4lg
7706915874	02	https://00.img.avito.st/image/1/1.UxENGraw__g7rX31JxtKaRy6_fi9s_fyuw.gc4L5cHySzlh_LQiQG62EaVXK5mMgGOnXXsKC7gKOg0
7706915874	03	https://00.img.avito.st/image/1/1.Fc1YJ7awuSRukDspfmN2tEmHuyTojrEu7g.uYBh5z8DE-RID9HHB0fmZOjYBNDBVjRyNWR3hfpoTdU
7706915874	04	https://00.img.avito.st/image/1/1.7Q1YILawQeRul8PpDgeJdEmAQ-ToiUnu7g.-RPtuvfP28gKvFOh5wLP8-aLCWVaIp9cYY1NmxwK4p0
7706915874	05	https://00.img.avito.st/image/1/1.UrArfbaw_lkdynxUA0wYyjrd_Fmb1PZTnQ.wbKCfaJDeA1eXO5m4xVBU4jd6AgMxyWYRZ6aAY3J9MM
7706915874	06	https://00.img.avito.st/image/1/1.ZGFt1LawyIhbY0qFKdkWG3x0yojdfcCC2w.VIRF_TzUUZcYXPsFwhyFSs7eAHTHlDlCnZVwZBfXUSY
7706915874	07	https://00.img.avito.st/image/1/1.LDFt1bawgNhbYgLVOdl-Tnx1gtjdfIjS2w.2AvsfJPFpBBpjKNs78yMlHAKD9hqKhssAkY790rojLw
7706915874	08	https://00.img.avito.st/image/1/1.JDzAULawiNX25wrYhFAkQ9HwitVw-YDfdg.LEZPuillVNv29BdGN9tMzDLL4_j3DF-fk6atTMxPM1E
7706915874	09	https://00.img.avito.st/image/1/1.ARrTTbawrfPl-i_-3TVwYMLtr_Nj5KX5ZQ.0bdEvtV7xEhvPLBDPoe1E648nG2Icgs_EJeUJx6SH5E
8026053842	01	https://00.img.avito.st/image/1/1.IYVfdrawjWxpwQ9hEQpb_E7Wj2zv34Vm6Q.ILCPztVZFX5y2RpHeDCULBwbBZEptUh5sWLioClL6aI
8026053842	02	https://00.img.avito.st/image/1/1.wD6BzLawbNe3e-7ajcvdQZBsbtcxZWTdNw.axBIF0Sjybs-9tyTltbFkrSV-SZtb1eA8F39WNn1sXU
8026053842	03	https://00.img.avito.st/image/1/1.m1JjWLawN7tV77W2WTKJKnL4NbvT8T-x1Q.Y8VR8P7Qds252NIK7wNFJpNtoVqhbRxs2D9Al8xi3Kg
8026053842	04	https://00.img.avito.st/image/1/1.s1cWeLawH74gz52zfDb8LQfYHb6m0Re0oA.aBTZ9t37dTkl1g8Y-gZdueiNLaAa2xnFGTVcvHV1kYw
8026053842	05	https://00.img.avito.st/image/1/1.jQ3ITrawIeT--aPp3iSMctnuI-R45ynufg.RWp01v58hHygawTT99vVYN0ZQSXxNXIapqQto3uLpPU
8026053842	06	https://00.img.avito.st/image/1/1.2YVEVrawdWxy4fdheimR_1X2d2z0_31m8g.jmpDCVfPt9-DKYyc_nAEsdzoGnHfIQP903rU9cBlf0Y
8026053842	07	https://00.img.avito.st/image/1/1.HNWJ1LawsDy_YzIxvbwHrZh0sjw5fbg2Pw.btBsVdDl9axWUTv0XJrRJXUv6xSL9ToO6BUJ4KdcN1w
8026053842	08	https://00.img.avito.st/image/1/1.NjsMfrawmtI6yRjfbEJUQh3emNK815LYug.hNbNqstAvRDDYRhAN3GAQZhWzu7WUEHJ7NxXEEKncEQ
8026053842	09	https://00.img.avito.st/image/1/1.S0HtH7aw56jbqGWl9wIGO_y_5ahdtu-iWw.HqSQL6avr_PM6VtELh4ojwZb_c4xpmW_Dzo0eQNIQWs
7642466585	01	https://00.img.avito.st/image/1/1.FAjBnbawuOH3Kjrs5akOcNA9uuFxNLDrdw.Wn0OS7oeG1zr25mFMb2_b1498B84368poH4Zl4XfYrc
7642466585	02	https://00.img.avito.st/image/1/1.hsRrRrawKi1d8aggayzIvnrmKC3b7yIn3Q.zgD4VRLG9byDi_ypW9eoOseCyE83pGdsXCAbsDI1728
7642466585	03	https://00.img.avito.st/image/1/1.IxAPWbawj_k57g30RVE6aB75jfm_8IfzuQ.clniOg8-AaCp9pyr8UcyNa4cP8ACJZpsQMg6d1UtbAg
7642466585	04	https://00.img.avito.st/image/1/1.p037GLawC6TNr4mpuVbZNOq4CaRLsQOuTQ.pLy1vo22u_gnULf_vx6cCznJCr7jBvL1WqAWqQw-RNw
7642466585	05	https://00.img.avito.st/image/1/1.pQ94TrawCeZO-YvrPnymcGnuC-bI5wHszg.aDoSNvTCX_PVG5omkmz5LILanF-qKK2cP_t9P050WT8
7642466585	06	https://00.img.avito.st/image/1/1.N5AHGLawm3kxrxl0ZSw-7xa4mXm3sZNzsQ.OH2u23FWjL3J3--B0AqbWtd7VQkBPoWKfAN4u1clVng
7642466585	07	https://00.img.avito.st/image/1/1.QJzFZLaw7HXz0254yUVf5NTE7nV1zeR_cw.FgCUrW8V4JYRGjygQP-8uP0ddeevCVhVW9PgtUQ7nKo
7642466585	08	https://00.img.avito.st/image/1/1.LE1h1bawgKRXYgKpNdUGM3B1gqTRfIiu1w.UTq6ktI_wPsB1jFEEOdt_10uJxywS9inbQWdR1uu5iI
7642466585	09	https://00.img.avito.st/image/1/1.XjYfzLaw8t8pe3DSL6VySA5s8N-vZfrVqQ.EZQISi0JL9OWSQfDYAIYUbn_W370k26tOjCWkCUS798
7642466585	10	https://00.img.avito.st/image/1/1.njYATLawMt82-7DSMCbOSRHsMN-w5TrVtg.YckuM4IGS0OHxcUPAKY4bpX_bdqMQju6_3xMDOUpSnY
2235735292	01	https://00.img.avito.st/image/1/1.x3TrGLawa53dr-mQ6XfdDPq4aZ1bsWOXXQ.fG2vi9sVrgCTP5B5dG-crnXs8_0I2eu4P4jX6qDtsx4
2235735292	02	https://00.img.avito.st/image/1/1.qJ_FFLawBHbzo4Z7mXrB5tS0BnZ1vQx8cw.vsPEfGPb2Ryi-yUY7bLiOMhUvmcP4tE25Zq-sMZsB_A
2235735292	03	https://00.img.avito.st/image/1/1.QoZo8baw7m9eRmxiYLwM_HlR7G_YWOZl3g.RxOyD2spiaz5HHbqQRklS38hTC6CCy9LxYRSlNad1Pk
2235735292	04	https://00.img.avito.st/image/1/1.piXYfrawCszuyYjBmBCyXcneCMxo1wLGbg.rHYKtdfASJ5BZbDXqCX3RnYEhKgH8-LggtcXRI0dYr0
2235735292	05	https://00.img.avito.st/image/1/1.4JgulLawTHEYI858YsP04D80TnGePUR7mA.Kg-lyrYjXpS7Dh5sDtT8FR2NcQE3rS9JeP7BjV9-LGg
2235735292	06	https://00.img.avito.st/image/1/1.wnirebawbpGdzuyco2rsBrrZbJEb0GabHQ.ewAf9bWndEQgZ934DsCoNLp2Y2cCQgOM-5WfkERDyW8
2235735292	07	https://00.img.avito.st/image/1/1.EQVRrrawvexnGT_hf5YGfUAOv-zhB7Xm5w.fdvi2k5wJ47PZ_B6p9pojq-2VX6q9WSsrbImxpbeR3o
2235735292	08	https://00.img.avito.st/image/1/1.4QxRTbawTeVn-s_oHyb4dEDtT-Xh5EXv5w.Qt7PB-9umod_xyK_2JYfsjCerBfqs9VPfl5Aaf1_aHU
2235735292	09	https://00.img.avito.st/image/1/1.iWrYRLawJYPu86eOxhqWEsnkJ4No7S2Jbg.297WskBzqlTdvYu8S56Qs4zZot_UqKDESX8UjRlBCNg
2523336031	01	https://00.img.avito.st/image/1/1.DwwN2rawo-U7bSHoH8IPcxx6oeW9c6vvuw.0xcwHqXQ6q5UmOogFUVpbgW9urUUWQbh160CflzqjbA
2523336031	02	https://00.img.avito.st/image/1/1.RHjBKbaw6JH3nmqcxWw2AtCJ6pFxgOCbdw.pYBvqAsagiX30gt12_Tk_BADR_yuzxUxEXjS0yh90K0
2523336031	03	https://00.img.avito.st/image/1/1.hfVYIrawKRxulasRXnjjjEmCKxzoiyEW7g.ikZuFQsvPbtRV666VuP6Y4DFTUzXdtRrX3WgQsKmwVQ
2523336031	04	https://00.img.avito.st/image/1/1.-2gNFLawV4E7o9WMdzf8Fxy0VYG9vV-Luw.E542p-8_9YtrpBcebYYl5QFKa5tJDydtlf8OWp0Zb1Q
2523336031	05	https://00.img.avito.st/image/1/1.mjXh3rawNtzXabTR2dTWT_B-NNxRdz7WVw.AGec5kan2DpavJYawgyGErnt4hDs5Yoxr_JSd5XsSfA
2523336031	06	https://00.img.avito.st/image/1/1.cjB-Traw3tlI-VzUFiNxT2_u3NnO59bTyA.LlWbSpjbdefnYfmD-38JuqEXSNqkcraXb1e3rCA18RA
2523336031	07	https://00.img.avito.st/image/1/1.dJ1HkLaw2HRxJ1p5I_Vx4lYw2nT3OdB-8Q.zQMI1jceAxXmlgivX1NmMPn-l_bKxnsMoEEHzSg_RKU
2523336031	08	https://00.img.avito.st/image/1/1.xWVITbawaYx--uuBTmasHFnta4z45GGG_g.x5yj-Pl82MtU0L9RSbZ8HFWpljE233mYb9QojwhoqBk
2523336031	09	https://00.img.avito.st/image/1/1.ShmLeLaw5vC9z2T9kyFUZprY5PA70e76PQ.dq_BB54bso91LhLUOM8zvE2hdyW687fjxKrzB9Dm0Q8
2523336031	10	https://00.img.avito.st/image/1/1.HZCITbawsXm--jN0vgUB6Jnts3k45LlzPg.jumK4KVORxQ52j4HdJpfWuj6o86Xr2B6GSfyCYJiCSE
2459248808	01	https://00.img.avito.st/image/1/1.bQZOTbawwe94-kPiGGxyeV_tw-_-5Mnl-A.6n4WeTl6kNYgfEZEYDEYXMSBxM1rw84J8fDGsPrQ1Uo
2459248808	02	https://00.img.avito.st/image/1/1.XQXMTbaw8ez6-nPh-mxAfd3t8-x85Pnmeg.-5iR-7x2Io0Oi77P9Y8dinNRzjeNXuv7sKuk1EXjfK4
2459248808	03	https://00.img.avito.st/image/1/1.CYVEbLawpWxy2ydhWkBC_1XMp2z0xa1m8g.mXsXQ2i7VU9RtJrMmAlV73VJLQOlBA-gmtbSCq5X9sM
2459248808	04	https://00.img.avito.st/image/1/1.u1ABJrawF7k3kZW0e0S9LxCGFbmxjx-ztw.FpzEEtJBv5fU0yI_m4dTWFy0aLcz6NQv9bcrV1W02Ic
2459248808	05	https://00.img.avito.st/image/1/1.wxatGrawb_-bre3yp23bbry6bf8ds2f1Gw.vxfxMQR682McBezFYOR8WnkbF-r-ZesnvSojKK_Dm7Q
2459248808	06	https://00.img.avito.st/image/1/1.fg1rFbaw0uRdolDpG1gucnq10OTbvNru3Q.zmYoMBjY7pJe0ozs9DJrI7Z6QteSCv2gdW5pcJW8OGE
2459248808	07	https://00.img.avito.st/image/1/1.5jZTkrawSt9lJcjSE4GoTEIySN_jO0LV5Q.82y10Dnd9Txw1hfo7YnK53SwKIPRZrEfwKV1sCpd4rw
2459248808	08	https://00.img.avito.st/image/1/1.PJwivLawkHUUCxJ4VvRz5jMcknWSFZh_lA.hidP6Ihkp8wKIulKMXaZlxN3A4_86zsISMaulGO-QKI
2459248808	09	https://00.img.avito.st/image/1/1.xKiZ1LawaEGvY-pMna-l0Yh0akEpfWBLLw._DiwfeZZ6qk6xW_p3t0ILrg2HkShn8xkvuJqIwEk4X4
2459248808	10	https://00.img.avito.st/image/1/1.IYVQzbawjWxmeg9hHukg_UFtj2zgZIVm5g.sVUah8mS5yvKZL_DI5qm5og9xpRO1nC-1RBSCZHaR4U
4346891074	01	https://00.img.avito.st/image/1/1.xg4VfrawaucjyejqFSWMdATeaOel12Ltow.PC135HDwN4g1161Sc_BTBwDfdAHAwQDOtWsS3mLUUa0
4346891074	02	https://00.img.avito.st/image/1/1._HzR1LawUJXnY9KYpee1BsB0UpVhfVifZw.Y4ehJSZHncgsyVz3ZWHOytNc3UVZo7LERzxLM8Bq5FM
4346891074	03	https://00.img.avito.st/image/1/1.LiTffrawgs3pyQDAjw4yXM7egM1v14rHaQ.dSxqyiGdVGcSJRXYKw8_HM11Rjp8PcJ0cRhLEGj9dxc
4346891074	04	https://00.img.avito.st/image/1/1.EYViLbawvWxUmj9hTAk--3ONv2zShLVm1A.uebAJ36XaE24W_gwY7sZB4PqxrWu4CtZ8DpZMhsmzAs
4346891074	05	https://00.img.avito.st/image/1/1.GyVtFbawt8xbojXBVxlPWny1tczdvL_G2w.1P79TmOoJo8tYCPg9rBUuWCLGGeJ8bHRirOCttTZuFU
4346891074	06	https://00.img.avito.st/image/1/1.yjaNvrawZt-7CeTSla2wT5weZN89F27VOw.vUy8tJRssRLzx4oqkGf6062mvrvVWVq74YsfGlJvdZ4
4346891074	07	https://00.img.avito.st/image/1/1.25AK_bawd3k8SvV0MOar6htddXm6VH9zvA._UxXniekzFHJNNIvwCbLzgObLAyjdtb_QQ1dawchK2M
4346891074	08	https://00.img.avito.st/image/1/1.PJ1v7LawkHRZWxJ5G_Rp4n5MknTfRZh-2Q.iTEsZfu0nvHkMz7oyv-fZn7z3ge-daF3LjBeomI8NHs
4346891074	09	https://00.img.avito.st/image/1/1.TWioTbaw4YGe-mOMvhQpEbnt44EY5OmLHg.qeqx6y9enmYNeTLtioYdby3KYjrGNSEa4ujR00v62Fk
4346891074	10	https://00.img.avito.st/image/1/1.xjjsfrawatHayejc7EG7Qf3eaNFc12LbWg.z_cRh0Tym3sInl6p670Whj8t8jWyJZuCda_XtE5Tcqs
4666600870	01	https://00.img.avito.st/image/1/1.sIY0VLawHG8C455iWC7n-SX0Hm-E_RRlgg.6Z53Es9JotwkMUKYnZLmPRPxwMqyLvdHYdc_lblwMK8
4666600870	02	https://00.img.avito.st/image/1/1.flRrbbaw0r1d2lCwG0RsLHrN0L3bxNq33Q.9s0Mh_vt85fdin5g0IOWT3Z8KysvXq7gSnXkn8586iA
4666600870	03	https://00.img.avito.st/image/1/1.xQoATrawaeM2-evuBkHDdRHua-Ow52Hptg.HjP3_sUWmXCON4KniVXc-wQiZ2XYIa1viexQ4r43j5I
4666600870	04	https://00.img.avito.st/image/1/1.1J1vdLaweHRZw_p5S3eA4n7UenTf3XB-2Q.nA7KzZBUzn1zBiQxoBLfQSB5Ay3MqMzPT73isjq1VZ8
4666600870	05	https://00.img.avito.st/image/1/1.PjZly7awkt9TfBDSFb9CT3RrkN_VYprV0w.7n7v2dwI3NYw04VSIAgvnHn77_FyN2SS3CoRjCmurZU
4666600870	06	https://00.img.avito.st/image/1/1.zadrB7awYU5dsONDfQD3mjCmY07brmlE3Q.gPoGg3TP38q4azcx9JXOv_FCr2b9C0wQE6qOBtnWK2w
4666600870	07	https://00.img.avito.st/image/1/1.QBzFQLaw7PXz9274ySlbZNTg7vV16eT_cw.T-UjhVW-wNvRtqBRFL-IrUVF07RDrOzTqVqv3Cp0bpo
4666600870	08	https://00.img.avito.st/image/1/1.v1QNaLawE70735Gwf0L2LhzIEb29wRu3uw.iiwuHBhQwjJGxrbKK-MYrf5Clj8vP5BxyJN0DI10Fkw
4666600870	09	https://00.img.avito.st/image/1/1.jeRS77awIQ1kWKMARMnl2AlOIw3iRikH5A.6_nrCvW0ad6Rpe23ScO_JIdFWJieBb239Y8wG6pGnbE
8090433947	01	https://00.img.avito.st/image/1/1.GX7YSrawtZfu_Tea5jZnB8nqt5do472dbg.MLqTeWimyjCAMuMNa7OTZ7BTJjGVpfJjLYKygUhhrQ4
8090433947	02	https://00.img.avito.st/image/1/1.69APf7awRzk5yMU0VSz7qB7fRTm_1k8zuQ.8p3YVWHVD3OWh2Rh1A7Oxvbud80eMxqTG7dX4U4PF8I
8090433947	03	https://00.img.avito.st/image/1/1.JBTAB7awiP32sArwhC8KatGniv1wroD3dg.YWbqRmM6HFDF3ztrdTWYg9sUKznxnETCrSagDWfWM7k
8090433947	04	https://00.img.avito.st/image/1/1.n1B--rawM7lITbG0TJzZKm9aMbnOUzuzyA.t4K-0_up4knKuMHDeu6jYbgtgBU8eG8enCBNeQtVgPY
8090433947	05	https://00.img.avito.st/image/1/1.djZm17aw2t9QYFjSBtIST3d32N_WftLV0A.L2o18aPPYhdrKTAxFQiRSgrurh8rFTw4h6vLO9qZvf8
8090433947	06	https://00.img.avito.st/image/1/1.oodbeLawDm5tz4xjExbz-ErYDG7r0QZk7Q.UzEQORdroTay9K4gfyOH8Rxy62wnFaqwu8uugQc399E
8090433947	07	https://00.img.avito.st/image/1/1.Gh8reLawtvYdzzT7EwgHYDrYtPab0b78nQ.xCkqOgoOx7ppNUzDaZVyof65PQGE0qc5EApd_ZJjb3Y
8090433947	08	https://00.img.avito.st/image/1/1.pWgATbawCYE2-ouMRkPBERHtC4Gw5AGLtg.f3sNPW2ByZrnomBPjegVU1Jefeeh9IgajwgEBe7glgI
8090433947	09	https://00.img.avito.st/image/1/1.jfzYTLawIRXu-6MYzi79hsnsIxVo5Skfbg.XLJIGa3bKYl6hn17m1HajZ1ZzZEewKrcMzzZhE6b6FA
8090433947	10	https://00.img.avito.st/image/1/1.BQXLJbawqez9kivhzTEffdqFq-x7jKHmfQ.Hbw36WNSW9k__2XwmnptDh0-8kyx8Piwg8BIAM47tqY
7962766927	01	https://00.img.avito.st/image/1/1.fp9rHLaw0nZdq1B7Gxli4Hq80Hbbtdp83Q.Y9zF3dtPsH4CSY4HDBVNDrWre75Bxej3i-9H6vQvqwY
7962766927	02	https://00.img.avito.st/image/1/1.VY2gTbaw-WSW-ntphhBU9bHt-2QQ5PFuFg.lJqihr30RzxaOBfXIdrZfkVSc2JgKJLWpXt2SRQj4kE
7962766927	03	https://00.img.avito.st/image/1/1.mIHs1LawNGjaY7Zl0Ka0__10NmhcfTxiWg.5_qBkDI0DovPFA-_uzzsQr1FkarrgiGpXjPlr6t6cHs
7962766927	04	https://00.img.avito.st/image/1/1.l0o5GLawO6MPr7muG1L2Myi4OaOJsTOpjw.2kONZHrnJB7Pa-cKhMMqhZEJSN51qj4NL1SuAaOyz1s
7962766927	05	https://00.img.avito.st/image/1/1.MAeB17awnO63YB7j7cNKfpB3nu4xfpTkNw.5OMWqW4_VQnL_b6P8C6MmgDiHn51LUi7DITkT7XMIts
3226795395	01	https://00.img.avito.st/image/1/1.7l9rCrawQrZdvcC7Ow3EIXqqQLbbo0q83Q.P6uXmc7lU_lbfryrqQ4wHCDO2FYQT_FZPbrzEUUNOF0
3226795395	02	https://00.img.avito.st/image/1/1.YXPYfLawzZruy0-Xlml_DMncz5po1cWQbg.XLoZ_mGVkYSYzfmCKfWi8qDRH4kTgcrJrtumsbhPQkE
3226795395	03	https://00.img.avito.st/image/1/1.zjZ4I7awYt9OlODSaHTdTmmDYN_IimrVzg.kWrr4Bkgo60wp1czqdnEnA8ag7xnLsz-1F9aHxEnUs0
3226795395	04	https://00.img.avito.st/image/1/1.OjBF7rawltlzWRTUPeokT1ROlNn1R57T8w.8fC9DhpSnNE7ydHbmp1atkOYR17shVstdhoFZMnfU_I
3226795395	05	https://00.img.avito.st/image/1/1.ZkJ0frawyqtCyUimNCNPPGXeyKvE18Khwg.lxW7ulddabAh8COAaPPh96W0rkhyqc3G-u3Zwb3HSvk
3226795395	06	https://00.img.avito.st/image/1/1.LjsnfrawgtIRyQDfd25NQjbegNKX14rYkQ.gu9kRS5YeCwvGf0wA9Q7-GJtyTIfWFHUOdDp6v0b0uw
3226795395	07	https://00.img.avito.st/image/1/1.2FzP7bawdLX5Wva489KWJt5NdrV_RHy_eQ.X72fDdH16Kc4fHU0OovLKvB7YpMgIq1K03xUKCxGGhk
3226795395	08	https://00.img.avito.st/image/1/1.RcVb6raw6SxtXWshXatru0pK6yzrQ-Em7Q.CXg7X6VH3cg-VskZ_QNSO3hCvvAnZ8J2quptCNF0bf0
3226795395	09	https://00.img.avito.st/image/1/1.MAtB17awnOJ3YB7vLY9LclB3nuLxfpTo9w.3sdj37EZRWCLnq0h4yHaDbRlovbpRGv1Bhh4Tt1ng6g
2491048440	01	https://00.img.avito.st/image/1/1.hWVZjbawKYxvOquBX5_MH0gtK4zpJCGG7w.L9jjEG6KIuK6mfithVLrXZNkzF4w2YmF2fjOS2YEzGs
2491048440	02	https://00.img.avito.st/image/1/1.esZtULaw1i9b51QiFU1kuXzw1C_d-d4l2w.piug7rM65YKPB07aiQSzQdOeWJUhjRAr0oKQLEaN7SE
2491048440	03	https://00.img.avito.st/image/1/1.NyEbGLawm8gtrxnFeRR6Wwq4mcirsZPCrQ.3L0qh-Jd_zE_hXGQ-FM2oV_bAzsSrkoqf8GKzbHkPGY
2491048440	04	https://00.img.avito.st/image/1/1.pkL0frawCqvCyYimtCCLPOXeCKtE1wKhQg.OyTBvvBnKHmGmUvskE3I6o7cVYY7ZaSfX9bYENiXZTE
2491048440	05	https://00.img.avito.st/image/1/1.FX1bTbawuZRt-juZfVEcAkrtu5Tr5LGe7Q._GhrJYM91ub71TUXtntyESmL1WWKIgAAC0VEwD5ODP0
2491048440	06	https://00.img.avito.st/image/1/1._Bwx1bawUPUHYtL4RYb0YyB1UvWBfFj_hw.-0K7yyRDRFHhM0w6otrcSfnrMAqYxDhhsyGBhnxG84s
2491048440	07	https://00.img.avito.st/image/1/1.0jXnfrawftzRyfzRz12dT_befNxX13bWUQ.KN2lfgRsNkYGhXJstZgT_I37fcT3BeO3W_SojLQeuvY
2491048440	08	https://00.img.avito.st/image/1/1.gJzc6LawLHXqX6540Iqu4s1ILnVsQSR_ag.xjHlRI3FSRRkXRphk-cTrDB5Riu1nttfUoBOy4QoMTs
2491048440	09	https://00.img.avito.st/image/1/1.1QZU_bawee9iSvvicobQeUVde-_kVHHl4g.z6w_V4CSH_pB807En14lSGwLjcfnj6UsKWDB-Unak6Y
2491048440	10	https://00.img.avito.st/image/1/1.v8ANA7awEyk7tJEkfwHYuRyjESm9qhsjuw.kKZMUKGB56LjTjSalmppTZwCYTBet9hWQLqfTbgi9Ek
3963020648	01	https://00.img.avito.st/image/1/1.Y1eNH7awz767qE2zx04rLZy_zb49tse0Ow.ERVLXVJPWZyKWVjiYeCR2v0GV8vMcBVnscuxIqO3iF4
3963020648	02	https://00.img.avito.st/image/1/1.fzQN8baw0907RlHQf5hTShxR0d29WNvXuw.3EMCMI3eF_uG0XHd7snqGkEerC16KqMW6gqIO9M2wMY
3963020648	03	https://00.img.avito.st/image/1/1.1J1BzLaweHR3e_p5Zffd4lBsenTxZXB-9w.A0Dut6TGfvJO9N_aY21LDKTA5hJMN_Ax2qHHA02t3Xw
3963020648	04	https://00.img.avito.st/image/1/1.gBzCTrawLPX0-a74zkT6ZdPuLvVy5yT_dA.J8lahh2cr0H--e58Nit4PyLAAWyVzstsoCO6Mt7zOtQ
3963020648	05	https://00.img.avito.st/image/1/1.PmOIxrawkoq-cRCH-IYqRNNnkIo4b5qAPg.b5epsYpNmfNQ3LKyK6glw9dZO1Btc0viV8wsoSRsAec
3963020648	06	https://00.img.avito.st/image/1/1.daqeR7aw2UOo8FtO-GI6jMXm20Mu7tFJKA.3unijfF5fHPWUhYPHOMuZBtlWYJXUtCbr0_3IIVFDFE
3963020648	07	https://00.img.avito.st/image/1/1.H4d7GLaws25NrzFjSVRL-Gq4sW7LsbtkzQ.T9kn6OYbuW48_BoSZNzl90a7OmsOQlNtXxSLCGV_OI8
3963020648	08	https://00.img.avito.st/image/1/1.L5OTGLawg3qlrwF3wQQo7IK4gXojsYtwJQ.uCub3pOg5MVlUWRs_8E8pmV1RP4zBELV4vqEhhM5wBs
3963428798	01	https://00.img.avito.st/image/1/1.I5APWLawj3k57w10RWA66B74jXm_8YdzuQ.JKaAIhX6iCEpfUf5Y29CElJ1iIqsuk7-YhKBezVAQLw
3963428798	02	https://00.img.avito.st/image/1/1.u5ABHrawF3k3qZV0e2Sz7xC-FXmxtx9ztw.cbGbZ9snHP__q-7f0HyjFsjRn1YH7I2PYPQM6rjvxfs
3963428798	03	https://00.img.avito.st/image/1/1.r1B8MrawA7lKhYG0LkTiKm2SAbnMmwuzyg.RrzFHyRshd58KNCCxRum-vObeiL73AAt3M-uOZGUfNQ
3963428798	04	https://00.img.avito.st/image/1/1.WJLXlLaw9HvhI3Z269ET6MY09ntnPfxxYQ.rwIozE-QSGmJh4ZJBA9KoehmCPtgGuJqzXeMertzSL4
3963428798	05	https://00.img.avito.st/image/1/1.8BzZ27awXPXvbN74tYD4Y8h7XvVpclT_bw.AoYW5Xx8tMAZ5b1D39_4Dy_3SmRtZgaULARnJnr5OE0
3963428798	06	https://00.img.avito.st/image/1/1.yIYHlLawZG8xI-ZiG9OZ-RY0Zm-3PWxlsQ.1g9iMYGauiheGhbS51VLYBk0eoLPooEgjKCrrcVS1cY
3963428798	07	https://00.img.avito.st/image/1/1.NBm91bawmPCLYhr92Yk3Zqx1mvANfJD6Cw.th8EDkmHeTtVYLW4IUDoKY50SgpptiX-sWIxMYf0tNo
3963428798	08	https://00.img.avito.st/image/1/1.DihrQbawosFd9iDMexl_UnrhoMHb6KrL3Q.DQYSNOaa2OY70Ws8UaMBCNlKL22G_8hwstXF97kQMvs
3963428798	09	https://00.img.avito.st/image/1/1.2BzCjLawdPX0O_b4_qe6ZdMsdvVyJXz_dA.oXirRErJR6cdcswt-kMMre-13p8txgTIONTaKln-Ejk
2042962506	01	https://00.img.avito.st/image/1/1.8NzZobawXDXvFt44tdb3o8gBXjVpCFQ_bw.PRPVTZmv4U0c5L-2fEOf_MlYW2kOS5MFpmYU9F1UO8s
2042962506	02	https://00.img.avito.st/image/1/1.2Jzc77awdHXqWPZ44Pz24s1PdnVsRnx_ag.NohaybC_SnJoiwk4C1kifJ48hYaY_y7pTiOYcrXtoz8
2042962506	03	https://00.img.avito.st/image/1/1.BJz22LawqHXAbyp48vRj5ed4qnVGcaB_QA.MmcR_zLAdtoxXALubM9qdp8iXsjtvPYxUN9lwCA5YMU
2042962506	04	https://00.img.avito.st/image/1/1.z1AWorawY7kgFeG0BPWoKQcCYbmmC2uzoA.6Lrid9-YzxwpxK0rPJK3Zjk9rii8572uFIvsaCyZ7ls
2042962506	05	https://00.img.avito.st/image/1/1.iIRB17awJG13YKZgXf3i_VB3Jm3xfixn9w.1UIeOZdK938BteoqWMPLf1wmkHLKktStj3QvBEAxR1o
2042962506	06	https://00.img.avito.st/image/1/1.01cDWLawf7417_2zKTOZLRL4fb6z8Xe0tQ.VvWfSyYkBrgCVHwpvmfitWSmDINtHWSBnq3HnlJ8cRU
2042962506	07	https://00.img.avito.st/image/1/1.voRrH7awEm1dqJBgG3W6-3q_EG3bthpn3Q.LJJlc1GggUTIIDUN4APtfJDlrVtbcMYmidUKP7CyZ_M
2042962506	08	https://00.img.avito.st/image/1/1.3-wNP7awcwU7iPEIP2TIlByfcQW9lnsPuw.Jwz1k6Xz8OZMLyv3sJrcvmi1JSwu8Gg-0gz9_Hieq48
2042962506	09	https://00.img.avito.st/image/1/1.0RkPTbawffA5-v_9IVadYx7tf_C_5HX6uQ.nc6IU_TVpaTOU_-PjYieY5J3tyjN-fvB8i1M_puGYuc
7962255606	01	https://00.img.avito.st/image/1/1.41J8uLawT7tKD822Nq_2Km0YTbvMEUexyg.aNdFU2qPiPyJeRT5XH7-RBv6TlQENqYXOj1l_-ZZNrU
7962255606	02	https://00.img.avito.st/image/1/1.QtZqQ7aw7j9c9GwyYhpVrnvj7D_a6uY13A.ujpc9CRz-DfVcC0AgDEB1-IKbtxXon7UE9L-Y3C9TWw
7962255606	03	https://00.img.avito.st/image/1/1.g9AMzLawLzk6e600Bv7_qR1sLTm8ZSczug.aB2PYC3vU3NuQO4D9l8B8eiqKfX05QqbwMLN58RxbCE
7962255606	04	https://00.img.avito.st/image/1/1.9zANZrawW9k70dnUbwWHShzGWdm9z1PTuw.dfql2NbJB9Gtrf5dGYQ85in26e7omyYSJwiGp5St8Gg
7962255606	05	https://00.img.avito.st/image/1/1.QkZrkbaw7q9dJmyiY-w8P3ox7K_bOOal3Q.38OjJmcFEd_djKsadm_dQR2ab2bg7n2PtHc9_n7a3HQ
7962255606	06	https://00.img.avito.st/image/1/1.8JzZk7awXHXvJN54tcDx48gzXnVpOlR_bw.9qvy0x5hY4MrQkqKdcVNbz64R8t5SavtcPadGmHAEeY
7962255606	07	https://00.img.avito.st/image/1/1.djZ4HLaw2t9Oq1jSGDVkTmm82N_ItdLVzg.uTYdGrchUu6gBrhKWULEnGwH3i85cb4yTomGn0u3-5Y
7962255606	08	https://00.img.avito.st/image/1/1.EsZqSbawvi9c_jwiQhUAvnvpvC_a4LYl3A.PAmUPU71h7ugP4D-4zwHBUBp_fnixB-3zmBPLtbqLoI
7962255606	09	https://00.img.avito.st/image/1/1.XJyMdLaw8HW6w3J4uHVO5J3U8nU83fh_Og.TFYHaODltZIW0yDScFQpW_B1s0jon0naschFjqUQD_w
7962255606	10	https://00.img.avito.st/image/1/1.hq1rRrawKkRd8ahJawjL13rmKETb7yJO3Q.nemSFdjn8FzP7QkpSRyNHPPdi-ZGmN1J53BR3ZwuDRg
2939519843	01	https://00.img.avito.st/image/1/1.qQxEzbawBeVyeofoGouxdFVtB-X0ZA3v8g.L_mdx4TKI87FyveqrPm7pZ010s5b04lkHoRF1ejLIg8
2939519843	02	https://00.img.avito.st/image/1/1.sT8WzbawHdYgep_beJucQQdtH9amZBXcoA.t97zKqQ5XSaIpa5HsmRmVENK1GrHAVN0C6BVjBv9eMg
2939519843	03	https://00.img.avito.st/image/1/1.3c1Y2LawcSRub_Mpbp_BtUl4cyTocXku7g.Avkx26HwegDCoMpLqHuU2iwL8y5rtgzjQYH--IP1blA
2939519843	04	https://00.img.avito.st/image/1/1.oatYUrawDUJu5Y9PFgDS0UnyD0Lo-wVI7g.u81fEpcyjAGNWnezMC7HKfBS8ro9pcpXggVCyedEncw
2939519843	05	https://00.img.avito.st/image/1/1.8FzbNbawXLXtgt64twqlI8qVXrVrnFS_bQ.1L3hJw84sNsDst5UMEr1CumvP7qosZafTTlGY4L3wXw
2939519843	06	https://00.img.avito.st/image/1/1.X1DIwraw87n-dXG0-tdBL9li8bl4a_uzfg.f_RTcC6KFMVg2vewc4aFoCt1U3UAJMFuCs5FiQ5tdFM
2939519843	07	https://00.img.avito.st/image/1/1.jjjufrawItHYyaDc_kjzQf_eINFe1yrbWA.21NgL8fgpdU8T-ZzJcfmUN1q6vo8hHIPZO34NOWZKWg
2939519843	08	https://00.img.avito.st/image/1/1.fuJrcLaw0gtdx1AGGwEBm3rQ0Avb2doB3Q.YCndQ1yXEwaRJNQO0WT4JC7Si893GTENFTqeB_pvCWU
2939519843	09	https://00.img.avito.st/image/1/1.Sgn7f7aw5uDNyGTt4zpccerf5OBL1u7qTQ.sEAuy7XQ1YNhlIG29b6v_hJL7umbMcekRBrBnrUMSvU
2939519843	10	https://00.img.avito.st/image/1/1.FJDAB7awuHn2sDp05Cs77tGnunlwrrBzdg.BOJvwBRz9P0m--6X8pGmfFYBiA38AuqS_ngSVQiGwhY
4250605521	01	https://00.img.avito.st/image/1/1.VNfJ1Law-D7_Y3oz7f1Lr9h0-j55ffA0fw.VDSPvqCkp7vq8tjQeqtealHthmxNmJNvU6zsdcDhP6s
4250605521	02	https://00.img.avito.st/image/1/1.oF4UwLawDLcid466WM6xYk9hDrekaQS9og.zA9Cryx4sHucAR2MnGyGeTp1pCk1s5vjG6PKY32DX14
4250605521	03	https://00.img.avito.st/image/1/1.0-xS0rawfwVkZf0IeInNywlzfQXie3cP5A.L4Xi0CA6qW1Y_ksfwE5m0yJaLW6ljqNOX0Fv1Mp96R4
4250605521	04	https://00.img.avito.st/image/1/1.BadgP7awqU5WiCtDZic0mjueq07QlqFE1g.f1NP-Z0hMiIqhdHlpS-1Y2nwGbolIL8AuDzqRnZqPdg
4250605521	05	https://00.img.avito.st/image/1/1.i2VHlrawJ4xxIaWBXZyPWxw3JYz3Py-G8Q.6rRWZLaTQjuArVZ0x6_FaaCDalYCLNsSHOI79QCksAI
4250605521	06	https://00.img.avito.st/image/1/1.A1frOLawr77djy2z4VxzLfqYrb5bkae0XQ.-BCor7gG_hrIh7mkPPNhmNEARTyuMu8ctnVtHL5oP7I
4250605521	07	https://00.img.avito.st/image/1/1.d1ApkLaw27kfJ1m0S6FsKDgw2bmZOdOznw.FTAGVeCX8KmnBc_DdBKL6tLDxehAM9A2LlzrifzUl7Y
4250605521	08	https://00.img.avito.st/image/1/1.uYVHz7awFWxxeJdhOfnI_1ZvF2z3Zh1m8Q.Qf3GCofln6kcF2JqKh3nhu-amBUr44n0ieyKhz_aywU
4250605521	09	https://00.img.avito.st/image/1/1.mja7nrawNt-NKbTSg4T7T6o-NN8LNz7VDQ.jkM3-iWRTkEqS--9ne9ZtKHw3qYPvqz3OM7TNVvcpiM
4250605521	10	https://00.img.avito.st/image/1/1.U1EtFLaw_7gbo321BxFaLjy0_bidvfeymw.KieEt2SccTqYOD9zsfgQNpYVc_SDTu-KrvFbtckhWTo
3099140553	01	https://00.img.avito.st/image/1/1.l5JXGLawO3thr7l2dQ6X7Ua4OXvnsTNx4Q.hi1bQyFekXyGI0DUpIBOpGJ6EBjjVq-T03SX-8sNbyc
3099140553	02	https://00.img.avito.st/image/1/1.MD7B0LawnNf3Zx7ardAtRtBwntdxeZTddw.GAgyvaCSoVNyTz5IH0sN5cw1RCKRksvGm38KTnStNBg
3099140553	03	https://00.img.avito.st/image/1/1.f5ANPraw03k7iVF0fx9t6Bye0Xm9l9tzuw.wM0W1CStY9nOiEwXi909RTqP7CJ_5Wks9RZDwZ6xpbo
3099140553	04	https://00.img.avito.st/image/1/1.bJz6tLawwHXMA0J4rvUT5esUwnVKHch_TA.DdVaF87GP0kUOCzTyrt019YhUKc1InM-mH0ryTE82QA
3099140553	05	https://00.img.avito.st/image/1/1.O1wmeLawl7UQzxW4XDQ4IzfYlbWW0Z-_kA.MvXUssL09AkQYDY-LmqEIbz8j9qcB-qVythQ5rxjlr0
3099140553	06	https://00.img.avito.st/image/1/1.MyMNGrawn8o7rR3HZ1omWxy6ncq9s5fAuw.4ndYiYuiL5WdmSAF8w7MkqJQt2CsBynL5vrZNm0kBHA
3099140553	07	https://00.img.avito.st/image/1/1.AJLNVLawrHv74y52wTxI6Nz0rnt9_aRxew.Q9Z0Q1E_VSRYAkeqyPDnzusixe-HDIFTV5MgTlPn9ww
3099140553	08	https://00.img.avito.st/image/1/1.UoI7eLaw_msNz3xmE00B_SrY_GuL0fZhjQ.x3xSBedCxEM3p_MeCpSO3QQGcv4wNRyYLxZfzmTZmUM
3099140553	09	https://00.img.avito.st/image/1/1.VGGx1Law-IiHY3qFlYUnG6B0-ogBffCCBw.RfL34CKeMk0suXQg7PmR4Qfv0jW56oXfdWFBaUfuBKs
3099140553	10	https://00.img.avito.st/image/1/1.CBzZm7awpPXvLCb4xcMIY8g7pvVpMqz_bw.jFOA5QSaQieK7FmaUqLwaI_uNiXuRwZAz75F2ltFetw
4347340620	01	https://00.img.avito.st/image/1/1.D7oNzrawo1M7eSFeH7pdxRxuoVO9Z6tZuw.0lvYbSiXzqI09vQOp2tVTAadEHENbEpSoUk7YakQwB8
4347340620	02	https://00.img.avito.st/image/1/1.ZGDF1LawyInzY0qEgfEVGtR0yol1fcCDcw.lKVF7NX3LkZM-WoPlYrgJpTMMZrjDITrUFBElonezbY
4347340620	03	https://00.img.avito.st/image/1/1.iDKBzLawJNu3e6bWnYqUTZBsJtsxZSzRNw.KKyrT7sQ4DQLhiDof8GjhWe_OUxwqgQ2sGutuNf2Gt8
4347340620	04	https://00.img.avito.st/image/1/1.bJ0QmLawwHQmL0J5RPVH4wE4wnSgMch-pg.RupkXfVL56mmGNuEwTL6WVzTJBloMLp3fYE5UkEnLcM
4347340620	05	https://00.img.avito.st/image/1/1.MxiNGrawn_G7rR385yooYJy6nfE9s5f7Ow.e5QCwpvn1KvM2znjFlfHjaHvbjFAH4Tdql1fGSXOq_8
4347340620	06	https://00.img.avito.st/image/1/1.aja5Lrawxt-PmUTS4RsKT6iOxN8Jh87VDw.sIwUigc26Vf7_Ofr3VGrI89fMdIlIcvXyW9ZBtFY4MM
4347340620	07	https://00.img.avito.st/image/1/1.8JzZsLawXHXvB954tdP148gQXnVpGVR_bw.jHMeie359bBCCOCQk1C3MD5ynuR_mNfFmYJY73xWdsw
2171472726	01	https://00.img.avito.st/image/1/1.9CDBnrawWMn3KdrEpYHoWNA-WslxN1DDdw.vGWYv98hR3cwYqaOsmzXoqMGbrCO9C6yIT3zINI-zhE
2171472726	02	https://00.img.avito.st/image/1/1.0LEzAbawfFgFtv5VHw7ng2igfliDqHRShQ.snGVE97_8zvK5IVeN2TrePTi-FJacZMG-EpUyKX5o_s
2171472726	03	https://00.img.avito.st/image/1/1.5QYFfbawSe8zysviQ0axeRTdS--11EHlsw.TMJ4lrSYvivK01g9Mg8FmJjgo3pD44VoEccu-mP3K58
2171472726	04	https://00.img.avito.st/image/1/1.P1B9pLawk7lLExG0D_x0KmwEkbnNDZuzyw._PbyBX540761PK3nY6fNaXg3WD9CRGS37cD6MRXYaUo
2171472726	05	https://00.img.avito.st/image/1/1.Q7AKD7aw71k8uG1UAFIPyhuv7Vm6pudTvA.e0fFYvvXa61Qp_FSgURvxhKFKyDftPNm2nwHnwSe4IY
2171472726	06	https://00.img.avito.st/image/1/1.2NzFeLawdDXzz_Y4-R_EpNTYdjV10Xw_cw.jzrHqoxO1X7awRYrwS9M1U-2MrR8HvNOy3NMkNT_cFc
2171472726	07	https://00.img.avito.st/image/1/1.nJz07LawMHXCW7J4wPb_5eVMMnVERTh_Qg.cmuSsUlqx5LBs_47u9-nrSINUtkaZPGUVfCrIp4cKiw
2171472726	08	https://00.img.avito.st/image/1/1.liRlfrawOs1TybjARWSPXHTeOM3V1zLH0w.tUIam5kSc8j0Wn7uoxA8yvK_bWjFUt4-oGYXVr0Kcqk
4058680394	01	https://00.img.avito.st/image/1/1.UWXYd7aw_YzuwH-B9lJ-G8nX_4xo3vWGbg.ruiHCHH7b362GFxtDaDl4bFG6Vz81d9U0hLE_CCb50M
4058680394	02	https://00.img.avito.st/image/1/1.SRTYRLaw5f3u82fwxmlRbMnk5_1o7e33bg.01qIrfWG_3Yfmxm24KLyRxTgxIZ7E3pqk_WLRFj36EE
4058680394	03	https://00.img.avito.st/image/1/1.GtwbfrawtjUtyTQ4I0JmpQretDWr174_rQ.c_2JsstM0UQT9eAmPcSPlrh2vLp7wod_CmI_S3imVDA
4058680394	04	https://00.img.avito.st/image/1/1.SRNYUbaw5fpu5mf3RkABaUnx5_ro-O3w7g.rBaT0n86uXObAYfOt5SeTNH3k8Pb_pI2aQqDo4F1Aes
4058680394	05	https://00.img.avito.st/image/1/1.4jdNzrawTt57eczTBcH4T1xuTN79Z0bU-w.BnAnQXxbqpqUYwIbFknqmNFg-ecMluI65DjJKuNBOFc
4058680394	06	https://00.img.avito.st/image/1/1.ea9y2Law1UZEb1dLDNVZkyl510bCcd1MxA.Dp6ZPmktdhr5patmc87SfJ7Uk650IvSuxF7iFN95XSc
4058680394	07	https://00.img.avito.st/image/1/1.Q1AKDLaw77k8u220AC0PKhus7bm6peezvA.bWl6NOr1UVHM6aoYb0Fd-oML6X35yKyVoNncw0U_qOQ
4058680394	08	https://00.img.avito.st/image/1/1.yjaz3rawZt-FaeTSq9WvT6J-ZN8Dd27VBQ.RntUG1mtXgbp6UDTKpktOroMkeNY-oVMl2rTIx0Mopc
4763330516	01	https://00.img.avito.st/image/1/1._WjwTbawUYHG-tOMhjqZEeHtU4FA5FmLRg.tPm0CSL5NSMMAP3OopoF-nvBUaACk5cZ7RfbQZXBlv8
4763330516	02	https://00.img.avito.st/image/1/1.8pZrr7awXn9dGNxyA-ST73oPXH_bBlZ13Q.d6GLBYJBXcqoNASIE2rkslRU9VuM96sjybnHbQjktcs
4763330516	03	https://00.img.avito.st/image/1/1.JCjBKbawiMH3ngrMhT1WUtCJisFxgIDLdw.IyHOT1eo9y4qZY1suRVz5jsMqP9lCx930fK42qC2h6M
4763330516	04	https://00.img.avito.st/image/1/1.L7iHGLawg1GxrwFc1SwExpa4gVE3sYtbMQ.sJzS2zifIegDbET40XO-BjJlhHvXd6iBGWLizbMIji4
4763330516	05	https://00.img.avito.st/image/1/1.l5A_GLawO3kJr7l0HV6e7y64OXmPsTNziQ.gmH2gfmntJXW4RTzRNwUwUQPv46j1P6vg9h4ziGR9Tg
4763330516	06	https://00.img.avito.st/image/1/1.kJsB2rawPHI3bb5_LYTZ4RB6PnKxczR4tw.FmfCofLh05syTEFFKPt_EL_D9nO-BdBOqUjI7wGV7Rg
4763330516	07	https://00.img.avito.st/image/1/1.G9zNFrawtzX7oTU49y4xoty2tTV9v78_ew.eoBe1kgSKG_wWwtao__vjrrNcCJ8ZiUJNojha30KDPs
4763330516	08	https://00.img.avito.st/image/1/1.xjunfrawatKRyejfp22hQrbeaNIX12LYEQ.GExJL-Kt02pKwVoe8unqBZNADuTrJ8ebW9uaQwIRVs8
4763330516	09	https://00.img.avito.st/image/1/1.0QwDzbawfeU1ev_oLbLNdBJtf-WzZHXvtQ.nsJioL7sbrSEOk8HBsv9_ZZHVwgkTKgsyCKxFf3n43U
4763330516	10	https://00.img.avito.st/image/1/1._0uVGLawU6Kjr9Gv5wuYMoS4UaIlsVuoIw.JFOgGzIGMgNZ8AMxlj5D2qjFmUR6O-bPCgVZzkUOobM
2971450167	01	https://00.img.avito.st/image/1/1.OQxgTbawleVW-hfoHi0jdHHtl-XQ5J3v1g.RP1_bY931ej60hTg0jsTQM_jwAOF2MxVTLWEh1X6HAQ
2971450167	02	https://00.img.avito.st/image/1/1.ItZrrLawjj9dGwwyI7RCr3oMjD_bBYY13Q.3We25pxokp0EKIs5YuX_cfeD2TBs0TzxxtOX_E7zfPo
2971450167	03	https://00.img.avito.st/image/1/1.-NBUs7awVDliBNY0KNiY8A8SVjnkGlwz4g.qavxaHKmzYQibf51wlJw7J2dsbRJF8heouHqKm0QApA
2971450167	04	https://00.img.avito.st/image/1/1.WjWfvraw9typCXTRp68pT44e9NwvF_7WKQ.acWrEeXSG1bDBpi1VX7ILGeiSFvl5dkvik0pllpaqQ0
2971450167	05	https://00.img.avito.st/image/1/1.GxKnpLawt_uREzX2ndACNfwFtfsXDb_xEQ.ocvtRAQNr5gqiRWdfLA5XMWDpbMv_QpRluh2wU2obIs
2971450167	06	https://00.img.avito.st/image/1/1.ScRYUraw5S1u5WcgRns8vkny5y3o--0n7g.qouKGN-Oq21JAegUVQ5nvV2hBvdPXS1FjvRf20Dou7o
2971450167	07	https://00.img.avito.st/image/1/1.z1ApzrawY7kfeeG0O8HVKDhuYbmZZ2uznw.yv0Mos0o6rM0NQEVxOIzXJslH-zbpNUGYXmgghV3CwM
2971450167	08	https://00.img.avito.st/image/1/1.OJ-oVLawlHae4xZ71Gxc5rn0lnYY_Zx8Hg.l63aN2P467qbAUUMshX4EGAO2bpEWl8qVF7flIjtuU0
2971450167	09	https://00.img.avito.st/image/1/1.BJwjELawqHUVpyp4J3RI5jKwqnWTuaB_lQ.lbGPNqyGubRlS2NayPbsAYEUbSDEedUrDuDgzkHorOk
2971450167	10	https://00.img.avito.st/image/1/1.7HzBn7awQJX3KMKYldzyBNA_QpVxNkifdw.ZsDwVWRvG9dkJdGlv09kdbLIC_cf-8TIqDbLydzAtaA
7354186100	01	https://00.img.avito.st/image/1/1.HQ4oTrawsece-TPqHlYfcTnus-eY57ntng.AXlh5GgfijJFBxuQWNjaOM1TQYw91z_REenLQwsCBxs
7354186100	02	https://00.img.avito.st/image/1/1.3pprRrawcnNd8fB-W1WS4HrmcHPb73p53Q.y8-7W5durtTSkERU5tDtQh5piw2q5N3ZbBGD2QVHF7M
7354186100	03	https://00.img.avito.st/image/1/1.LIFchbawgGhqMgJlCLkevAckgmjsLIhi6g.GrXHvkCt0Z4rOTAG0BTiXFQG1-1VeyqTinHXxCxjFXs
7354186100	04	https://00.img.avito.st/image/1/1.fRVYO7aw0fxujFPxLhICbEmb0_zoktn27g.BexxLV5WIlgT1cKtcqmmPYz7mPvoWfY6XuzEAvn8QY0
7354186100	05	https://00.img.avito.st/image/1/1.SWPYRLaw5Yru82eHxlFWG8nk54po7e2Abg.v26N-LWtLDDzbQeRpw2l2oKQVgQjcLq4jIiaESfJHbY
7354186100	06	https://00.img.avito.st/image/1/1.T3XtGLaw45zbr2GR_3lRDfy44ZxdseuWWw.52P2cYQeugpfUI90FyGcJ8VnnKDK0XTelJkjeRHC8aw
7354186100	07	https://00.img.avito.st/image/1/1.YugLfrawzgE9yUwMQ0cEkRrezAG718YLvQ.5S5oWi1r0dIC6d1F0eiAK5ARLcgYV4KRy4DInfDJC1c
7354186100	08	https://00.img.avito.st/image/1/1.ZleLfrawyr69yUizy19gKJreyL4718K0PQ.IxsbTWzUtSYK0maaio0tW83KAObMAi_4TbvBUm2R7sA
4218597565	01	https://00.img.avito.st/image/1/1.9dVbW7awWTxt7NsxPRDqqkr7Wzzr8lE27Q.93MZoUP5bP7ouOsRPtvkLytWJsx0Jt09UTFuW2CqToU
4218597565	02	https://00.img.avito.st/image/1/1.XMtKfbaw8CJ8ynIvfnRC7BHc8iL61Pgo_A.gsWRx1e0_n0QGDiKLUBCeXdqsQ7i4bIIuAGYJkXgc-c
4218597565	03	https://00.img.avito.st/image/1/1.xNJp1LawaDtfY-o2bd_Qqnh0ajvZfWAx3w.61ZDkPkgX9pHD0o_lCixJzi04zd-JGnR6lf-aO3pL7Q
4218597565	04	https://00.img.avito.st/image/1/1.CNzcx7awpDXqcCY4wNMjos1npjVsbqw_ag.UgRg_IjV0KeTwNPwqHQjCKs1AhAyuJNcBmlZmNub2n4
4218597565	05	https://00.img.avito.st/image/1/1.EoZtybawvm9bfjxiRYVA-XxpvG_dYLZl2w.0kMbh9VX5KotFYVmSvCRxJRD2d5HR5nFAvmH1lYshF0
4218597565	06	https://00.img.avito.st/image/1/1.Baqen7awqUOoKCtOmNdKjMU-q0MuNqFJKA.vASEpQsngAmo5qrp5oNokV6NKg7P0YMwPt3GxjvpNB0
4218597565	07	https://00.img.avito.st/image/1/1.EBzZu7awvPXvDD749eMUY8gbvvVpErT_bw.PtdYsQBKJ9-PO4FO_QtqAKihCZ6YfIcz2EGgbMcEfj0
4218597565	08	https://00.img.avito.st/image/1/1.M4xtGbawn2Vbrh1oBzVN9Xy5nWXdsJdv2w.NTdoE9khSxB9iyagMhaee0yvxiTrh8JAn05dB5crBxo
4218597565	09	https://00.img.avito.st/image/1/1.rjYATrawAt82-YDSUCz-SRHuAN-w5wrVtg.mqSTuaKeHkDzLZkK-GUSoNMSgXm4rDsJJ3v5NZJvKMo
1883720987	01	https://00.img.avito.st/image/1/1.uuZqRbawFg9c8pQCEhOunnvlFA_a7B4F3A.1OxTWZDIiy2Ywtrb0SnJIrvGIR2HSt0Bl-hPF6V0vLs
1883720987	02	https://00.img.avito.st/image/1/1.AjXkLrawrtzSmSzR7FpMT_WOrNxUh6bWUg.bH-cWXhCKy7efd9mUh4oPk99kydO5YUym_cTzSB03-A
1883720987	03	https://00.img.avito.st/image/1/1.77INPLawQ1s7i8FWX1v1yhycQVu9lUtRuw.sE6XSn42Q8oXMLI7Wwnx4i3a66pd74E7QjZplS9JFYw
1883720987	04	https://00.img.avito.st/image/1/1.Ui87eLaw_sYNz3zLEw1XUCrY_MaL0fbMjQ.W37znKrNXxxluNsLpTMyxFCxbe2VfnpZtx2jBC_6xw8
1883720987	05	https://00.img.avito.st/image/1/1.ii-beLawJsatz6TLgyaPUIrYJMYr0S7MLQ.XGnsGg0Xw-sR_g2ec_TuMSqNv7lelfzZv6LgHFKT4Lk
1883720987	06	https://00.img.avito.st/image/1/1.G09tH7awt6ZbqDWrV1NVNXy_tabdtr-s2w.Qizh10knISJ1-MCskoVjawWq_RaiAD7wjAH271mp3mM
1883720987	07	https://00.img.avito.st/image/1/1.sjXjzrawHtzVeZzRi8D_T_JuHNxTZxbWVQ.o5zVdQfM1uS-MY3XgaBboYZLbnYT_2VhySi-7pxwRek
1883720987	08	https://00.img.avito.st/image/1/1.3ZVbTrawcXxt-fNxbSXX6kruc3zr53l27Q.DFRtX8GZr3yjQlltUrVjWQ2lRgcw0x8bETdgs8V5Mbg
1883720987	09	https://00.img.avito.st/image/1/1.njZnQrawMt9R9bDSVxD2T3biMN_X6zrV0Q.Sl4yOv-aWU1ZlKhwQ-aQlVtqiIsetV0g6WKrDQ0DxP0
1883720987	10	https://00.img.avito.st/image/1/1.4IHe1LawTGjoY85lkofK_890TmhufURiaA.lSoiJYNcRe5OXEZm-MlzoT7r38QJvgggpyLGe3Tj0uw
8122763238	01	https://00.img.avito.st/image/1/1.fOjABbaw0AH2slIMtFBXltGl0gFwrNgLdg.iZPd--zgJw5CxN9XHkrDGVG07LWV9GOnRsYs1Mmtf-U
8122763238	02	https://00.img.avito.st/image/1/1.BJyMKLawqHW6nyp4iHQW5J2IqnU8gaB_Og.1jXtTMEQZALH2OkloOmPutuCCFPu9Og-KkxcexnSTLM
8122763238	03	https://00.img.avito.st/image/1/1.FLTAULawuF325zpQ5FgVy9Hwul1w-bBXdg.hwEmPlC1OeJcoGrJbyCwtj70ASxLiXbaGO1wSKZXXIU
8122763238	04	https://00.img.avito.st/image/1/1.wJcB2rawbH43be5zDcWI7RB6bn6xc2R0tw.wTmGiE3L2GaRye4va-hLya8exCcT3FLLNA2KbWPI5W8
8122763238	05	https://00.img.avito.st/image/1/1.njYJv7awMt8_CLDSOZmBSRgfMN-5FjrVvw.FM0XzabEO8YjDKin0AYhdPE1Mu8k8UxX2l6o2A8DEbo
8122763238	06	https://00.img.avito.st/image/1/1.QQVEOraw7exyjW_hSiMPf1Wa7-z0k-Xm8g.nOZKifKhHHyidKnOalsMCBuJZlyVTz6rsdf_bJ4EaQY
8122763238	07	https://00.img.avito.st/image/1/1.vW1b4rawEYRtVZOJLfSbE0pCE4TrSxmO7Q.MpqAjxgtyo9D_Ei8KWjoyKB-l7MLdY2yb9ysA9h5t9I
7418896493	01	https://00.img.avito.st/image/1/1.Vg5Ffraw-udzyXjqZWcedFTe-Of11_Lt8w.mTVLam_hsv7764mMbyjJ3pzNm3UmXdIoM_GKp1-4L8s
7418896493	02	https://00.img.avito.st/image/1/1.Hg7SfrawsufkyTDq4jpSdMPesOdi17rtZA.HIzruZ36GS7L6I17flP3N9TKjaBwRRrpSPe4qe0MFcM
7418896493	03	https://00.img.avito.st/image/1/1.tJ1HuLawGHRxD5p5I_ax4lYYGnT3ERB-8Q.p4ZAhwZ82RZACpNCoftfMlq2JsvxETeE6EcJBd2wzGw
7418896493	04	https://00.img.avito.st/image/1/1.WRknzbaw9fARenf9GZAXYzZt9_CXZP36kQ.jFowMTimXyL3l7pW1MReM1wNGNT5f9HTVOq8kLjoIg8
7418896493	05	https://00.img.avito.st/image/1/1.usMsarawFioa3ZQnVHS5_XfLFCqcwx4gmg.Jts-ptu99it1j4YqccutGuTnhVKKV51JJVFomUajrtM
7418896493	06	https://00.img.avito.st/image/1/1.R0wNz7aw66U7eGmoD9YSMxxv6aW9ZuOvuw.y-wGa4856PRgErSXgyFb5-M_F5R_MbaeuFvTbYgl1e8
7418896493	07	https://00.img.avito.st/image/1/1.jiSRfrawIs2nyaDAgTSQXIDeIM0h1yrHJw.pI7aRfk7xW2hQE5Y46b5uefoNEEcmPLr6TwFjYuMIP4
7418896493	08	https://00.img.avito.st/image/1/1.jBkx1bawIPAHYqL9JYeOZiB1IvCBfCj6hw.Or9Wo_pEXOeko8D6sF0k_6IK4Pfk22lfvCZcMQJIxg4
7418896493	09	https://00.img.avito.st/image/1/1.tJwg-LawGHUWT5p4RPb_5jFYGnWQURB_lg.Pe5AQEM8QgMgT6NCU8SihIyuJu5Ws2oiW1X392gsI_8
7834078859	01	https://00.img.avito.st/image/1/1.liTYfrawOs3uybjA-BCKXMneOM1o1zLHbg.lVTAtZw1PjlhDqN6eBsIDPnXZPfQrSSGOWpGBkjH1hY
7834078859	02	https://00.img.avito.st/image/1/1.HiR7frawss1NyTDASx4HXGresM3L17rHzQ.uVPlruZk4qrnktS2vjyR7QCWC6vOF-N3GiW66sdvxcc
7834078859	03	https://00.img.avito.st/image/1/1.YVHYRLawzbju80-1lkF9Kcnkz7ho7cWybg.RNh7gCjNczN42oH9MlGziacp5lE77hkLnC0agVRfId0
7834078859	04	https://00.img.avito.st/image/1/1.VkIdfraw-qsryXimPQd8PAze-Kut1_Khqw.vWu9fGldofsVMEkvTlFPNBYanKJ0lMZ_W8R6cz_wen4
7834078859	05	https://00.img.avito.st/image/1/1.plevfrawCr6ZyYiz70yhKL7eCL4f1wK0GQ.xfB4Nq7SYsvxNJ7bJWQ62r17umm7DDZ0hjf-PupJdmI
7834078859	06	https://00.img.avito.st/image/1/1.JIzBnLawiGX3Kwpohaw99NA8imVxNYBvdw.Xfg9is0EGCcTZdJK4j_EZcureBWbH2y6ypKDrufUysw
2619248092	01	https://00.img.avito.st/image/1/1.bQUzVbawwewF4kPhZXgPfCL1w-yD_MnmhQ.HKKkgnMhLD7KiJOgeqX8bet7KjK9tO3e0D8wB07xIuo
2619248092	02	https://00.img.avito.st/image/1/1.-rv7fbawVlLNytRfgzq1werdVFJL1F5YTQ.RaW8ohwHI4PqVnhplRCptF-jRnCl9-phXFMeAAVa6-8
2619248092	03	https://00.img.avito.st/image/1/1.v0AN27awE6k7bJGkf9m6Pxx7Eam9chujuw.DMr4JS88ud9nhQCeGKUql15VtI43eAaHh7Lq6bdHe2o
2619248092	04	https://00.img.avito.st/image/1/1.2xAKB7awd_k8sPX0MEyVahundfm6rn_zvA.qtEGtAlnlQg1NYCnXlgSzYMA6cIeTcdXt7DCqccFxRM
2619248092	05	https://00.img.avito.st/image/1/1._W6wTbawUYeG-tOKxhqfF6HtU4cA5FmNBg.mZ-Me9xvHPyi4FBzcUVhdqqXolNF0oAh-BRc0qog_zo
2619248092	06	https://00.img.avito.st/image/1/1.w7ltH7awb1BbqO1dZxCww3y_bVDdtmda2w.J0AYrdyE_40Ljd5pq_3d5Smr0wCAeMly-sAK12GuTEE
2619248092	07	https://00.img.avito.st/image/1/1.HyBhGLaws8lXrzHEU2BXWnC4scnRsbvD1w.MhkL0cy8MWNW0CjTIqYdAKK7ur2oAR8LZ40ZAoJJZ-I
2619248092	08	https://00.img.avito.st/image/1/1.z1B92rawY7lLbeG0b_2FKmx6YbnNc2uzyw.OMqBexHlqDuV3MvO8SQwCpkhnxDlL2VlLRfnlo0XN30
2619248092	09	https://00.img.avito.st/image/1/1.xNL11LawaDvDY-o28cPRquR0ajtFfWAxQw.Yyv0vWShZAXwYf3-ouhFeD1Rhvyme3zZgGvxrOeEYEc
2619248092	10	https://00.img.avito.st/image/1/1.eNzCeraw1DX0zVY4vj8EpdPa1jVy09w_dA.Peexx2Ag0hLeBbU0mf-MXJpFw7YwX81wGeKyjUlQbyg
8218359005	01	https://00.img.avito.st/image/1/1.-ol7eLawVmBNz9RtAx-s9mrYVGDL0V5qzQ.iR3rNyqRaGJ8rbJEn6UXbwvpJxwfokCt61bVj3-vwH8
8218359005	02	https://00.img.avito.st/image/1/1.HyF_GLaws8hJrzHFTVxTW264scjPsbvCyQ.VGAPTIInYidAmlAHyRaJFs2eX0IQLXwY65LPQ-ia8jE
8218359005	03	https://00.img.avito.st/image/1/1.d1AQBLaw27kms1m0ch0KKQGk2bmgrdOzpg.FxWAA9y1FNE5GNYk-8Z-ws-zcCkW_4QjEDwEpqiWlEs
8218359005	04	https://00.img.avito.st/image/1/1.PjZUcLawkt9ixxDSJGhPTEXQkN_k2ZrV4g.ucwpqLi0rsFWmfgQWnRQ-C4HvP43DA00H4wcvuXu9_4
8218359005	05	https://00.img.avito.st/image/1/1.tJzxmLawGHXHL5p4lfbd5eA4GnVBMRB_Rw.reasNERyNO2hl6fMwRGNmY04sGeF6am8dNuY6cHp50I
8218359005	06	https://00.img.avito.st/image/1/1.hulrbLawKgBd26gNazKZkXrMKADbxSIK3Q.FRTtKKg37wOKley93HKeDQfXmGKN194nUvrwgVpvggE
8218359005	07	https://00.img.avito.st/image/1/1.-t3bfrawVjTtydQ5ozGGpMreVDRr114-bQ.gAyN_yAWtojKtd3s2VsDz_4SKeWiE6sjQK0ZPighqsE
8218359005	08	https://00.img.avito.st/image/1/1.kN3BzLawPDT3e7457f6RotBsPjRxZTQ-dw.Ce0uzTDUiqFCLt77jjETan-kYAX81z96-ezOuuPsxa8
8218359005	09	https://00.img.avito.st/image/1/1.mRqSTbawNfOk-rf-rD_sYIPtN_Mi5D35JA.wn0mRQmTJRP7-ZI0EiZZbB8McfA_nNPX2Nxc65C0xS4
8218359005	10	https://00.img.avito.st/image/1/1.RLjAU7aw6FH25GpcxFZDx9Hz6lFw-uBbdg.SsjWgiRyS8A8VDvTuScULtzWfjZsU7webGjZlWMH0aw
3834913131	01	https://00.img.avito.st/image/1/1.MMHBzLawnCj3ex4lrbwyvtBsnihxZZQidw.7UpmZtGkP_TZ_6_OPTfAXRFPtClB7_iPKjJISh91zUo
3834913131	02	https://00.img.avito.st/image/1/1.sQwKzbawHeU8ep_oZPutdBttH-W6ZBXvvA.fLpR709etMlWV0DYWkufOfrt4Gl_kAmLpyR_jNqcnZs
3834913131	03	https://00.img.avito.st/image/1/1.tQb7rbawGe_NGpvinf-feOoNG-9LBBHlTQ.z_R44AsOaoxq7S8oG4sBajIlQ-jUCrLTUrgW79cZCGI
3834913131	04	https://00.img.avito.st/image/1/1.1J1FMLaweHRzh_p5YXfU4lSQenT1mXB-8w.djiXrXnwHYC4a9zj9GkxWeNyd5rjm3J6XJM3qhh7Kq0
3834913131	05	https://00.img.avito.st/image/1/1.qIR6FLawBG1Mo4ZgJgq2-2u0Bm3KvQxnzA.5sYNmdZyL-ECPLKS2-J1ImQwJinyhLMchLVigYAEwIY
3834913131	06	https://00.img.avito.st/image/1/1.Vg6Dfraw-ue1yXjqo38YdJLe-Ocz1_LtNQ.64_f1z89ZPSBf3gacM14pGmMAA5GhOLcr71VuO1-sYQ
3834913131	07	https://00.img.avito.st/image/1/1.MYZYS7awnW9u_B9iNnNQ_0nrn2_o4pVl7g.Mysw5R3lfsAL6sHr0FLvkScv9yGlmOVZnqqfgUQoO9Y
3834913131	08	https://00.img.avito.st/image/1/1.kV5YUbawPbdu5r-6divdJEnxP7fo-DW97g.Yvh5lykG0K8IYFsdEMBclW6VoC9yyWkIdxJlf8p3FFg
3834913131	09	https://00.img.avito.st/image/1/1.ekZqWLaw1q9c71SiEmVgPnv41K_a8d6l3A.eKjopMHVrPQINCoWXFjNfEItFC_Ae0cRECrh6gPCFUA
3834913131	10	https://00.img.avito.st/image/1/1.-8utFrawVyKbodUv10HUtby2VSIdv18oGw.ZZ0K_gpJ2Qkq67Ob6c13De3i6x9rbBGJugao0mFAXn8
3675122802	01	https://00.img.avito.st/image/1/1.X1B8ULaw87lK53G0TmETKm3w8bnM-fuzyg.vnDWavoABO14QhjXeniX0oPJGUAoKGCA7lYjZ0lH8xo
3675122802	02	https://00.img.avito.st/image/1/1.q1JcGLawB7tqr4W2Bhq2Kk24BbvssQ-x6g.jQ1un6qIcV8VXZSiP3r-qjiI-meiJW2iF_NQQeuwW5U
3675122802	03	https://00.img.avito.st/image/1/1.-W1YfLawVYRuy9eJJh_mEkncV4To1V2O7g.R8fIce-OOsrmyP2AB22PvYnVaESYQV5PoR7PbCeyCS0
3675122802	04	https://00.img.avito.st/image/1/1.iHKB0LawJJu3Z6aWnZacCpBwJpsxeSyRNw.4vmMfKvLwNCxyb3xkUyeNbPorXFT3pecIHwFTRhLEMU
3675122802	05	https://00.img.avito.st/image/1/1.3mtrRrawcoJd8fCPWxGVEXrmcILb73qI3Q.AGafk4ILc4EA5-fP1kFQHH6H_OQwMvRK0VTHoL-VUPQ
3675122802	06	https://00.img.avito.st/image/1/1.hSVZirawKcxvPavBX7jLX0gqK8zpIyHG7w.Gg_YWI71Igv3asaan-91W6k2R1ZqKZ6NZVnT62HIgLs
3675122802	07	https://00.img.avito.st/image/1/1.m1J6eLawN7tMz7W2QDaPKmvYNbvK0T-xzA.4YJJOzcvTsxIpxivC_h1RTTNPOAc-T9Mt-nM5wbZvkc
3675122802	08	https://00.img.avito.st/image/1/1.xf0QTLawaRQm--sZFku0hwHsaxSg5WEepg.obytUfcekJ5dSsx23AAU_OpAWrsGdBUJvJzBEZ63leI
3675122802	09	https://00.img.avito.st/image/1/1.MwKtGrawn-ubrR3mx24uery6nesds5fhGw.8VwCt5KixoxCwRMwtq_nEOyaN8CS2lO5Hgz2J0p_EzU
3675122802	10	https://00.img.avito.st/image/1/1.ZDPZ1bawyNrvYkrXnewzTMh1ytppfMDQbw.WoTU-NBZdUCq5qmOAqgPcSimjTHKzFOKCme0GyznMEk
3962994871	01	https://00.img.avito.st/image/1/1.ErZtxrawvl9bcTxSRcZHyXxmvF_db7ZV2w.2YoNrJeYGUfnmZjmJoFCSgIPiKD2_f2Y7FlQBRG01IU
3962994871	02	https://00.img.avito.st/image/1/1.J_AN2Lawixk7bwkUT7gsjxx4iRm9cYMTuw.EYpxzOVDZodyzAkh22Y7shN4wDC_2mC9Ca9ySDluw6I
3962994871	03	https://00.img.avito.st/image/1/1.SVVYd7aw5bxuwGexRlZlK0nX57zo3u227g.wRkykc2hgoAcHFGPSs4oKrbFVz4eUTFPVAE5_CAhGw8
3962994871	04	https://00.img.avito.st/image/1/1.sjBsjrawHtlaOZzUBNC4T30uHNncJxbT2g.nN8n-_IuVsECx7pATcmsZxDrmzDbzH8CyDecXY6aT7Q
3962994871	05	https://00.img.avito.st/image/1/1.41wFuLawT7UzD824T4_oIxQYTbW1EUe_sw.9j902ag6Wi0HKXOuuN8B_5hc2fKnW3uyaCZ7m5KWbfY
3962994871	06	https://00.img.avito.st/image/1/1.nam8j7awMUCKOLNNis3wiecuM0AMJjlKCg.9TTpzXIRHWrppCF2KG59tpIUnib6o65JNssBIqLJJWU
3962994871	07	https://00.img.avito.st/image/1/1.OnOvq7awlpqZHBSX179RT_QKlJofAp6QGQ.jo6i7SlpQpAOo2anv_3L7NpPqzm8G0Y7o_CBJeFaRm4
3962994871	08	https://00.img.avito.st/image/1/1.JHTAe7awiJ32zAqQhDNyC9Hbip1w0oCXdg.uXIGEokbtLXMTWxngWUChp6WeU6Jzd8Pj_JAIYmX1YQ
3962994871	09	https://00.img.avito.st/image/1/1.RpZrCraw6n9dvWhyaytq6Hqq6H_bo-J13Q.FDlKmM9Fm34nEnW0AkPaxd1YZhsS3v8G02GLEEzwY3o
3962994871	10	https://00.img.avito.st/image/1/1.WIHglLaw9GjWI3Zl3KF1__E09mhQPfxiVg.mKUaFg1YkSW_IPWqvk6YLISYzprqqLACt5t1aZEuSvI
7545985900	01	https://00.img.avito.st/image/1/1.FITB4rawuG33VTpg5dpx_dBCum1xS7Bndw.fthk-HUQhKwqHg690SjkYCOikzCxXzAGI3E3j2lfh5E
7545985900	02	https://00.img.avito.st/image/1/1.pWzATbawCYX2-ouIhiPFFdHtC4Vw5AGPdg.1nAuc6w6ZZYaDYOFMY-CFUxPaKnNbJHdsn11xDRlNJk
7545985900	03	https://00.img.avito.st/image/1/1.PjZT1rawkt9lYRDSI9ZyTEJ2kN_jf5rV5Q.ox36JtIK-PbeF62lkKVzo434g_RSHcEL9O4BZewmU_0
7545985900	04	https://00.img.avito.st/image/1/1.M-6NGbawnwe7rh0K52lVl5y5nQc9sJcNOw.9KhVWcjn1ohCsBUru8-Kc7wY2XIRkbVne8F2jRnbjqk
7545985900	05	https://00.img.avito.st/image/1/1.kNeBzLawPD63e74zrdqQqJBsPj4xZTQ0Nw.NBJAK89-hvZWHk_D4xjCLmWPSlKVKwG_HK-c8HucOd8
7545985900	06	https://00.img.avito.st/image/1/1.kn2rebawPpSdzryZgyu-A7rZPJQb0DaeHQ.veQGXYeuIKr78L1WHA4OYukcnrSRBhQ9cMvN_KCTDEo
7545985900	07	https://00.img.avito.st/image/1/1.ajaGHrawxt-wqUTS3mcVT5e-xN82t87VMA.NAj5h0On51epqrzlNf-r-DdKuBis8FOracRua_ero08
7545985900	08	https://00.img.avito.st/image/1/1.djZlpraw2t9TEVjSBecJT3QG2N_VD9LV0w.TG7xJwM7uVSkqDktXRe6fKV0mNOQ_uXOBivFpHTaxKg
7545985900	09	https://00.img.avito.st/image/1/1.LZoQTbawgXMm-gN-Rkk74gHtg3Og5Il5pg.zBc5Xp7cg1A9Lnj7hOtab0XfJsHWiPwPm6jEkTa6IOc
7545985900	10	https://00.img.avito.st/image/1/1.mjBE7rawNtlyWbTUfKiET1VONNn0Rz7T8g.PEUBqOFgbsbwItyJhY1GZ5qbM6lMtF2MSr7NYrGg4PY
7866871616	01	https://00.img.avito.st/image/1/1.V3TfGLaw-53pr3mQ_R1NDM64-Z1vsfOXaQ.DIZykBs1bR3dKt8X6Kje45oaHQZszByd_jbg0gi2Ca8
7866871616	02	https://00.img.avito.st/image/1/1.YNNB17awzDp3YE43DY4AqlB3zjrxfsQw9w.GlzVeSjkhsPQiem4HCWrJyF8EuVTDAXhFzEoD586tmQ
7866871616	03	https://00.img.avito.st/image/1/1.LjsRfrawgtInyQDfQTZMQgDegNKh14rYpw.knscfiXmHpszWQK9Gs2VNON8sXJEqx3AO2u9Se6BDDE
7866871616	04	https://00.img.avito.st/image/1/1.ooureLawDmKdz4xv4yr19LrYDGIb0QZoHQ.Oa_XoMp7WY1PdefNvtjXAQYKGG5fdXtYLEMtnSAPtPk
7866871616	05	https://00.img.avito.st/image/1/1.PJyIPLawkHW-ixJ4_HQm5JmcknU4lZh_Pg.KKZNK7oNRGILXWR_Xy-idXVpU5ht3jcX3w8N1Jnro9U
7866871616	06	https://00.img.avito.st/image/1/1.tJw90LawGHULZ5p4WfbF5ixwGnWNeRB_iw.S49ZPOkmJ3b3WxgPl4uaYM2pxqSW7JVIhoLizg6xv6w
7866871616	07	https://00.img.avito.st/image/1/1.bJw8rLawwHUKG0J4aPUf5i0MwnWMBch_ig.o-r-1ff02sXpiS_-qR1oG9fV6M1UA2989vkYQEdTxNA
7866871616	08	https://00.img.avito.st/image/1/1.41wheLawT7UXz824a1fhIzDYTbWR0Ue_lw.j863mcqNSkj1gpgme4VhfgeQiBoUwv8QlmNbwDBMRAg
7866871616	09	https://00.img.avito.st/image/1/1.yjaG3rawZt-waeTSnpW1T5d-ZN82d27VMA.m9idWugFt4uCAYh-wmgtnOlIlgIbENdlLXfPB0eCxTQ
7866871616	10	https://00.img.avito.st/image/1/1.Ly4pGLawg8cfrwHKe3BeVDi4gceZsYvNnw.IbOdRLzaAfv7wQIpxB6FUvN7aOqsUFViSZhr9B_EUmM
2011841676	01	https://00.img.avito.st/image/1/1.YORBzLawzA13e04ADeVmm1Bszg3xZcQH9w.NT4heI_klsJBjO72ZHi8j3yiugbWQqgq1Q3dOacs11E
2011841676	02	https://00.img.avito.st/image/1/1.oHpB27awDJN3bI6eDZHVAFB7DpPxcgSZ9w.9klS7hiQLwgUx8ww_ABPk1VHSLZogy8y9ARpde-Oqi0
2011841676	03	https://00.img.avito.st/image/1/1.hRVYPrawKfxuiavxXhT_bEmeK_zolyH27g.oVrM-wkukZpxAf1gpVw83hgypYpv8WIgEB9_Q8jHrVw
2011841676	04	https://00.img.avito.st/image/1/1.SR9YUbaw5fZu5mf7RiABZUnx5_bo-O387g.bPdc406eDVjKiSjXNdJWsFqz9kc1tvc4we-enoawyxs
2011841676	05	https://00.img.avito.st/image/1/1.TKsp1Law4EIfY2JPPZ0q0jh04kKZfehInw.wbWIt9IYwUZCuiUUqn6vXgNCMLv0L1NfEZerZSpSAf0
2011841676	06	https://00.img.avito.st/image/1/1.DEjBKLawoKH3nyKs1Vx8MtCIoqFxgairdw.blQe0ykzfy-VD0vTzsE2zG5n-WjIcRq1OIYdXNt7qC4
2011841676	07	https://00.img.avito.st/image/1/1.-h9rf7awVvZdyNT7ExznZ3rfVPbb1l783Q.eKp2yktAWQlTN_pxlJsc-FzuOqkP0CMvohrQJnFNhWw
2011841676	08	https://00.img.avito.st/image/1/1.944N2rawW2c7bdlqb8X18Rx6WWe9c1Ntuw.qRVVoxlgCsM5Vz88Bzhyj8cbsu_WIaI2MXcTWb2N11w
2011841676	09	https://00.img.avito.st/image/1/1.tjYJk7awGt8_JJjSaYWoSRgzGN-5OhLVvw.C-hlHD0g-5pe5zH_Gaq5XxSx2pjTk80PQTBo6YPVHW8
2011841676	10	https://00.img.avito.st/image/1/1.sQNTzbawHeplep_nPbPYekJtH-rjZBXg5Q.nK4tXBcuz8KfXly8b-V3O0yjfxB9h50AxcXG1Nc8DDg
3834658923	01	https://00.img.avito.st/image/1/1.c1cf-Law374pT12zdYU-LQ5Y3b6vUde0qQ.VOl512AaVpd6rKq4mmxUeHaNG1BBkc8pCplhpL7chIs
3834658923	02	https://00.img.avito.st/image/1/1.d1AXwraw27khdVm0ddcVKQZi2bmna9OzoQ.ysWBtVqwAZWfNdKVmikG7ndPqMKrkr9D5NIoV95XTAk
3834658923	03	https://00.img.avito.st/image/1/1.m1GteLawN7ibz7W1l1b6KLzYNbgd0T-yGw._kF1g6CG4ZAc4oxFlk9rtvR7B2dLI80qpXc_0YohMIg
3834658923	04	https://00.img.avito.st/image/1/1.htg-xLawKjEIc6g8Pt7Y-mVlKDGObSI7iA.5DFg9fUZgMoQUwpM9PbTh6fmSZNRcN4XxQS4Y9gyqGE
3834658923	05	https://00.img.avito.st/image/1/1.jiXFfrawIszzyaDB1WSaXdTeIMx11yrGcw.Y09CW1wdWm5-mmcTpa43Z0YM6NUpG798zRkSZIVtvm8
3834658923	06	https://00.img.avito.st/image/1/1.TjtYfraw4tJuyWDfSBMuQkne4NLo1-rY7g.F3pLLn0WAq_hP5fm6a2NysW3OFrtqsyrmaE9ftreq-w
3834658923	07	https://00.img.avito.st/image/1/1.uQVt-LawFexbT5fhE_LrenxYF-zdUR3m2w.jM7dbUemBTtw-q4je6v5AH5tsyV-cFihQjNNAPXBw8U
3834658923	08	https://00.img.avito.st/image/1/1.JtprH7awijNdqAg-Kw8gpXq_iDPbtoI53Q.EGGKytXrRdns3vhxxWhpsnfBmm3m59ZlWBF45a5uITY
3834658923	09	https://00.img.avito.st/image/1/1.DMzB4LawoCX3VyIo1ZBttdBAoiVxSagvdw.TZtH0D3-sh6FUNleGoqCOThjAW2lNo4DfHj-r3DFbcI
7610696484	01	https://00.img.avito.st/image/1/1.dJ1ICLaw2HR-v1p5LHVu4lmo2nT4odB-_g.Ll9khU4k7P0YGJXVRluz_n7pzRo_5z9hdyFzPE6HV6Y
7610696484	02	https://00.img.avito.st/image/1/1.3-al-rawcw-TTfECl7Xc2P5bcQ8VU3sFEw.p5NekI2_Ezr64kNNpPZ2M0o9EYuX_GaXU-yzRJYjODI
7610696484	03	https://00.img.avito.st/image/1/1.X_iD_raw8xG1SXEcsZNtxdhf8REzV_sbNQ.hkwvem5CXsHycGoRZ_nO1qP6j2CtVODkiBLc9gp-Vsw
7610696484	04	https://00.img.avito.st/image/1/1.HiREfrawss1yyTDAdGIGXFXesM3017rH8g.yF9fcPMgeVGj9vzK7sbgHz58AnMQih4RtQqbxIceyXs
7610696484	05	https://00.img.avito.st/image/1/1.idPYfbawJTruyqc3xmuNrMndJzpo1C0wbg.tXQfKmUA_q_OWtmKK5jRZFf01qNku0T1rqvoweOuVok
7610696484	06	https://00.img.avito.st/image/1/1.yRkcTbawZfAq-uf9Ak6EYw3tZ_Cs5G36qg.3MT66JkdY16Wzqu19r-x5DY5IdQjcyhawdjPrELUrII
7610696484	07	https://00.img.avito.st/image/1/1.29APVLawdzk54_U0NWfBqB70dTm__X8zuQ.LW1ek9UiLNoUiSWejftbTUdUlMCsbqVl0k3KZBWp1aE
7610696484	08	https://00.img.avito.st/image/1/1.l965sLawOzePB7k6m_qk4-IROTcJGTM9Dw.Mtr8XuM1e9QSIgPsmsRQjMobFGsTMn34UiREIGfHl5Y
7610696484	09	https://00.img.avito.st/image/1/1.7c_65rawQSbMUcMrrKHP86FHQyZKT0ksTA.OayiVK3NqKQ2wiXR1gu93ixHoBM2v11QZ-IWJjL-Z0c
7610696484	10	https://00.img.avito.st/image/1/1.cjBMDraw3tl6uVzUJHNoT12u3Nn8p9bT-g.A8qwEfZUvPc1o-y4JaMiwB7BTE97L6TD4nloajzpkEc
7226306405	01	https://00.img.avito.st/image/1/1.g9ABMbawLzk3hq00CyOArxCRLTmxmCcztw.qzqSLs4RWRbDbpnV6wQICr5ADcb3VAlMZFi2cLurHKc
7226306405	02	https://00.img.avito.st/image/1/1.hu1rRrawKgRd8agJawjJl3rmKATb7yIO3Q.P9lNzTnz38yehaWpa-guRi73BZjGawwRf3MLUx9rK7I
7226306405	03	https://00.img.avito.st/image/1/1.6_AMv7awRxk6CMUUVuiLiR0fRRm8Fk8Tug.JXjMM_1PATxRd69hXzjceMSh-zlcExXk4tRKuycPLN8
7226306405	04	https://00.img.avito.st/image/1/1.tJ1tbLawGHRb25p5CXbk4nzMGnTdxRB-2w.4_DxP50HlE7FyKi8QRtu8XAG6zWpiD_F7Ho45cYtjyI
7226306405	05	https://00.img.avito.st/image/1/1.wBVB0LawbPx3Z-7xTevYbVBwbvzxeWT29w._EyyTFmfcHsysd3YZr_67RUz7igNd05dDwBY_VNdr4I
7226306405	06	https://00.img.avito.st/image/1/1.k0ttH7awP6JbqL2vR1HcMXy_PaLdtjeo2w.oOYatbM8OljYfqYd5H4OqOyqixfnGGE4H4Sp7AARg68
7226306405	07	https://00.img.avito.st/image/1/1.MU5YSrawnadu_R-qNjJMN0nqn6fo45Wt7g.s8qsMkzt-zjACyMpG115tQOx0s8axGE_C0LdtHfXQ9s
7226306405	08	https://00.img.avito.st/image/1/1.0T9PzbawfdZ5ev_bYdL5QV5tf9b_ZHXc-Q.6UjwRIyx5tFEb9Zkuqxjk0DIlk4vn8sp6jQ6iAQ6mLE
7226306405	09	https://00.img.avito.st/image/1/1.iCOBzLawJMq3e6bHnZqWXJBsJsoxZSzANw.lU3AzxHHh39JD0bqAQsZYXAqKSHvUKp_UfsLBNcSrac
7226306405	10	https://00.img.avito.st/image/1/1._5J_GLawU3tJr9F2DV__7W64UXvPsVtxyQ.K0wJBvHw_z59GLqnQLRdaTa0aGNxu_QnaNKY8omJ3Rk
7994300121	01	https://00.img.avito.st/image/1/1.NBZ91bawmP9LYhryGckoaWx1mv_NfJD1yw._oWLpChO6Ws1MBoNjmn07VmpCf7XMcFQr8qm0cUp4g4
7994300121	02	https://00.img.avito.st/image/1/1.S5jtGbaw53HbrmV89yQw4fy55XFdsO97Ww.HoVW7mMTYzWo30un1qi76cXeXYdvAIdHnjE3LH7GToQ
7994300121	03	https://00.img.avito.st/image/1/1.tJ0T1LawGHQlY5p5d_aZ4wJ0GnSjfRB-pQ.ZwssP3YQM58L5syBW82mJAKIR5s9qO8xw7ovKzX3GVY
7994300121	04	https://00.img.avito.st/image/1/1.8Fzc_bawXLXqSt64sMLcIs1dXrVsVFS_ag.j0deSWL42jScPSkqRHNVKsrCoA5GqjOIH6mGvpebDuI
7994300121	05	https://00.img.avito.st/image/1/1.2vZrrLawdh9dG_QSU7-6j3oMdB_bBX4V3Q._BwVhCN3cSy-lXqEQ-qV8mBq3izuuCnw19XKZjkvSew
7994300121	06	https://00.img.avito.st/image/1/1._ZngTbawUXDW-tN9ljLo4fHtU3BQ5Fl6Vg.pOz4O_uHUqWPHDO2l6LTsepM44hBLm-Nswsvm_qEWvU
7994300121	07	https://00.img.avito.st/image/1/1.MFTB0LawnL33Zx6wrfAgLNBwnr1xeZS3dw.W8vMGg0zi7bero2L3yxAkkr-z6YBycLuAiTIyX6qPCw
7994300121	08	https://00.img.avito.st/image/1/1.YdXYfbawzTzuyk8xllhlqsndzzxo1MU2bg.Wts_vwkZ7WOPbTsBOh2puWPPqffLbiqqEwXf8oGhI5w
7994300121	09	https://00.img.avito.st/image/1/1.g3AMybawL5k6fq2UBs_-CR1pLZm8YCeTug.hgcMVv_1VoYvgV9qL4VVdKRXrDcU8pZnLmxDdWFp0uQ
7994300121	10	https://00.img.avito.st/image/1/1._ldcfrawUr5qydCzLAH-KE3eUL7s11q06g.xZGf267TAGBbwWsMWqVxH-I58UjiOe35DyZ7xtIkBNQ
2011902176	01	https://00.img.avito.st/image/1/1.SitbeLaw5sJtz2TPQxVNVErY5MLr0e7I7Q.b33EZIbQg85kihszo8GrQj8ANvj1JKyYQkXOYI0Rh1s
2011902176	02	https://00.img.avito.st/image/1/1.sjaoPrawHt-eiZzSwEzaT7meHN8YlxbVHg.EoBQSUhtCwSFsu-UEXwHiLtWJzuthJqvDRRA03gBKyQ
2011902176	03	https://00.img.avito.st/image/1/1.jcIITLawISs--6MmHkbDuBnsIyu45Skhvg.4pDSZrUlK5m1ZnFhuS7nWlYPnBWcaP-YmsBPxG8NyDo
2011902176	04	https://00.img.avito.st/image/1/1.3yINArawc8s7tfHGP0W_Wxyiccu9q3vBuw.kvPKkBtzPPlynOAT_ipaUYbgQHSZKHNUgEyr7QY5TxY
2011902176	05	https://00.img.avito.st/image/1/1.h6INP7awK0s7iKlGD3mR2hyfKUu9liNBuw.49xcrUUbDAxxC_vKzQN0gSKrLmlTfhVqxtedosmlS5Q
2011902176	06	https://00.img.avito.st/image/1/1.67qHerawR1OxzcVe3QX6htzbRVM3009ZMQ.zOiwa7DCOjAuV5qf-trfXpG0bYQ84_acDZI_KdCIAj8
2331714530	01	https://00.img.avito.st/image/1/1.aITFlLawxG3zI0ZgmfFh-9Q0xm11Pcxncw.6xPg5VaohqarYeNAI21o4QnlZqU-jXEqkK0iex3M5-E
2331714530	02	https://00.img.avito.st/image/1/1.Wn0Re7aw9pQnzHSZKVpuT0ra9JSh0v6epw.XZYQS3r6F2HAZFm_dQztEJPqjU0m-qPtKmb3W9SvKEE
2331714530	03	https://00.img.avito.st/image/1/1.uQVew7awFexodJfhIJHYfE9jF-zuah3m6A.7AfWhhxyUzysIHWBbASOat7huPEJ9YMiKOs0mgSZQlM
2331714530	04	https://00.img.avito.st/image/1/1.mRk0zbawNfACerf9CovWYyVtN_CEZD36gg.YB3Me38eUzsqJKhgXHkd1L0uL7R8B82r2l9bGraayew
2331714530	05	https://00.img.avito.st/image/1/1.ZNOp1LawyDqfY0o37Z1zq7h0yjoZfcAwHw.p1xNty2rw8a_aC5OsUkKIO1a8VXjSHrMy_K0O2RfINA
2331714530	06	https://00.img.avito.st/image/1/1.iOOUs7awJAqiBKYHiOXuw88SJgokGiwAIg.xMOctbrs18CHahoVEEWB2DEpDgsdgFenBPuir9GXsVg
2331714530	07	https://00.img.avito.st/image/1/1.lGHl1LawOIjTY7qFwdLnG_R0OohVfTCCUw.oKjSSFLWFZArXDQHt-TO0djJJOsYFJblmCy1IlbBKoM
2331714530	08	https://00.img.avito.st/image/1/1.QmMuTraw7ooY-WyHJntTX3Xv7Iqe5-aAmA.smC5-9Lsvt3OWMrt17G5KxJaQcpPwpCaBI_w6z2QCMM
3035593714	01	https://00.img.avito.st/image/1/1.fVVY3baw0bxualOxLtRkLUl907zodNm27g.UUq_wOpnBN0FKY2CJSNf1ikLGAMqrlV0TToXPxKFp1k
3035593714	02	https://00.img.avito.st/image/1/1.e_AMoraw1xk6FVUUdtcciR0C1Rm8C98Tug.VRZOGopiDR2r934Yh3XbI7WrkcGD6CpL0vsTd6TWirM
3035593714	03	https://00.img.avito.st/image/1/1.yja4TrawZt-O-eTSoCGqT6nuZN8I527VDg.VanM5waMC8sRwigXyAHGQSpPgb8hDfC4-uyMaBdr-Hw
3035593714	04	https://00.img.avito.st/image/1/1.Q3AMq7aw75k6HG2UBu4mCR0L7Zm8AueTug.jXZrgUQGfTb1PiFaSvyhJxIvsYFaoT8uDDodX612Too
3035593714	05	https://00.img.avito.st/image/1/1.5jZm9rawSt9QQcjSJvWDT3dWSN_WX0LV0A.8g9GNgc2U1cnRwYiIvO5ESLPlmf5smNqU5xqidE69mU
3035593714	06	https://00.img.avito.st/image/1/1.yjDUzrawZtnieeTUzIGcT8VuZNlkZ27TYg.zNQV5Ws-h-Splz4zNoeSwrX5A6cw-dIvK3wnOAMmeXA
3035593714	07	https://00.img.avito.st/image/1/1.1jZloLawet9TF_jSRfupT3QAeN_VCXLV0w.Ddjb0abiMMI64Rw1l8C4f29pUcmI6gqPeOwIta-fdFA
3035593714	08	https://00.img.avito.st/image/1/1.EkZrp7awvq9dEDyiQ9t3P3oHvK_bDral3Q.ZIZtfboLvlLE1T2R2mAra8WEXz-FM3ybUFPJkPHX2fw
3035593714	09	https://00.img.avito.st/image/1/1.DV1YxbawobRuciO5TskMJUllo7TobKm-7g.0i3P-yFLBZe-XRgMXAhsxNLIwvtEpKcGqD8zMmRuFZ4
3035593714	10	https://00.img.avito.st/image/1/1.ljt_frawOtJJybjfXwz3Qm7eONLP1zLYyQ.pSWqrWyj4G2m3jW0ok3TzWM4dpTOX9TefxAlpNvuhY8
7354106613	01	https://00.img.avito.st/image/1/1.z1B8yLawY7lKf-G0bsuBKm1oYbnMYWuzyg.yc7POv-SbH2OaTJIi277kioFc8Oat55mMZCBNK331Jk
7354106613	02	https://00.img.avito.st/image/1/1.T4YhGLaw428Xr2FiM2Ee-TC44W-Rsetllw.yvqnCn0ktnEq8YmW8S--x9Dyi7bMf5A5KgGCA8v9r_A
7354106613	03	https://00.img.avito.st/image/1/1.O1GxmLawl7iHLxW1y6hdKKA4lbgBMZ-yBw.HiPk2vfANGMhuYE1Dfaw8xSoLuCyQobCCsu17oAWTzw
7354106613	04	https://00.img.avito.st/image/1/1.FnprFbawupNdojieSwVFBXq1uJPbvLKZ3Q.YQ3v3CSblappTr3WOLqG3HC0BlDnrGR7_P7dTUrqz_8
7354106613	05	https://00.img.avito.st/image/1/1.O1cQuLawl74mDxWzaqx1LQEYlb6gEZ-0pg.XlZ1Jpsv-GGtLnjL93HxbNQjEFSr71q6muIdUe1Awao
7354106613	06	https://00.img.avito.st/image/1/1.h1ANPbawK7k7iqm0Dx-aKBydKbm9lCOzuw.0MPXBi8Sa5ggtaBcAJKDbMgmeGeqo-BkCUTyPNxNZKM
7354106613	07	https://00.img.avito.st/image/1/1.pywzGLawC8UFr4nIcUbeViK4CcWDsQPPhQ.XuCAAUI7p4GN3VpOb_9-7aZzneLZ-0o9Picd3t2XPJI
7354106613	08	https://00.img.avito.st/image/1/1.aTDSTbawxdnk-kfUjDw4T8Ptx9li5M3TZA.qv2h-GGud3S3gyXggFM3CAdrPpAsskYVrD_ldPCF28k
7354106613	09	https://00.img.avito.st/image/1/1.sJhJFLawHHF_o558JTqo4Fi0HnH5vRR7_w._6HakEw9EionqfhDTwdhUIhp3GTUzo62xdIViQtGtVM
7354106613	10	https://00.img.avito.st/image/1/1.yjdW3rawZt5gaeTTTpXdT0d-ZN7md27U4A.4XIeCZoNS8W4g95UaPlO5QM-uh3dlp22Hegmxd6Mzhc
3067108949	01	https://00.img.avito.st/image/1/1.EjZtV7awvt9b4DzSRTcPSXz3vN_d_rbV2w.m25X90bhRxugyxDsNK20MEA6ZGZE6J_RMAE_2WF37Uc
3067108949	02	https://00.img.avito.st/image/1/1.UOsUqLaw_AIiH34POPVXzU8J_gKkAfQIog.JPub-YtuBMwhk1CxgHKX-gzbMRKoY0as8lLYfX2jBkM
3067108949	03	https://00.img.avito.st/image/1/1.lg7RfrawOufnybjq8TTadMDeOOdh1zLtZw.VOz9NzwsQXaTxoMNFopq5jS9oDm0WzEbStlm5zqGqMo
3067108949	04	https://00.img.avito.st/image/1/1.YRhYUbawzfFu5k_8FhgpYknxz_Ho-MX77g.PFw8E-Xyr8oLtXDs8RDHbPiNtfV84SxH9KYS99Tb4Mc
3067108949	05	https://00.img.avito.st/image/1/1.2QVH17awdexxYPfheaSpf1Z3d-z3fn3m8Q.Q4I8cc0bXQrPYdsMec7aOqpz7ST8rQI5FUaHKuxSEdE
3067108949	06	https://00.img.avito.st/image/1/1.PmOJGLawkoq_rxCH-SAkRNK5kIo5sZqAPw.D43gMtMlt4SceDRI0S7leuaIUHML9A2Hn8_PwvkKe-E
3067108949	07	https://00.img.avito.st/image/1/1.F64NPrawu0c7iTlKL2IF1hyeuUe9l7NNuw.ZfsZte7LD8K6fjnwI52sjUc3ovbuykVWfp8Dx190ASQ
3067108949	08	https://00.img.avito.st/image/1/1.Ojawnrawlt-GKRTSyMZeT6E-lN8AN57VBg.DzpvDli3COEOS0XZ-2DnWNKxPsOsl9Bex7-Z1Vyi7i0
3067108949	09	https://00.img.avito.st/image/1/1.vSVZjbawEcxvOpPBL7_0X0gtE8zpJBnG7w.kuglewSmX6BSc4HeFXGiul8sUwItDaTGYRpugWNY3vY
3067108949	10	https://00.img.avito.st/image/1/1.QNzCo7aw7DX0FG44zvYnpdMD7jVyCuQ_dA.ctkwrcOWfeOuAw_i_HrpCbzYJ4eotVQOPiu6mZrX_pM
7674480740	01	https://00.img.avito.st/image/1/1.gJzP27awLHX5bK54w4nI5t57LnV_ciR_eQ.Z2ZgtsMUjx5YspD18SohC2WiR5iz5Hf3LDPWVtWLFJs
7674480740	02	https://00.img.avito.st/image/1/1.AJLI1LawrHv-Yy52xORI6Nl0rnt4faRxfg.4xAqapQN0IzFG16M6mikbHETgzpkfc_Mr_kqFbpq7hI
7674480740	03	https://00.img.avito.st/image/1/1.UiVrf7aw_sxdyHzBQx5SXXrf_Mzb1vbG3Q.KUy-cHLVpCc2-J91i2WOIY64tg08VlU6qE74hOifzFE
7674480740	04	https://00.img.avito.st/image/1/1.mQy2TbawNeWA-rfoiB-OdKftN-UG5D3vAA.hm_4sgEUmRlRXdOJF99RKzUn9e0AQTdBsrG47PXB_CI
7674480740	05	https://00.img.avito.st/image/1/1.xHtd1LawaJJrY-qfWeuCAUx0apLtfWCY6w.hrT_83F1VseH_dNWonilpwCGnl6X1c18x3IN6g03JSg
7674480740	06	https://00.img.avito.st/image/1/1.O1J4uLawl7tODxW2AqwvKmkYlbvIEZ-xzg.H3NVfXxnxEoW6anb4jQaXzUSbp5V7MFO1bmFk0SNdtE
7674480740	07	https://00.img.avito.st/image/1/1.vLDBKLawEFn3n5JUtSbNytCIEllxgRhTdw.kxpSHMfi3Cn5SCMYlfc2W8PwXz4hwr7CfWFj0ZXefx0
7674480740	08	https://00.img.avito.st/image/1/1.-SvYUbawVcLu5tfPpgayUcnxV8Jo-F3Ibg.ZrigEVEEzy7jJ8a29B5Svx-rt2bL8mRtHT_xofCgplQ
7674480740	09	https://00.img.avito.st/image/1/1.1QU4fbaweewOyvvhHka8fCnde-yI1HHmjg.eAQX8PkWPMfqSzVv6monSpbr_2-lZiXAKa0lDIyVtKY
7674480740	10	https://00.img.avito.st/image/1/1.3HjAX7awcJH26PKc9BjCB9H_cpFw9nibdg.0QsD61wdIAM37zT8392AfoSZnBx7gYKb2WHVAbJcve4
2523574345	01	https://00.img.avito.st/image/1/1.N3a1GLawm5-DrxmS10gkDqS4mZ8FsZOVAw.hv5OoKlxR2lbOyZjH6r9dm1uWgBuyZaVczqNOo2fk4U
2523574345	02	https://00.img.avito.st/image/1/1.ZkJTfrawyqtlyUimEz9OPELeyKvj18Kh5Q.EWSMQLpYL7iGQTh6nypMtotLMW2zfpoA9sbVTxJTWrI
2523574345	03	https://00.img.avito.st/image/1/1.STRYSraw5d1u_WfQRmMzTUnq593o4-3X7g.rQ7x62qxFJWGAhHtXC1O6vng0LTG9tZ6CMtfsUi82kc
2523574345	04	https://00.img.avito.st/image/1/1.qIS-1LawBG2IY4Zg4oau-690Bm0OfQxnCA.PAVx7FO3G78Aulcy_AzXG5Y91ECi0I6atn-7ZRiCELk
2523574345	05	https://00.img.avito.st/image/1/1.tQUsVbawGewa4pvhSnvIfD31G-yc_BHmmg.MJluIlrHh1YDbuLL3N_7XJNfkRT7JKdjj4bcrMhuxoc
2523574345	06	https://00.img.avito.st/image/1/1.R4oN3baw62M7amluD8hZ9Rx96WO9dONpuw.quhuGnNkCd6ydkTWeApC-kWFGebwK2iT8yJqZ84FVQQ
2523574345	07	https://00.img.avito.st/image/1/1.oZZYUrawDX9u5Y9yFmjR7EnyD3_o-wV17g.dWRLGRnSv2ux9MNwjcLOed8sajl2pok9UKR0LprNQ9g
2523574345	08	https://00.img.avito.st/image/1/1.8mZo_LawXo9eS9yCAMu6HHlcXI_YVVaF3g.lWXBNL4qAa8YJBzXePgf9w74TvnpDDDsP7nmFe2938I
2523574345	09	https://00.img.avito.st/image/1/1.3p9rCrawcnZdvfB7Ww3y4XqqcHbbo3p83Q.6Mr1vP1UHeADgRZSLY4ECDzgvcbiV54KLR_8U2qD1pg
7994197561	01	https://00.img.avito.st/image/1/1.wz6NGrawb9e7re3ah2nRRpy6bdc9s2fdOw.p6XN-PN-r35o0GLhhsmiMbxSTmZ5m1VgFzBKndXvDi8
7994197561	02	https://00.img.avito.st/image/1/1.RQ1Zgraw6eRvNWvpX6cDd0gi6-TpK-Hu7w.DHOa9yKNQ8LkQGJ0AU-_dpkhhWiSeaS5AfpfUsVB-wM
7994197561	03	https://00.img.avito.st/image/1/1.51ARurawS7knDcm0U92cKQAaSbmhE0Ozpw.esf4M3nceiXc49Eqb4eYxFagXPBYD3tVQBwMzkdUnU8
7994197561	04	https://00.img.avito.st/image/1/1.lNGN1LawODi7Y7o1qbqHqZx0Ojg9fTAyOw.EbqdFDBjKWOD-FJrjy1Whs_GOyGk_ucbJOGZ0NlkRGo
7994197561	05	https://00.img.avito.st/image/1/1.01cZOLawf74vj_2zMx-fLQiYfb6pkXe0rw.GMMHcmtVNW39h-q7xOqnUwgo4Lik-W6pm0Po4PeO2tQ
7994197561	06	https://00.img.avito.st/image/1/1.djYKobaw2t88FljSavxxSRsB2N-6CNLVvA.N9m5YsY_Wal2XntUpokmnyEQQJ5X8XycNs9lS4VAwT4
7994197561	07	https://00.img.avito.st/image/1/1.CQVoubawpexeDifhdrkPenkZp-zYEK3m3g.XwOzz_nuEkhAkA8Vmvqw_yV8W1DU-58ep7AQ-60OINM
7994197561	08	https://00.img.avito.st/image/1/1.zQXJbbawYez_2uPh317VfdjNY-x5xGnmfw.RRMHJa8e5rMLrpvkjFeFs4N-dSimjylLjwA3BZiggL0
7994197561	09	https://00.img.avito.st/image/1/1.dQXGnbaw2ezwKlvhoNRifdc92-x2NNHmcA.Yesy2ipBGTZUxDcOQN7AHXTeO1XwmdNBcwm8X3asKLM
7994197561	10	https://00.img.avito.st/image/1/1.x4Z1GLawa29Dr-lid0uX-WS4aW_FsWNlww.JNGeppdkbdkTKAbbsbNP2jfpbAbRpCsMhUWetXyh6Fo
2618920288	01	https://00.img.avito.st/image/1/1.aQykzbawxeWSekfo-oh_dLVtx-UUZM3vEg.gXEb-x5AoiH7FJTdPY11BrjYYHlYrq2ytfhfdF3RI5k
2618920288	02	https://00.img.avito.st/image/1/1.GPQB17awtB03YDYQPft8jRB3th2xfrwXtw.qQzLliEHZ6oInYcj9F99uTWoiOFLcz5WiG2tvN8mHL0
2618920288	03	https://00.img.avito.st/image/1/1.M2ptFLawn4Nbox2OB3g0FXy0nYPdvZeJ2w.HkIw6hg52UD3W0UCbFO_iyfgLkdL62AyJa2WgBumrVw
2618920288	04	https://00.img.avito.st/image/1/1.7R1YJbawQfRuksP5DgqMZEmFQ_TojEn-7g.JdflXilv-jQk5z7DcncqGwE1K-9_CXteoR3OMMOLnSg
2618920288	05	https://00.img.avito.st/image/1/1.N3UdGLawm5wrrxmRfxgqDQy4mZytsZOWqw.JhCgVnhjyNLrFd30quai4zM2zz3AWewWuXq2Gte0U60
2618920288	06	https://00.img.avito.st/image/1/1.IFzZg7awjLXvNA64ld8jI8gjjrVpKoS_bw.RxyrP0Pz2Bj5nHXhx-q1q4jwhiJV0C86nzzMMsKMPzM
2618920288	07	https://00.img.avito.st/image/1/1.rjZS17awAt9kYIDSAtHqTEN3AN_ifgrV5A.ynMVnN3ggXBrRm2BwGKbDF2pCe61PoebYJ4MgB_8aPc
2618920288	08	https://00.img.avito.st/image/1/1.6zAAcrawR9k2xcXUWh24TxHSRdmw20_Ttg.qrQxFE86VMPDBOpVpw_ZH3Dxf3F7L2r0C6zofMk2ExA
2618920288	09	https://00.img.avito.st/image/1/1.DITAULawoG325yJg1GgN-9Hwom1w-ahndg.ldKS2fdqK8lLm3QtmRC78IWyLrtKZtFnRMBr_FYsFqw
2618920288	10	https://00.img.avito.st/image/1/1.WjB5zraw9tlPeXTUQcNaT2hu9NnJZ_7Tzw.GjQgYU8-mnlmhpDvFlh1J8M2NFdQgZwxlB8G-NUEin0
8204081295	01	https://00.img.avito.st/image/1/1.IN38XLawjDTK6w45sHgY6-38jjRM9YQ-Sg.c019Hq7ix2zZpKGBbnUAj4H_CXR6Sd05uxqafJ87bEs
8204081295	02	https://00.img.avito.st/image/1/1.3zgEvbawc9EyCvHcNs7DDBUdcdG0FHvbsg.4uXC7CPfvpXyfzX5LyHUtB_pjBWlt-am8wSr_gGssF0
8204081295	03	https://00.img.avito.st/image/1/1.g9DpM7awLznfhK0042GA2_iTLTlZmiczXw.GRFzyfp0FWRbBhIhwO_Aspe2AA5ejjM-cT_ZiS2pMUU
8204081295	04	https://00.img.avito.st/image/1/1.LBd9yLawgP5LfwLzKdQyHGxogv7NYYj0yw.K46B4eV-d3kl0sxYHXzkErDvpy89sJkb64bL72w1ZHI
8204081295	05	https://00.img.avito.st/image/1/1.XTxX1baw8dVhYnPYYbhbN0Z189XnfPnf4Q.dBZ7E67oqoghYfv8sSe-qgZoxWJrrIlzwBO93kVeOBk
8204081295	06	https://00.img.avito.st/image/1/1.JEjSnLawiKHkKwqslug8fMM8iqFiNYCrZA.qeLCW3FKJirYqxxyPfsVwt-d6y0Xj-hrKpBZhiXojiY
8204081295	07	https://00.img.avito.st/image/1/1.EB31crawvPTDxT752ToNKeTSvvRF27T-Qw.y8202uBjt3BTKRpsYdHGo6qMmt9UWTLw38Vrzy7LY3U
8204081295	08	https://00.img.avito.st/image/1/1.0ntF_rawfpJzSfyfbf3MT1RefJL1V3aY8w.Ed4qtSBbnlFduoRtEBQarm0WierJaHnhwWjqoCXltRc
8204081295	09	https://00.img.avito.st/image/1/1.pNVZx7awCDxvcIoxHf2-4UhnCjzpbgA27w.6KvT1vmvu4keFaBZWG7P3gMaOKvF_o9t-5V8q3WeIfw
2267069879	01	https://00.img.avito.st/image/1/1.NcVgTLawmSxW-xshBnB8v3HsmyzQ5ZEm1g.w5jTkR-2uS0YYVJQ05QMnSNS7JxTs04ge0jpY9DaE4Y
2267069879	02	https://00.img.avito.st/image/1/1.0T8HTbawfdYx-v_bKRb9QRbtf9a35HXcsQ.BJCoVOlydLDnMQY5mdyiz5i0hqauUmREj0Ws0S9-Bzg
2267069879	03	https://00.img.avito.st/image/1/1._01JGLawU6R_r9GpOzODNFi4UaT5sVuu_w.btyWEXKV1pmeMXnWpPAWTuhqH1OS0MkRg-X2iAL6Y8E
2267069879	04	https://00.img.avito.st/image/1/1.RNTBm7aw6D33LGowxfJTrNA76j1xMuA3dw.HTO2DSw-TspZV3TvLmHfGhB0ruAtC1hzDDTZ5PJoCao
2267069879	05	https://00.img.avito.st/image/1/1.AjXp3rawrtzfaSzR4dZKT_h-rNxZd6bWXw.GIsFgCKkBTnWSvHbpMFzcA6u3i0Xcss3MIjxlnylJXc
2267069879	06	https://00.img.avito.st/image/1/1.LadgTrawgU5W-QNDNnIG2XHug07Q54lE1g.QHNVRStIw8B4UbNTM2OtWis2rFEpKmhmeOmJxsf7IbQ
2267069879	07	https://00.img.avito.st/image/1/1.RpJrRraw6ntd8Wh2a3cK6Hrm6Hvb7-Jx3Q.tPmP5QR8t4W2PZjIDuQG4uqA5qAg2aSYW5Cr0e2eo4o
2267069879	08	https://00.img.avito.st/image/1/1.tQU0DbawGewCupvhUg_QfCWtG-yEpBHmgg.--K3-oHRc64gqAR_6-wV96k7FMGwdMk_pmoRbDpjBN4
7706629095	01	https://00.img.avito.st/image/1/1.8sZohbawXi9eMtwiANqGvHklXC_YLFYl3g.ej1P2e457w95B_QYQMJzLW6RZ8RmNwQ3OwlALxSdfAY
7706629095	02	https://00.img.avito.st/image/1/1.uJzPpbawFHX5EpZ4s5f_5t4FFnV_DBx_eQ.vvRKP8-FZiicQsM2e3g4HIjHsyE50E5B3Ow74VlTzFE
7706629095	03	https://00.img.avito.st/image/1/1.ifbYUbawJR_u5qcSxm_PjMnxJx9o-C0Vbg.4jyjw1cwqdhFp8WnPgILvqAQA4zFVauYnl8G514NoYY
7706629095	04	https://00.img.avito.st/image/1/1.MErB27awnKP3bB6urZtDMNB7nqNxcpSpdw.oYpoC8h6LW-jBk1q8yGZ8-KPDuLV80UvSgaBDZlYiDI
7706629095	05	https://00.img.avito.st/image/1/1.SBcB0Law5P43Z2bzHc1QbxBw5v6xeez0tw.LFvdZmpWSq1SJEilSLt2ZIyiiNQJPd7cPyY40SLK350
7706629095	06	https://00.img.avito.st/image/1/1.vsprH7awEiNdqJAuG024tXq_ECPbthop3Q.lWM_sM1uMAUC9TGlZg4NVK_7JuVksSj8Vjnf0QxoaOE
7706629095	07	https://00.img.avito.st/image/1/1.LiTVfrawgs3jyQDAhSYyXMTegM1l14rHYw.do-T2cou8BXzwxzKnEMaOjxqftxWChgXh1TWvhAweqY
7706629095	08	https://00.img.avito.st/image/1/1.JuNrc7awigpdxAgHKwdBmnrTiArb2oIA3Q.JpCPdsbMqLhQfsHhbdETnW-rOOqvcDWXWtEHGN_6_xk
2235822925	01	https://00.img.avito.st/image/1/1.Y6GNH7awz0i7qE1Fxw4W25y_zUg9tsdCOw.B5eie5vLaDEAugH2TXg1ZfywFXa2lJIT76SGQnw0AVs
2235822925	02	https://00.img.avito.st/image/1/1.-Q7YS7awVefu_NfqpjSQd8nrV-do4l3tbg.nn16ocC2SYdhKP9uGYhKyJd7ch2oVH2r50J7DiTYNv0
2235822925	03	https://00.img.avito.st/image/1/1.B1DO7rawq7n4WSm0zKIBL99Oqbl-R6OzeA.LVBrr7g9OTHHbClXDKh0INdWA8IDLTLGr2pRW86bmF4
2235822925	04	https://00.img.avito.st/image/1/1.djZmzraw2t9QeVjSBq8ST3du2N_WZ9LV0A.Z4EqHfUghBtCN2tIs8z9-TTFoRntpy5RA7C5LCytXXY
2235822925	05	https://00.img.avito.st/image/1/1.IJzOOrawjHX4jQ54gnpU5t-ajnV-k4R_eA.cMrZfsxg428CphgBv-XuCS2qCwgv78ZMYUiG8TSwQd8
2235822925	06	https://00.img.avito.st/image/1/1.M1oNFLawn7M7ox2-Z3Q4JRy0nbO9vZe5uw.Lq3hMZ_ZYGF2YEgFc0CZZpWXenKL_Qhthlt0nhNIyL8
2235822925	07	https://00.img.avito.st/image/1/1.XJz26Law8HXAX3J4wvU75edI8nVGQfh_QA.dfw4Y3tChkI7KlULGeJ-q3552JdVfgyMRb1ujFD60wc
2235822925	08	https://00.img.avito.st/image/1/1.Z3UnGLawy5wRr0mRZW16DTa4yZyXscOWkQ.XHyopWcHVGYfrIRfJ6Dls6vAJNmFmQF27-unSSDcGxA
2235822925	09	https://00.img.avito.st/image/1/1.cjEgrraw3tgWGVzVSPteTzEO3NiQB9bSlg.QLTZilhLuv6QnHzOwVdOdO9yUm7q3-WAWaY9YoJdCfk
2235822925	10	https://00.img.avito.st/image/1/1.6FzZobawRLXvFsa4hd7vI8gBRrVpCEy_bw.CI2kkt1z2csc0ghCH7BioTK5izKXbVxLZXaa9rIAE7A
1883734701	01	https://00.img.avito.st/image/1/1.5J1AyLawSHR2f8p5BPfv4lFoSnTwYUB-9g._Bzr5B1hYW0B5nRixL3mXDEl7DzuAfqq1pdY6nmffSE
1883734701	02	https://00.img.avito.st/image/1/1.0jdEnrawft5yKfzTbMXMT1U-fN70N3bU8g.I087Qfl3VM1pXKNsYzGpNmwQjS9Lr1b4oqp4NVUx92E
1883734701	03	https://00.img.avito.st/image/1/1.EAndg7awvODrND7t8dsTN4YivuBtKrTqaw.Mo30BjyMEQ1vhOsEaPavrf622hpM2XHgti2Xh_oEthQ
1883734701	04	https://00.img.avito.st/image/1/1.cJMpFLaw3Hofo153RTkE6Ti03nqZvdRwnw.lTQ5OknFi8MHaiezbOG6p8mYtF1GMe0Iiihewciogw0
1883734701	05	https://00.img.avito.st/image/1/1.CFzbRrawpLXt8Sa4x0pTI8rmprVr76y_bQ.obgwoRIqO4PM9wHqBJNDBy1fW3aX_UoX1vkHStDVK24
1883734701	06	https://00.img.avito.st/image/1/1.cjax3raw3t-HaVzS2dcWT6B-3N8Bd9bVBw.mClZ4QnutGbpGXY7IJx8mwQFuCUQ1UlOR7fzOWxZE3U
2683603610	01	https://00.img.avito.st/image/1/1.m1fsuLawN77aD7Wz1q7qLf0YNb5cET-0Wg.6qxHzOa9Vou_XGUqzhSd4Gta_wRhJRUntSlSbaORYcc
2683603610	02	https://00.img.avito.st/image/1/1.TyBpGLaw48lfr2HEe3EHWni44cnZsevD3w.ccCG9XXAlksuzAN3WBrKT_NenHNngB5q2DDdmh2YEW4
2683603610	03	https://00.img.avito.st/image/1/1.zjZUb7awYt9i2ODSRAi_TEXPYN_kxmrV4g.j5IDe08kpe8gJSj4FNSUAGZNmHjB0lWAaoeEW5UXcfY
2683603610	04	https://00.img.avito.st/image/1/1.S1ZNH7aw5797qGWyV3YDLFy_5b_9tu-1-w.h5VNOqhJ7kDyhh-F7oDXXl8S1zaPJ-Wu6eH6Krfijgw
2683603610	05	https://00.img.avito.st/image/1/1.N3U_GLawm5wJrxmRXVwqDS64mZyPsZOWiQ.6o3M7Za3c63tbx0qY315DJPqp8OTP6TLFUkzI6dXEBc
2683603610	06	https://00.img.avito.st/image/1/1.S8zNFraw5yX7oWUo1y9lsty25SV9v-8vew.TI8B_8-RQISqxJtmOZXWcQGv5_AfNuE1WZytKJD64zY
2683603610	07	https://00.img.avito.st/image/1/1.ZBt51bawyPJPYkr_PcxiZGh1yvLJfMD4zw.I5jIIElR9EPVR9agBinwW0uWxUydebjsOudatzyXV98
2683603610	08	https://00.img.avito.st/image/1/1.5jYKG7awSt88rMjSSizkSRu7SN-6skLVvA.GJq5OTDvNnDbntcvx_LnrBGq5RaZKtKRvFiuYhMk3us
4314657910	01	https://00.img.avito.st/image/1/1.FrxrHLawulVdqzhYSxQLw3q8uFXbtbJf3Q.ll_ZygBV2gScwgadDpLpSW2IgybTcs-FyV-RglsdSIE
4314657910	02	https://00.img.avito.st/image/1/1.8YVpMLawXWxfh99hB3_v-niQX2zZmVVm3w.tllJm5H4DXtumDu8-qFgAlCHM8z7IqPUpsNLJrEbDz4
4314657910	03	https://00.img.avito.st/image/1/1.yLEwAbawZFgGtuZVLD7_g2ugZliAqGxShg.mb--Y2BIBJdVezqy1tr_71PP21BqD-eJRm3OVtxGTCA
4314657910	04	https://00.img.avito.st/image/1/1.TXagTbaw4Z-W-mOSthA3D7Ht458Q5OmVFg.X2XEYF7CMs0-q6v6Sf6_xrfWNtMyteAX-hdidYZgfVI
4314657910	05	https://00.img.avito.st/image/1/1.mGGl_7awNIiTSLaFmZ29Z4FfNogVVjyCEw.ZTdmywCl5PLajSHFVRiJEYmukTy19DSn-ied6WcftyY
4314657910	06	https://00.img.avito.st/image/1/1.dJ1t8Law2HRbR1p5CfUl4nxQ2nTdWdB-2w.L55IJWrbf977IpxWZ-DwuuBxuYGAvOoVVZr4j-S9fTE
4314657910	07	https://00.img.avito.st/image/1/1.mTXSTbawNdzk-rfR7D-YSsPtN9xi5D3WZA.SlJhPjCbhmGNrieiy9luByZ1rpnybv-mfPEbSIK5cro
4314657910	08	https://00.img.avito.st/image/1/1.hIjB7rawKGH3Wapsxdj58dBOKmFxRyBrdw.k2QA_e0q_HAvSQacvqY1Q9xOqLms7edpmB3Csb69yaQ
4314657910	09	https://00.img.avito.st/image/1/1.pZMITbawCXo--ot3Tke66xntC3q45AFwvg.M-ceAeKd9S4rdWgrorsrfL3W0i-_NOi737_kklPzlPA
2235709004	01	https://00.img.avito.st/image/1/1.GttLfrawtjJ9yTQ_cxZlolretDL71744_Q.KdOkqWQz1hRfrUNJYq9awW4n1k1sY4e89fKajVZTOsA
2235709004	02	https://00.img.avito.st/image/1/1.-ZnYfbawVXDuytd9pjr55sndV3Bo1F16bg.-k3f6ua5YkSPBTrwBNY0QZc57BDC0-uSPIQvEochCl8
2235709004	03	https://00.img.avito.st/image/1/1.yT9PzbawZdZ5eufbUdLhQV5tZ9b_ZG3c-Q.VMWZqhft5G00luroZeDSafvGe_iNQMDrJqDorD5rn-o
2235709004	04	https://00.img.avito.st/image/1/1.z1DlRrawY7nT8eG091nnLvTmYblV72uzUw.3raJzoxn1di_U_MWM6iPribPfMQY89WxWRwfwu-hKFY
2235709004	05	https://00.img.avito.st/image/1/1.mjXtbrawNtzb2bTR1UjQT_zONNxdxz7WWw.axbHO-uqWVJVIHoNK5oFBqLDogXJpuV97bLdFTrDYlg
2235709004	06	https://00.img.avito.st/image/1/1.-VRYfLawVb1uy9ewJlflK0ncV73o1V237g.AG6w-ZMMDaJe0NsJjpyDnDlYZmEsKN91EybqaTfsgf8
2235709004	07	https://00.img.avito.st/image/1/1.xV_gTrawabbW-eu75jGWIPHua7ZQ52G8Vg.0rUKHzXpiL_LLoc38IPNehPYmGYyA_iYwYlSxBb8gYo
2587295050	01	https://00.img.avito.st/image/1/1.O1G1eLawl7iDzxW1z1RcKKTYlbgF0Z-yAw.RXIzyB6mh4uYCJTRd1vAOIAD-NjJIKXSusaGAzotCqk
2587295050	02	https://00.img.avito.st/image/1/1.SuyLfraw5gW9yWQIk2culZre5AU71-4PPQ.yTodsznMQmGsZ3FUwDgb8EiGFnXhMl6itB5iEjlGdkw
2587295050	03	https://00.img.avito.st/image/1/1.v6iloLawE0GTF5FM1_LVlP4BEUEVCRtLEw.2EVwhxlT6pnKW7PMgQ-xQ5mKxABZ7uuyy8qoyh79xrs
2587295050	04	https://00.img.avito.st/image/1/1.OIYT1LawlG8lYxZib9Rr-QJ0lm-jfZxlpQ.p-BQnC056SVrRk9F7UgFVyAlDDva57zhC252pZN-VAg
2587295050	05	https://00.img.avito.st/image/1/1.z1DNjrawY7n7OeG034HEL9wuYbl9J2uzew.NiU2u6yewEAlAeylSO51xpyWsVOfBA5jmt17C_dxbgM
2587295050	06	https://00.img.avito.st/image/1/1.W1wwWLaw97UG73W4ClFdIyH49bWA8f-_hg.d-9q43f-X6FA8rY8LVoQascKXU-5vmYBsX7u8Ey2vTk
2587295050	07	https://00.img.avito.st/image/1/1.kFRBzrawPL13eb6wbeTAK1BuPr3xZzS39w.TQZawAIaxm60c0t2yLqeDBotN-TlFCeFlA_D7j-eoGA
2587295050	08	https://00.img.avito.st/image/1/1.9ltrbLawWrJd29i_C3vsI3rMWLLbxVK43Q.VB3MRJxxtUKyanb3u9NsFdKUUFpfQY9F-ROBA_2y2jQ
2587295050	09	https://00.img.avito.st/image/1/1.IBzCvbawjPX0Cg74joVEZdMdjvVyFIT_dA._UWhy4_8FOxn9LECoWTSiOW1aFnvqmPCdFylJ7SrkvI
2587295050	10	https://00.img.avito.st/image/1/1.cJ-f1Law3HapY15785US5o503nYvfdR8KQ.4G3e2Ewu2f9bNmjTqyK0Kz1W0GIXa6k5sDARyniMlMw
4314737033	01	https://00.img.avito.st/image/1/1.qIRslLawBG1aI4ZgMOK0-300Bm3cPQxn2g.m_S_bsCQi7kaO8LXVmzHizDTIqJruv1UPqA9caZQ1hM
